parent_asin	verified_reviews_365d
B07K34RX5J	1
B07KCFS4VC	13
B08VDM4G8B	27
B095PZG4SR	55
B08LDFVQXV	1
B0962JJFML	0
B09QZSCJ5D	0
B0BG9RPKPP	15
B08X6CZS6R	228
B07QMS8TX8	87
B0BNMLPZCB	16
B075R22Y5X	101
B07NLJ6WM8	1
B07RQSN383	57
B0BM7477G1	62
B0BHDTSL6K	4
B0083VPQBQ	0
B08MBM15JB	164
B086251Z5P	1
B0BZWZSM7D	700
B07GXPPBVB	15
B08MDRTL62	44
B08SBT4WF1	69
B08XBKDH2N	5
B096HSB13N	25
B075SYJ8M2	9
B01NBPCYI3	0
B088BLB7MN	7
B088QF5G58	258
B01LNRDTQA	0
B07YGRH855	13
B07H34Z5V6	162
B08TG8JRDZ	3
B082FG7LFW	124
B0B611JGLD	8
B0933PB1NY	7
B07FDB7GMZ	180
B07G4W83Y8	335
B08V8CXHKT	7
B0B5ZP4V7D	9
B07KVRGVLW	38
B08ZJWTCDR	486
B0BXRP67F5	5
B0C5RK52ML	7
B07LBFCFB4	6
B07PH33837	45
B00UG8ZH2C	120
B0B45WQNSC	103
B0BKNQ4L1P	261
B0BGNR61V1	21
B00MH331BI	332
B093R14VP1	104
B0BW9JYZS9	46
B00BCHDM14	76
B09NNXKKG7	695
B07K4FX4WZ	183
B07ZXYSDB1	16
B01INXF758	0
B0B7J5CBDK	59
B09X36FBL8	3
B0BK71DBH2	0
B09RZSB9M4	97
B09QHC6T6N	460
B08Y8ZJJC1	131
B0735V67KT	339
B0C5TKHCRK	51
B07F2QVFBZ	0
B0058BKXP8	0
B0BRXPDGDC	13
B08GPJY45B	0
B07MZS3MTQ	9
B07BVBJX79	0
B098CPN9MK	3
B094NC7LGG	7
B09MKL5TBK	36
B085RX192V	32
B0BM9LZNJB	8
B0BLRY959B	52
B07S7CWLPQ	28
B00UP6AG6W	0
B0794VPVBH	566
B08WNSM4KN	201
B07GJXPGC9	2
B07CNJMCMF	17
B0BXXH77N8	158
B094S49FB2	5
B083G34TB8	41
B09PBRSYYQ	11
B09PZH1MRM	16
B072F2ZSKS	1
B00IMV2YR6	0
B091F4M4W1	20
B08KHF1G8R	2
B08JKBXWT1	2
B07KR1YDV4	25
B0BFS2LF46	166
B08GKQBFLN	25
B001AEIKJ8	0
B09HT6W76Q	1
B089GGGX1C	1
B008U7KRBW	383
B000MXB6NA	13
B09TYMKX6L	21
B08MX457SY	12
B07W4CFNFG	87
B0BR1RM8BS	274
B08P3YBW2V	1104
B07Z2KSZR3	59
B09MVF4SDH	492
B07BBH2R9M	68
B07XZ9RDG8	14
B07VXRB6NG	223
B08VPRCD79	53
B010XD6XT0	0
B07B4NNL91	10
B0BGJ85RYM	201
B0BLGLR7TP	0
B0B4D3YNXP	20
B09V5RTXG9	541
B01MQUDPPO	99
B08DCWH1DT	31
B08HSJ6764	1
B00DEJI6GE	22
B0C7PVY6C5	3
B07JZHGCD6	13
B093P3MCWT	305
B095C241VH	0
B07TVHSDMQ	41562
B01LX6PUH7	0
B0954QMP4D	33
B093X5TG3L	0
B07H7DR73T	1
B08PKRFP6K	30
B09G9BXJZM	58
B07D27WMB6	69
B08B8JXJ8F	0
B09L5KY5CH	17
B0BG21X73H	3
B08QT8FSFQ	13
B0749967DB	52
B07PRSF6QY	22
B0C3MYXFPL	27
B09J22MQ55	1
B08S3V99RN	20
B0BQC2NRG2	442
B006IUT6TC	0
B07Q2CTPD7	0
B011LTPIQO	57
B08DMYYBCH	1
B096WW7MXD	173
B09BKN2R4B	9
B07CHD2GJD	12
B09875V3SL	101
B09QM6BZ99	70
B07H7BWMQF	113
B0721R3422	4
B006ZNIASU	0
B07PFRTVJF	0
B077JXNCPW	18
B0BQ32FHW4	232
B07JJPBLMR	42
B0C5XBLB2P	56
B07P7YTDFX	0
B07WK5D8T9	144
B085X84YJD	48
B0C246QRQS	357
B09JW1MFZN	0
B077NNK5YZ	0
B01789QZB8	89
B07JMSHFKW	6
B08D222F93	271
B08548KQG6	18
B086YMXTQL	130
B07NK3N6WT	124
B071WPG92J	75
B09BB4X8ZY	49
B0B3QWH5LH	7
B077T7P7BM	80
B07CY1TLPK	0
B07C86S5N2	40
B0C19S5XH1	173
B09NDYN893	3
B00O8Z994Q	0
B087CP31XD	1
B01AUGSCN0	0
B07NZZGR2D	18
B0C3NP8B1B	90
B083QRC2DF	37
B0B5SSB8HD	8
B08CQ8GSXW	7
B08W25GBD8	0
B09N76ZKV1	2
B07Z6J5N6Y	1921
B07K57PLQS	0
B0C62MF2HV	231
B0B6TPKVHX	18
B09XT5HRBD	20
B07KZSDPCJ	0
B074G1JP8Z	144
B0746GX94R	102
B0B4WP4H23	14
B09BFDBRNW	177
B097C1Q6P3	180
B09MS39911	3
B0BVFNRYFP	260
B07CS9CG1Q	885
B06Y5SB28W	88
B0987TPD3B	17
B07887QD7Q	0
B08Q4MMMK9	14
B0BHPR49M8	53
B0C6TT7L94	26
B0BNP1RZ2W	434
B0B2RF64YD	249
B00E7ONSWC	3
B07KWVHFCY	95
B08VQGWGML	1
B07XPLHXC1	178
B086HXJ2GY	37
B09TZNPKQ3	140
B01HJA0W24	32
B07B5RGY2N	230
B0B97JNGGY	233
B07Y4WKK7Q	30
B0829R9M5G	472
B07TQ89ZQ9	34
B0C3B3B2VM	83
B096B6CXWG	567
B0C1KNGLPX	224
B07BT8JY7W	11
B004QMSTGA	147
B07X7KPTKF	4
B0C6YL7XCZ	1
B013R5RWV4	12
B07KQ4PF54	13
B08RLM4WHP	0
B072VN8TV8	19
B07PW4T128	0
B077XJBJVP	2
B075LPBBP6	54
B0C5RLJDSF	832
B07HQJJLQP	106
B08WZ4Z457	10
B07VG1LQJC	121
B09GF1RWH5	67
B07S8NW7PV	0
B0B89SD66J	115
B08HCP9YTV	86
B09S11CHMC	26
B09N8SYG7Q	1260
B0869GF5L9	6
B097NZH8PX	19
B08JHW1CCH	7
B001J0HI3C	0
B096FXGVF5	158
B095RFLQRW	6
B01N67CJGX	314
B0C1ZVKCXB	17
B0BGQBLKY8	23
B09TSLQ3B5	468
B08513YB2T	5512
B0871W41JG	317
B09DCLDB53	357
B0C3RBVYJP	276
B07N25CNB6	0
B07Q2MLX5N	205
B08YLGDX8R	135
B08F5GXT67	21
B0BZJG18G6	18
B09XHSLX4X	69
B0BBZYFF56	8
B06VW2DQZK	0
B0932HQKBZ	15
B074K2QX3M	45
B088M19KJ3	51
B091CXQNWP	0
B083SLLZNV	65
B093SJ5NK2	0
B0C61FG7GL	224
B01N0I8BFI	0
B08ZMK3JHL	4
B01NBQ175T	1
B091F54MWM	424
B07X9V6HZX	977
B07C2XPZ6D	92
B071VDJ554	0
B08G1WN3Z7	60
B096FNZ278	11
B00IP8BHZQ	0
B09PLBLL6H	399
B07BWH3TC9	0
B09P4N3MFF	12
B08CXZSG6L	79
B00PUBC598	1
B077276QGC	2185
B09M84R91V	103
B0831QQKSH	39
B07D8HX7TY	10
B0BJ2G3BDR	7
B087S13L3Q	63
B0128NSMQU	0
B0BTPBLGK2	23
B0C277G9FW	11
B08NZNQ69V	1
B07N7GN2K5	7
B09VD2299T	32
B07NY2HYLN	9
B09PHG92JB	47
B096DWNW67	1020
B09J1WMJDW	39
B01M71S0IB	0
B08G1YP48X	97
B01M1DW20R	99
B098352R9H	36
B01MXZT0NI	0
B0BKR754VG	140
B08MV1VVKR	484
B07NY5W3YL	0
B07F5GJJFJ	247
B07CGSLYVL	1
B07HV9WW6Q	66
B0895GRVYV	144
B06XX1P6Y2	26
B09HNJVPMH	21
B0BMKSZG5N	61
B0042A809W	0
B073DYJ2V1	320
B092CBBPTV	0
B0B6N6TJ6V	36
B083TLNBGW	52
B0B9WRWVBK	10
B0B2DXWVW9	93
B07VFPS68P	221
B0872MMQ1L	0
B08DTW7C7G	25
B09MSY8926	66
B0BXMCZLZV	335
B07XHHD78J	10
B0917H9CPN	191
B093QSBV8K	1
B08DVFHHS9	1
B0767XVSMV	8
B01KTOS6DY	0
B08YJ8BV6P	3
B07JL2C7LV	2
B08VWZBYPY	120
B09NMYN81X	40
B097ZVM2RQ	42
B0873CNY44	100
B07F8P5BNM	41
B077JDSZ27	58
B0BY2KGLW8	63
B09B1Q8X57	34
B01MSNGOMO	26
B07Q2CRDLC	4
B0BFRMX3JG	35
B09QL1HC8V	1
B07HJ8YS8Z	0
B07T2F348B	6
B0BH113WW9	1365
B08678QV6Z	13
B08SQ38HVZ	1
B07JH72TND	74
B094BZMRLZ	95
B09K7BT774	1
B07BC4R1PB	0
B00L5YKFA0	172
B0B9BCGVMH	1
B07HMGBWCS	0
B09NCXHNKF	2
B01N428XNC	0
B0BGJ81PNQ	119
B075ZPJ8JY	0
B07DRBYZLD	1
B07B3X7MZG	2
B0BG4G4R72	182
B007FO4SYS	2
B09H227YL1	18
B0B19838BK	96
B08SM2QZYW	11
B0BQBWZXPC	36
B01LZT0FTN	1
B0C31KQH8P	442
B08G1N5KS1	339
B082QZZQYK	0
B0C34BPMH5	41
B09MCJ6CXW	1
B085W27C7N	23
B0C4Q394KD	46
B083TP77QV	2
B082QN637V	31
B08CVGMSFW	0
B09M72C8PG	142
B095WGCF79	1
B07RLF89X5	13
B08QM9YNQL	60
B07RCBGWQT	0
B07L62NK4F	0
B07JVKFDYW	234
B081FSGL5S	0
B09FPQCD67	79
B09P81G2K9	68
B0BT158RRR	45
B0B2QKGJWT	1
B07MNMNQDP	25
B00IHW88W0	89
B0BY2J9B43	134
B09M5XXWR3	73
B01DYHXCXW	39
B0858VDFDW	59
B07NPV5F1L	0
B074KJ49F2	247
B009UQC8LY	7
B07QN83S6J	0
B0B2KK4V2W	84
B08SH8GF6K	21
B00774KF9S	0
B09WHWTQ7X	1
B0BNH6H664	63
B00JOL1H0I	0
B0912MMSQS	76
B01N6SUV8K	0
B09MK2LZ5V	95
B0BJVWCSKQ	220
B08WKZNFG2	565
B08F5G843H	122
B07MHQQYR8	9
B086M9GWLG	0
B097XXP5MC	165
B07N1624C5	283
B09YT8R9P2	36
B014M2HCO8	0
B07VCQT55H	68
B0BKGJGZ2X	21
B07YXZGY2X	0
B08ZCRPDL5	0
B01KPFK9ZA	12
B07BMJ77FR	76
B00J9C5X3E	42
B01NBMNI18	0
B08LQYH12T	0
B01BCEQ0K6	0
B08M3GR8DV	14
B076VQQ962	474
B077MQ5V76	0
B08FFGQF72	164
B0929KL5W7	1142
B09WR1NZ48	120
B086HP22C1	2
B074L8H321	0
B06WVDY38N	0
B0834T68X3	638
B077SRKXZR	26
B07N6NK4CS	8
B099PML187	10
B017DWEZV2	1
B07BCP8DG5	13
B0B3RC268V	66
B0BB7MV494	48
B08HPMYP8G	0
B0BNWG21CL	1
B09NVHV6D1	7
B01DJ659UM	26
B07N9B8LFS	7
B09VRSZ81X	22
B08ZKFD4GM	671
B0BFDSYQPP	14
B08T65HDWX	18
B00KT12VJI	0
B0BHCVFKG1	68
B0BFV7LR3F	155
B07MTGHP4T	0
B01IAFV4EC	0
B074CSP7LV	181
B09S9Q3KBG	0
B09GJRC2S9	8
B07K6GKCQ9	14
B015K51VPM	79
B016OM0IVI	0
B07PVFXG4S	11
B09YCZSKRY	193
B00NIQ2NO4	0
B08XYYPBC9	0
B07L7M66MQ	25
B0BWRTCHMG	26
B07VMTLL26	129
B07NZ4YQ3F	37
B08GYHV8XQ	80
B07SQSFLWK	24
B08L13LJ5M	445
B07JPLHZPY	1
B0C4VLWWYY	253
B085DF9WL7	0
B0B4BRW7JT	108
B07HNXZG3M	6
B07XT6PLTB	901
B0C1582KYJ	455
B081VSN1QP	58
B0883VHCMN	15
B07XD12SCC	91
B09JVB9G5P	10
B08RRV3GPS	0
B081K9HCJ4	121
B071RG3CCH	124
B07PRVKWJG	51
B07H5QK5JM	0
B0B6T154HC	110
B08975T43L	227
B098F3TKNG	2
B0BQDTGHMZ	411
B08P58ZXLR	8
B08GPGX2QG	656
B0C65TFM9F	252
B09X472KHQ	13
B0711QBT8X	37
B0B6DF75NR	33
B016KJE6FE	0
B07PH3X7QK	274
B096KRMSQY	24
B08R61K9B9	142
B097FV5249	28
B08RWFJMKS	47
B07F2XGDP5	45
B07JDRDVYZ	1
B07XWDJ7PL	22
B0771TJYV5	30
B07THT4G8N	113
B07G5QX7FV	56
B07H253XTD	45
B076BB3LM8	85
B091DSJ7CW	2
B07ZFBQ76H	18
B07B3JDDM5	13
B07QRW6JL1	52
B09NPTBL3V	2
B094DCVP8Q	109
B00Y0NG5OS	17
B08K4P35FB	0
B08V4GZBDV	41
B09BN8WM1T	14
B09FD49FYP	10
B00Y1DU8U4	2
B0B55WVVYD	26
B0BR4PLQGN	318
B09KTSK8BK	10
B0B9ZYDDZ1	1127
B0B18JW3WH	0
B07F736NS8	1
B079MSN9X3	95
B07RJTN4CS	532
B09F3QLYHD	31
B07VYGB7M6	6
B0BYVQYLHR	246
B07MYVS3F6	57
B07BLNDH2D	2
B0B53H6J51	276
B0BC7RYD2M	36
B0991FQTNP	10
B07QPM54V7	167
B08M3WKDFJ	152
B09Q7G1MMW	91
B07H5QHKRZ	7
B08L5T396R	0
B06Y45LQP3	131
B07GZBK3MV	0
B07GJJ766H	0
B0BNYK4FJX	26
B0B49MQBSK	66
B089RXP8K2	1066
B09TQFV6DW	6
B096LB9ZWR	7
B086PTRJKW	0
B084RWDBVW	13
B0B5TRZ3ZG	1
B01CFG4WP0	5
B099RV2K29	0
B07BZ6T96P	323
B07VCYFB5D	109
B09CHB7Z8L	29
B003GC10QW	0
B07B4875PX	11
B089FPCMPZ	2
B09MVGR2ZW	8
B07D94SVSB	3
B09P1TQ9BJ	0
B09ZNQ46NT	10
B07C5L3V4Y	0
B08V13PVM8	33
B016CCHJBC	0
B0BT8PMKPV	49
B07JVQXHCW	17
B08QQ3XTKX	0
B07HQ18BD4	57
B07T8CF4GW	8
B0BJ5YN2LW	80
B016P9A6GM	701
B07K2L8BMC	219
B08BWR1T58	37
B0BFLFSB2Y	66
B01I2N6GUO	2
B07PWZXZVX	264
B09DCBFKQK	27
B07YV4JXGD	0
B00O1FFXH0	23
B078TH8DX6	0
B08129JCW4	13
B0C6BL4RNN	526
B09NZN9HK5	8
B09D8NZQT7	14
B0C5XB43GG	122
B00DKW2G7A	8
B08MCH6YCV	20
B0914WCL2M	22
B07ZJDBWRW	2
B08P4SSFX4	2549
B0C2ZYPFSG	5
B0BY8NS7K2	36
B07YHBF835	106
B09C59JQCB	6
B08LFD64NT	0
B0BHQXYZCB	10
B004152IZK	0
B07TZK3GZK	34
B000EQU0NW	2
B092RF1J64	2
B08DJXX7FD	58
B0BZ5BL53L	13
B0964FMRYM	5
B07Y2ZYKRS	83
B086FPRGKM	0
B0BX2SMVG8	86
B07NJKMYDJ	55
B0BYCW1T1C	426
B08GJV6Q2K	0
B08FLYBP2J	366
B0BK3DXHMC	1
B076Z8DSTK	26
B07TVDN6JH	60
B08YN7FJC2	127
B07C2PBDQH	0
B098C1NG39	0
B017TFNYPQ	0
B0CBKVT8WQ	3
B07RY2Z8J8	1
B06X1CNL76	0
B09KLWQSZP	0
B07GWQ8BG1	57
B086Z6LTQM	1
B01HSMYV8E	83
B07PYB8F1G	1157
B006WVEKPM	2
B07XHQDJWN	108
B08K1ZJZ4N	162
B01F2PVAG0	1
B0B1DRXCCK	82
B077P883XV	0
B0B317DLVL	3
B0825RFGR9	1350
B0949GR8H9	245
B08G8BQ25X	0
B0BRS1DHVQ	385
B09JZSCRTV	0
B00UGIDBIY	28
B07357B79L	0
B08SHV7ZXM	60
B07BQK1RTD	82
B07X4YH5VT	0
B089Y37G5Y	539
B08XB8C1LT	53
B07Z9GFFBR	3
B074FW6PH3	3
B093SWWV8X	125
B09K41YGNC	0
B007AAL354	5
B089CZR8RX	39
B09FQ892TL	0
B07PGR9HSV	17
B07Q8JZLK6	45
B00ATYAM8C	0
B08G8PDQ6L	1
B0BBB4DDQ9	60
B08323WH88	68
B083TB1NDK	393
B0C614ZPK3	95
B07TWT43SP	34
B08224J2ZG	304
B07BWS4CSM	54
B082Y94NZZ	3
B086ZNJY8K	79
B09YTZ1H4D	130
B09V5CMRQX	172
B07CCLV3XP	78
B0BWLXWHNL	2
B007IH20JC	0
B097LPBJKN	1
B01L99SW78	111
B0B18HXMGV	2
B0BBWJNL9X	308
B098D763TL	2
B01H54X6CM	118
B012LBN3X6	0
B084YZKSWK	9
B07RQV71FM	7
B01C6SL1D8	121
B09FWWS612	78
B01MQ2NVHJ	0
B07Q46M2J2	187
B07KY13JHG	16
B0B64YFD9N	242
B01AAANF2Y	150
B07WPH4656	0
B095HBNHV6	0
B08134XNNB	653
B0888TLFWX	56
B0BT8T2FQ3	1136
B084TPNMG7	2
B0B6QXR6K1	14
B09NX8D6DH	12
B08ZL3FV14	54
B07VLFBWGL	31
B084BYD9KR	1
B0BF5F88VT	2
B017KTECWA	0
B09BQ74R56	128
B0B4JV4721	5
B003O696D4	19
B088GY1MK1	45
B07TWX7XY4	1
B08NVKP5HS	0
B0785RCKBT	104
B0B6NDWPD5	3
B09LV3DF8T	6
B07RWQ61F7	52
B09DYRGJMB	33
B097XNM8J8	66
B09LCH67MV	1
B07WK8T3ZB	58
B010WE6VHO	427
B075LPX32H	75
B0BKG4BQWV	147
B0BMQPVBZH	1
B09WJ18CHT	0
B0843W8YR6	8
B09H5MRRG6	1
B09FGM8Q24	0
B0C1TDJ9HZ	609
B096T2RJV6	12
B07N4GLDMB	115
B00WU0KAK8	1
B08QLZKV95	8
B016OT9D3K	412
B07PJTJB3L	0
B086BMHQDQ	74
B09GC1ZHD2	19
B075LZT3DL	0
B07HFVBK9Z	93
B01EA2P850	169
B0BN6CCHB7	1190
B094DZCZ9F	6
B0B5ZXH8Q4	10
B09PBMG996	56
B01I21CI7G	84
B08Z3YL2M4	0
B0BV6MDMXS	0
B077FRXRT4	149
B09FT7XZSV	54
B09F65TGC4	160
B0BSS36XCS	405
B09N78FT2W	11
B003WSZXPO	37
B08QN272FH	78
B01J5KHY90	1
B09QT6D6R3	137
B0C3YJMRRD	883
B075VLHTV4	67
B073X7VM3J	0
B0C4HGYDMF	49
B07XB4JF11	1
B0059HID1W	0
B07BYR6T7W	81
B07968N8ZY	41
B01MDPLAZO	17
B07V6PKCCG	52
B01FJVB44A	6
B081CML5WK	41
B0C377NMF4	558
B09J55BZJH	1
B08HJ4XLMH	75
B00DY1ER1K	24
B094YRF22D	1
B08HS712ZB	414
B09TXBS2T6	163
B07BRRVNW5	3
B07FP82KMH	6
B07JP5ZBFD	107
B08HM4K2Y4	0
B0B4W37CRS	11
B0B6CDMGVX	65
B08CTFPBN5	314
B094XKH39G	25
B007023PU8	0
B0C3KZXV4B	232
B08NJBHDXG	60
B085L58P9F	122
B07VFZ2FC2	150
B0777KNK6S	33
B09DSHJKQN	0
B07PZFRN4Z	13
B07WN8N9Q7	471
B0925BQY1H	58
B09B8B5GBY	0
B077TG914R	0
B01N44118B	17
B091YPW16C	0
B07NBPCJQG	89
B0BSQ9TCYC	1105
B07VWD9M2H	11
B0894G7J42	68
B09G2ZNZY4	132
B0C8L59GRR	23
B09J2X3PPD	1
B07Z8NTWVV	115
B06ZXW5CGP	0
B0C6BY2TSP	10
B07KHGT45H	60
B073H3GF9H	1246
B07WP1VDG9	116
B07MQR6J35	32
B00PPSR2H6	0
B00DJOVMA6	4
B07SMWH3S9	30
B07JQG3H6L	5
B00IJZZWGA	36
B07S2Y3THP	378
B07FXWWPN6	212
B08BMSXBDC	151
B07X3MGMJR	178
B09QB2NP99	1
B08C2PBJQ3	13
B09J1XLD8K	4
B08WX7ZNGL	5
B015ZQ44AK	141
B09JFFB35F	3
B06Y1M13K4	0
B08B62ZW7H	86
B07W4WJR3W	23
B07TCL7WPX	0
B07548C2JM	0
B07QPWX8FR	1
B01FRHFBZ4	0
B0C5MMSVHV	98
B07C1Q7P9L	6
B07FDNP55K	3
B0924TBGKP	48
B07L6LHFB9	13
B0BVZMQT1N	23
B09QHP674V	79
B07HHYDKK7	0
B010LVBVKA	137
B081TWX2LR	313
B07ZPFRGSF	0
B08C4SWQZL	12
B075QPB1T6	14
B09BKYS7HX	13
B08BYY2NBV	0
B079FL4NP4	80
B09XD414G4	3
B07GSVMQWZ	44
B0B87VBTT2	66
B0BGQFMD6L	281
B08NTGBDD8	316
B07HJVXBT2	74
B08FSGHLXW	2
B08WJHVY6P	70
B07PQQQ8ZL	255
B0BPRQY4CF	56
B0BWJKZ9GX	61
B08HWDR881	30
B08CGSXBW8	5
B06XGRY2CS	283
B09CGSJP81	5
B0BKL2R1WX	742
B07K8ZSJP7	2
B07VXNWQ85	13
B09DZJ5X78	17
B0BGCL426M	71
B07B92BGCW	0
B07VRYY6G4	6
B00UHLFR32	265
B07HJ18QRQ	167
B07TFNFGM2	0
B082YKRMG7	20
B007EIP8G2	0
B074XQ41ST	0
B08KKBBMMD	202
B08W4JXR19	63
B0B3V4M3JS	10
B085Y3HZV2	19
B0BKV4GGCX	83
B00ZCKRWOA	0
B00RE0FU8G	10
B0C73DSG4D	115
B0BBGHSP2S	61
B0925B1PGV	3
B0BV2C1V44	114
B07VGPCTQX	5
B01JMDOU2Y	0
B078WCYPYS	0
B087JLQF85	1
B082TXYP5R	93
B08NT3L5F8	37
B0BX5GKSXL	122
B0C4ZRQCG2	8
B0771J3JT8	55
B01H19KD36	0
B08CZ34D75	517
B08PW3W1JR	34
B09DXZYFFX	154
B09HCNNQKS	13
B08B8BKPQS	121
B07CBYYHTL	153
B09GVXYCCS	13
B07GXHPWTJ	222
B071X54486	50
B0796QP1WP	20
B06XCT31TK	68
B01H6DGA16	1
B087288YD7	0
B07CZ84YFJ	222
B01LWOGORL	106
B00E4WFMGM	0
B07KQMJL3N	0
B08DTJYQZ4	88
B08P3X9Z5M	5
B07D5M61T2	35
B07XDJX81Q	145
B08D8KKJYM	0
B07XFNGHZT	80
B00G8P3RLK	5
B07JYN599N	7
B099DMTCXV	213
B01I5DX7VW	0
B073T364MM	98
B08664M5ZF	289
B07JBN81BD	8
B06XNQSDCV	2
B0834HZQZF	44
B09NR6KTX5	224
B00NA8BVGG	1
B08L13H7SY	227
B07QQVGHGP	0
B08X2X83DW	243
B0BRS7FDPT	8
B08JK818ZD	5
B07DZCFPX7	417
B0BJBC8H4M	8
B08LRQX5RH	10
B07FHY5FHF	1
B08CKGYCM7	7
B08J3WDDH2	26
B0BXP6MG3X	123
B09YYT5KT2	73
B086BLWX9H	100
B01IAKCZEK	96
B0881ZT3GM	0
B073BDMRV4	0
B0BPCC1KBT	510
B09C5K3NJZ	5
B09X4GG71T	51
B09VXY1KCT	0
B07XJZ53PM	4
B0936ZJJ68	407
B09Z9G7HW2	121
B087LYYF4Z	7
B0B5ZS2J2W	329
B0C371CSNQ	29
B075SSSJ7G	0
B00LQ6W5BY	0
B08JW6H5GS	0
B0115NJ3J4	0
B075VMGDRR	0
B00PHJN7T0	0
B07BT11WSV	0
B0018MQ7K6	0
B07D7Z72DR	0
B07Y2FP9RF	0
B07GR5V9S3	0
B00WVNXIRG	0
B08FTH4VF1	1
B00FOHKQ0S	0
B0BNL36ZCG	6
B005DF2FZA	0
B006OVH4VC	0
B07D6MMW25	0
B00G36FM62	0
B083WGX8TZ	0
B07NQRKBHJ	0
B015EQ8CHM	0
B0C7KSNL3D	0
B016ANO7M2	0
B01FU56JPO	0
B007AD7E4U	0
B09HC39PMZ	0
B01NALG15N	0
B078SG8WWK	0
B089GM1P5F	0
B07J3Z2LMR	0
B018BHRNSK	0
B005TVH9VS	0
B07GKPQGB1	0
B0170O4YV4	0
B09MQ388RD	1
B074WDLGK3	2
B07XTJD8QN	0
B007IQVF2G	0
B00GWZOSUK	0
B00NY7T7A0	0
B08GQY6WBK	1
B07X5FHV9N	0
B07CHMV7F1	0
B0B1TSYK5C	1
B00NXDSIGO	0
B00K7L5DIG	0
B006PKTOIS	0
B074QWWTVS	0
B07RFQ4Q2L	0
B00S3ZSCX6	0
B0018AI6B6	0
B098N6K79M	0
B07R6MN91Z	36
B01GU27WF2	0
B075MP5V6J	0
B07BJFXSR1	0
B07NXXN214	0
B07Q6Q1X84	0
B01NAL1PFG	0
B09BTXLWTB	2
B08K42WHCB	0
B01FKMIQDK	0
B093225VLW	0
B01MYP3UKP	0
B071JG4278	0
B09LV4CJVL	0
B08ZN6DR3G	0
B07S3TCZ3D	0
B082WXH61Q	0
B099RNK32X	0
B07MXL6HBM	0
B000A80PRU	0
B0BCFG6PTJ	3
B003NDW2IY	0
B07W6ZBG7M	0
B013SO3KOW	0
B00BK8H85G	0
B07YL69YCP	0
B006O1PTLO	0
B08HWVC2S5	1
B07PGSV7JX	0
B004OVE3AO	0
B01M295A0T	0
B07D31915D	0
B089LJQJ2D	0
B08GYH2PZT	0
B00BPDD47M	0
B07QQR5M2X	0
B081WHCX3Z	0
B07JF1B7FZ	0
B017O3A2EY	0
B07YSYH661	0
B00RY3YJA8	0
B00J236ZIW	0
B07K176MTK	0
B0C7C19G4H	0
B07WSRXL3X	0
B0858X4KG8	0
B07W5CR624	0
B08DTPN9L1	0
B07G6ZPK4G	0
B00UMDG20C	0
B09PWJ8445	2
B006VGYVHU	0
B00PBG2UKG	0
B07GN8HSBW	9
B06XKX349Y	0
B07RH92HZ8	0
B0C5J7FCYR	1
B07GQ9N5PB	0
B09MFXF6R7	0
B09WCYC17X	0
B0743K2K7J	0
B07BNX53Q8	0
B00FC1S996	0
B01MQH15KM	0
B084T78DLG	0
B07L52R41C	0
B08NXWDTQW	0
B00G5JF7QM	0
B003H3EUSK	0
B000UE43BS	0
B07PHTHHY8	0
B08DMG43XZ	0
B015NGDQZQ	0
B074V39WT8	0
B00LNINFA0	0
B00E9XFG3K	0
B01K7YAQ7K	0
B00R3NP7UK	0
B076C8FQ3B	0
B076L8JPC1	0
B07CB7XS7F	0
B009XFZFMG	0
B019Q6BEO4	0
B00WLAMTJW	0
B01ID9CX5E	0
B003DZ0KQI	0
B09QJ6TJCQ	0
B09FX5HVV9	0
B0147QZ84A	0
B01LWZGA9I	0
B0B8LWCJ68	1
B077XL9DC8	0
B00OV2AUFI	0
B014GXBTPQ	0
B007IGLFZI	0
B017MP4SZI	0
B09BM44G6N	0
B000N5VLO6	0
B0BRYNNDJF	2
B076BR9XT3	0
B07LCFWFTB	0
B08P6ZSBSK	0
B07NP766CS	0
B07N2N38KH	0
B09QKZCRLV	1
B00A6GG20U	1
B07R7G22FN	0
B0747NSDJ6	0
B077NPFP8T	0
B076DHJHDX	0
B071JKBN2V	0
B07GFCW9CF	0
B07PDG7JJ1	0
B01ABVER24	0
B07BMV97PB	0
B00EM83USU	0
B00Y9IS1VY	0
B08TQKZPZX	0
B08V55QT5L	0
B07ZSDV75K	0
B00I85XO34	0
B005F6SD94	1
B08QTTFVXS	0
B018HLIYW4	0
B07GD3Q28P	1
B078NL8MXP	0
B01DYHF56O	0
B00L40VM5C	0
B07KL224BC	8
B018WBZ8TG	0
B01EUW9YCI	0
B081THMGYY	0
B00XIN01V4	0
B01CH9U556	0
B000LDTH28	0
B09VBWYT55	0
B00HZV4W2O	0
B00WHXNEHY	0
B097GLQQCM	0
B013LB5TOQ	0
B006O1T6WC	0
B075BBL9SR	0
B01N3AFLCJ	0
B0BF9SNZVW	1
B00S1GQMV6	0
B00II2ITGO	0
B01AWQ4TMQ	0
B00DIB2IXA	0
B01I72TLLG	0
B0743KW986	0
B08BK3R4DS	0
B07641NJP8	0
B07N2HKRZ3	0
B072HHGYWC	0
B08M2Z5JJZ	0
B01DKV14JQ	0
B077YS7K8Q	0
B072YTRHYX	0
B08QGKXJGQ	0
B08JYD9Y9D	0
B00FAKSMYG	0
B07HS31K8T	0
B00Q4AHX8W	8
B013CC0MNM	0
B01DO97LUU	0
B00GXNZMU6	0
B01BJ99RU4	0
B01HN6NJWO	0
B08HS62XXW	0
B00H9ZK9U0	0
B01IODCLLK	0
B079TZTX5F	0
B075KWDCN3	0
B0BRV76DVF	7
B07W5G1Q47	0
B089M2VZT2	0
B01M19QAXS	0
B07B6GV8QG	0
B006H1J3K4	0
B0025WD80K	0
B00JYI0I06	0
B081ZJPGYT	0
B07V5JK8N4	0
B08CZ18NJW	0
B098PZRYQ7	0
B06XCTHJ7Q	0
B00BUL8T7O	0
B07JHYG4T6	0
B07HCYWPX4	0
B0B181B4L2	0
B0B2L55P6N	0
B08S3Z2Z83	0
B001QTQ56W	0
B0B71JNMQY	23
B08TH3L9D5	0
B0BGPF9PQ4	1
B009R4YN7Q	0
B09B3BK1PD	0
B00L5P2688	0
B0C14GJH37	1
B014HIKA1O	0
B07GXCPNVG	0
B09196J1XP	0
B07PZBNB3X	0
B07B1PVBWY	0
B08W4J9XHL	0
B00K18TUIE	0
B005BQN2SU	0
B07HRVNVB1	0
B0182PI4YS	0
B07V37971Q	0
B06XG9VFXX	0
B094TBJTQ3	0
B07XR83LJW	0
B0BRSN1BQK	0
B07G8Z7C8Z	0
B08NXKX752	0
B00ACBSP7W	0
B07W6V8FC4	0
B00OYJ909A	0
B00R6SVMGA	0
B016YMGXJ4	0
B07HMHY96Y	0
B076HNX7R3	0
B004RKQGTI	0
B08CDFYYQZ	0
B00IJHXFIK	0
B00HA8565E	0
B08Z44XQNH	0
B00LGMGCQ2	0
B01AY0SCTQ	0
B00IEHTZY8	0
B06WLHD6PL	0
B0788MH5VJ	0
B00DQ7OLHC	0
B086QZNTPF	0
B0BM95M2QN	6
B00B358U44	0
B00NGMPBIA	0
B097M69MDY	83
B084V5DS5P	0
B00NCPJIVM	0
B00CHES2Z2	0
B081JL6D6Z	0
B07Z771WTJ	0
B07Y679R5L	0
B0BZZ435PM	0
B06XJFGGQF	0
B00HZ12I5M	0
B00DOQEUEO	0
B00L5FORY4	0
B01FT03IRW	0
B094Z7K4X1	0
B08K38R9M1	0
B07FXWD5PB	0
B005BWBDAI	0
B006S4RCT4	0
B00KXIMWVY	0
B0164IFY66	0
B00COGB1HY	0
B000BD1UXW	0
B01MSJYB85	0
B07MKW27V5	0
B07FNS21Y5	0
B09LHHDFNJ	2
B019PSW6OK	0
B00NCXA6ZQ	0
B07YT6W4QZ	0
B00IAQXQSE	0
B09DYXQCBZ	2
B009KU4TOO	0
B0BD8Z9LGG	7
B09NPJXC7P	0
B0BYZZHYLW	0
B00M4PNFCE	0
B00LP5UK2M	0
B005DNWIT0	0
B00M07BTLK	0
B07P9XJ76B	0
B07X6D79LQ	0
B07S5Q9MJP	0
B0010ZBD4Q	0
B01BWVYU7O	0
B01EYYKR8C	0
B073VZPXHS	0
B01IBEGZZK	0
B008BUD7PQ	0
B07B6M6Y6F	0
B0727V82K8	0
B010D4YALW	0
B0019CCNPS	0
B08J7Q8PKF	0
B07KKFY6SF	0
B06XRFSDL4	6
B074NDBXKV	0
B012C6A3U6	0
B00VERNYTW	0
B01LHVLWRK	0
B08PD7JQNB	2
B0775CXWCP	0
B0821BXRNS	0
B00X9V5ZBQ	0
B003AXV11G	0
B07Z1RVRGP	0
B09QG6HQVY	0
B01N989YEM	0
B09DGSL27D	0
B0143VC8RE	0
B001C7XHFK	0
B01ALHMGJO	0
B09H2MKSZC	3
B07L6KC6T9	0
B01DFA1A0K	0
B08XZN4PJZ	0
B09P4R3J2T	0
B0786DPC4Z	0
B00KGQKR2Y	0
B00K7DPYQU	0
B00RYPIMBS	0
B0922FX7CK	1
B07L8Z14Y6	0
B08395D5G1	0
B01FRN10YE	0
B01MSD2E3R	0
B09S6WCSRB	5
B00UAAEAM4	0
B01MYF4DF5	0
B009NOVAHQ	0
B0017K7Z50	0
B072BY46L3	0
B01G9FBWBK	0
B0B2QS2C8H	0
B004W69CCK	0
B01DTG8O5O	0
B086G3LJ75	1
B00VYYNKXK	0
B07VB14S8S	0
B002OHE4D6	34
B0868Z7YJ8	0
B017MCPGL6	0
B07HHQZ6T5	0
B00GMPEAYE	0
B000AY8652	0
B00J49I0NM	0
B016FJ0OJG	0
B08JCG241R	0
B0124JQFVW	0
B0798HK5XX	0
B077V6J4QN	0
B07541MDMD	0
B00LNI2BFK	0
B0992RRLM3	2
B019EZ1TG0	0
B00HZTBT04	0
B07HYHHJR6	0
B078GTVCS6	0
B09XB6WVSN	2
B00EH0LT90	0
B01KVJXYZW	0
B003BFSPH6	0
B0776NKPXC	0
B0B649VZ2R	0
B01166FT1G	0
B08D69QWFH	1
B07G5S1H55	0
B07JV89GDD	0
B0827ZVK81	0
B07J5D2R9S	0
B07FDJCXBV	0
B09LXCGBVJ	0
B07PMV29LB	0
B01CAKBX30	0
B07BYWQY4K	0
B08611JQJQ	0
B07GF1R2MK	0
B001KVZ0W6	0
B00GOCKGW0	0
B008CCJLNK	0
B0BRSNX8SQ	1
B00KXQX1AC	0
B00HZ24IFE	0
B07R8CBWZT	0
B00LECJKFY	0
B01CSEYMR2	0
B01AIJ6C7M	0
B015OHJ1OO	0
B08GL135V4	0
B07FYVLLDC	0
B01CGWJXCK	0
B07PS1HZ4K	0
B0058YQYRG	0
B003TMD0YY	21
B00LLKJFO0	0
B00IJ5QW9G	0
B003YUC132	1
B09B9RLBBX	0
B076TTCM7S	0
B00UVH30CM	0
B07F7Z3NRJ	0
B00X9PZ8DW	0
B002DHZUZ8	0
B01D4BZUP6	0
B08HSWZ2NK	0
B075DYPZHZ	0
B005GT051E	0
B00C17OG6E	0
B09M3V6C58	0
B006USQ69A	0
B0778M4JZ7	0
B01IT0S4FK	0
B087CTKY1S	0
B07J65ZZY7	0
B09262V39H	0
B08JPLMZFM	0
B014WC4YA8	0
B07H88B814	0
B01DML10E8	0
B07CT52HY2	0
B079GSK5WJ	0
B09DSN4KJN	0
B07BHZFR6R	0
B07KQPTQ6S	0
B09Y8SD78M	0
B09PM6YBMS	1
B08PP1ZJQ5	5
B0C8JH9RS2	1
B00F14LE78	0
B07JKS9BD8	0
B0BKPRJLNM	1
B017MBMXNG	0
B009XNJ4X4	0
B07BB28L5G	0
B01LWCR0KK	0
B00X7YK4E8	0
B01N07NPIP	0
B00R4JT498	0
B00BAZBN8W	0
B0B3S4Y25C	1
B007PBPEFI	0
B074L7FLN9	0
B07VFHYDKH	0
B097LS2V6H	0
B071FWLPGC	0
B07MP12XC6	1
B083SPD38R	0
B078W6KNB1	0
B07FP4JKQM	0
B001DU59YS	0
B07Z57TZRM	0
B00OOX6BIE	0
B09S8R6VQ5	0
B078ZWQWZW	0
B097XV7YX8	5
B0038BIC94	0
B078NH5431	0
B005D7OL4Q	0
B087X8DVYL	0
B08FXQDLBD	1
B07XCJBJ93	0
B00GUWBT52	0
B0B4Q1671Z	14
B00BLYQNXW	0
B00LEWNEHE	0
B09V2B592T	0
B011O2Z2P0	0
B00R1UMZS2	0
B07MKHX6YY	0
B00OUJTAF8	0
B00FL45QDQ	0
B07FQBQLLR	0
B07VWJD36D	0
B07QMS6WQW	5
B0B41NF4VQ	0
B07235XTNQ	0
B07VL14F79	0
B086HKJ1RN	0
B0873BYB8Q	0
B00461Z4O6	0
B076K8QHTV	0
B07JVS5WYZ	0
B08NJT988W	0
B01C4YG56M	0
B00CVS8ZPQ	0
B00B2Q9U4S	0
B0087S1VZK	0
B0039UTDFQ	0
B085YCBX7B	0
B01M22UMCK	0
B071LJD6J1	0
B00EA18VB0	0
B000EHP93W	0
B00BIZXFMG	0
B095XM7YYS	4
B004V633J4	0
B07RBC5BFL	0
B001T0HWE2	0
B0045WBR6A	0
B001YQGJUY	0
B07WJFKYJD	0
B08B35Z68H	1
B07RKJWQYC	0
B07W53YRX7	0
B07J4FK69G	0
B00PKK7JYU	0
B07N17GFCX	0
B00KIH3JHG	0
B09DTFXPDD	12
B01ICA006S	0
B017X3Q1CM	0
B07VGZWLMW	0
B00GOGM8E0	0
B00RW871WS	0
B074QQ152C	0
B09BVKBVLF	0
B07XM2GRLS	0
B07KNRH5QB	0
B07H5YYCFJ	0
B01BXECTKK	0
B01HPE4PIQ	0
B00N470LNC	0
B01H5FQDBW	0
B07CR89M8M	1
B078T1S3D9	0
B00LLN4420	0
B07VGPG5TB	0
B07VT3LPB6	0
B09YS2JY32	1
B07DDFR3QP	0
B07NPL8BSV	0
B08NXXPP9C	0
B08CQ7JPRR	1
B0098G2WCG	0
B00JG41XP2	0
B07DRMXZXP	0
B01H7EDTVS	0
B00BT9U05Q	0
B079KN34BS	0
B07TN6CT5F	0
B00ZGQLZBG	0
B07MVB3BPN	0
B01KYKVTQY	0
B07LC3GLS9	1
B00069412I	0
B00496S094	0
B01M7P6LNC	0
B01LZA31DT	0
B07NXWJD7S	0
B07JYFSHSZ	0
B00MERPN5E	0
B00USVBC7G	0
B01HN6HAC4	0
B07BS638ND	0
B01LX0QFYM	0
B01DOQPGUA	0
B0BNC8L94R	1
B09PYB7B6Z	2
B00GNC4D98	0
B0124EHZV6	0
B07L4K1X7W	1
B07TFFHVX2	2
B00UUC4XHY	0
B07V84M4FW	0
B01CN24YCM	0
B08T8YBQ88	0
B00F2FIUWI	0
B0736J1DNW	0
B07PFG3CGQ	0
B07GSWG6CM	0
B085PZMWK2	0
B07RX8JQH3	0
B01CG2PE0A	0
B07RH6DGZ1	0
B09XZV6V5J	0
B0081KL8AW	0
B09445SMYV	0
B000UEBJCO	0
B00JEY5EOA	0
B0BVFRCTYL	1
B07Y353P9T	0
B0791CHN6M	0
B0033WRRSK	0
B09H9891FJ	1
B086ZQC2Q5	0
B0BFH4YCSH	2
B01LCEGD12	0
B01MYH3AON	0
B000Y3M3XU	0
B0BCKZ8FP7	5
B06XWGFDJ9	0
B01M2316D9	0
B07GFHGZZB	0
B09SQ31BCN	0
B00Q07E7YM	0
B09C2M9HQ6	0
B07RQWMRFL	2
B07H39DV2G	0
B0713Y3169	0
B00H2VNP2U	0
B09V5RDHZF	0
B00AQAUFXG	0
B08N6VDT2H	6
B07HP1GKGM	0
B06XG2MQ2M	0
B071CKGZ9B	0
B07NSL167Y	2
B07DV5W5G4	0
B00LA9QOPU	0
B07KB4F9H9	0
B00141UMQG	0
B0029ZAQEE	0
B07DQ9VQ3Z	0
B097KNL5QK	0
B0C7HQS71T	0
B007WQEYY8	0
B07TBDF2S2	0
B09JC4FKXL	0
B0BWJSV8XZ	0
B009A80ENG	0
B072N4KTXN	0
B06WLL3KVX	0
B07CBV1WFS	0
B08J7BBM41	0
B0BPPVW19V	0
B01DHUX592	0
B01G093VPA	0
B07F5GFY8H	0
B0CJ7HQJMC	1
B0115EBGIY	0
B00MO6C0J2	0
B08T9YQCMB	0
B08GJ7RG8D	0
B015E33JU0	0
B08ZCLBLC3	1
B015HLTIHC	0
B08SW8D926	0
B01G4F2UB6	0
B0BBTK1FY5	1
B00SXZ5LEY	0
B07YJBBGRZ	0
B07GBLVSLJ	0
B09R1KXRHC	0
B005X3H5O8	0
B00WCBOPTM	0
B07T13KBT2	0
B071S4BB2B	0
B00I5RKMVW	0
B0B3F937C4	2
B084JG8PK9	0
B08HZ1MKQF	1
B09Z2DKQ5G	1
B092RTGB6K	0
B07Y8H471F	0
B00GFLZW2O	0
B003B2LY3G	0
B00E6UPHF8	0
B07C182SVC	0
B00WR6RYK4	0
B002KE4WNK	0
B08SS3KDSQ	0
B0885ZH2TK	0
B01MU071M7	0
B07D7P6DRY	0
B01N2TB8EL	0
B01N7RCFE3	0
B076PYXG92	0
B07XDWMN69	0
B0756TJSWD	0
B01M3QB5PE	0
B07GPMQ78H	0
B01NBWC7MX	0
B01NH0F433	0
B076M883RN	0
B01CJ36DHO	0
B007N6I6FK	0
B07BWJ6N7L	0
B004KKZ484	0
B07SL2GC7B	0
B07WDKN8XF	0
B0788BN8FD	0
B084GDL4Z9	0
B07K973Q2Q	0
B07CPS633C	0
B08RDV3L3B	0
B017U9RE6G	0
B0B8GNMS2X	1
B00DTHJXA4	0
B076HD2KT6	0
B083LH3NMN	0
B08LGX313D	0
B078GVLLGY	0
B085ZTPNSD	0
B077RNK5WQ	0
B0159J7FPE	0
B09XTLVVN1	0
B08HC9977S	0
B01I8TMG4W	0
B085GL7YNB	0
B077XMMF51	0
B06XR3NJN9	0
B07YXMR3V3	4
B013OTL8OU	0
B00E7Y2XJQ	0
B0C6M8MB37	1
B085V9T6ZN	0
B00JLZH99U	0
B074N8RXBN	0
B00OBQTJEM	0
B008OQTAIK	0
B008J535MI	0
B08NVL637N	0
B09S3QKSHV	0
B073Z724KL	0
B07FRFDWK9	0
B07F6Y2CMD	0
B086KQQXVL	0
B0815NYYF5	3
B07F1HFCLQ	0
B07MDRBTTJ	0
B07983X2CD	0
B079GJYRZD	0
B07NVKVFDX	0
B07VDXDVHJ	0
B002O17ACO	0
B00LIO1UM4	0
B07NVZNS78	0
B00Z5SEZXU	0
B015T4ZDBM	0
B083JRPYG8	0
B0773K1VNG	0
B07CKYSL3N	0
B01GU92PPC	0
B073SL8PSX	0
B00B6EARX4	0
B01CT8J7O0	0
B081Y8QX9Y	0
B01N6P39PK	0
B001UL00KS	0
B076DWKKLX	0
B09V782HW2	13
B085PV4XQW	0
B0745BFKRC	0
B0BM658X67	1
B07D8CRBGM	0
B00AWAV1ZG	0
B0756L55W1	0
B07YHMPBPJ	0
B07DW6MMGF	0
B00B6DUSUC	0
B09PG83H5Y	2
B09NBDWCZM	9
B0089GHYDS	0
B00IJWTDZE	0
B00MH5XNLY	0
B07S4MD6TP	0
B0196C02YQ	0
B00YVREWKW	0
B06Y3SRY9W	0
B00FPKG388	0
B00E0GOZ92	0
B07GX9XWG6	0
B00O0RRR50	0
B00TA21MH4	0
B0C5K1LH6B	6
B01DA4EA3K	0
B07Q3912B9	0
B07QMNN8R4	0
B016I7IV2W	0
B00KFX1VUK	0
B019F7NQY0	0
B07S899VX2	0
B07DCNDD1Q	0
B098TTM8TX	0
B07Y8F4JTC	0
B0B8TKC58G	6
B09YKTXT6B	0
B09PLMQCL7	1
B0C85DLG1F	0
B01N55KUGC	0
B0058ZATN0	0
B07TX4JMRP	0
B07ZBQ4158	2
B0BQHWYCPS	24
B01BOKS3P8	0
B079P1YBHW	0
B086SX7482	0
B07PDBM4FP	0
B077TXD6CV	0
B09SDB2YHZ	1
B00NUDMJVC	0
B001MIKAQ8	0
B07LBHK8S1	0
B00ARMB96K	0
B012HDSIHO	0
B07NMTF4WJ	0
B00M443WCS	0
B07S2F4R6S	0
B00YET4UBI	0
B0BC937QZH	1
B07L5WB8ZX	0
B00XKDJEBA	0
B01196C2YA	0
B08J2KWFTK	0
B07YS5BZR3	0
B07CH7PVHS	0
B07H8W8XXQ	0
B07N33D25X	0
B0BBCX7WLG	1
B016612FMM	0
B072FKZG7T	0
B001E20TAO	0
B079P2ZYG1	0
B08DQZQ7WP	0
B0CH2NL6KF	1
B08ZMXVN1T	0
B005UUTMVS	0
B0B6NV7DKZ	2
B07193LZH6	0
B08M45343C	1
B00RY50VYY	0
B0085THRXG	0
B0813YRKV5	0
B083XSC5FC	1
B09936P2DR	0
B09ZL3XMDT	0
B010G9EDTS	0
B07RCKF8RK	0
B002DF7I14	0
B07S75ZJZR	1
B007QSTE5G	0
B00H5NUQUO	0
B07PF3F3YD	0
B00T866J8Y	0
B00CIPKUEG	0
B011ZTQ01W	0
B01C9XZ2OO	0
B00QPDKCHC	0
B00AZL4VT0	0
B00593OJJ6	0
B00FIGQXDE	0
B0784V434R	0
B00S1GH59E	0
B001RTU37S	0
B002P5RAT2	0
B082R64TVB	2
B00DN4K6DQ	0
B079RLXSRG	0
B079QY8LW3	0
B07Z672QWF	1
B07ZJND6Q6	0
B01BWBOX26	0
B09YD9YR5N	0
B07CKSBDWQ	0
B00KTM27TQ	0
B07HT7T2R2	0
B088H1MZXG	0
B00CHAL9D8	0
B00B6EC5HK	1
B0BXKXJMB5	0
B06XRD8TZX	0
B00KTDL0CK	0
B07CQDDQ3C	1
B00HUAHOPM	1
B07XFL29JQ	0
B089NJB8V1	0
B004510M30	0
B008GSGOGM	0
B08RS7J7NF	0
B00HTQIN98	0
B07QJSTFC9	0
B08L3STCMF	0
B094FBR7JL	0
B082QQSV2S	0
B09P7W9WJR	0
B094DCJXWP	0
B096FGF3N9	0
B01JSKNP86	0
B00GLKMLMI	0
B00ALK44OM	0
B08P4G8SQG	0
B099WX7TZR	0
B09312K41Y	0
B01J6LA1R0	0
B09XB96RD2	1
B09KMW2FJR	1
B07M8V8429	0
B000MF6M8M	0
B0B15MSH71	1
B006P67BH8	0
B094NZP1SW	0
B00BGX98IA	0
B074MVWMPK	0
B077WZ3KK5	0
B0756SB578	0
B09Y42KFK7	2
B00TBT8QSE	0
B0BFBNTS2J	3
B0B8SJ6PK8	0
B002LC0YN8	0
B00593XZ2S	0
B000WE3YPC	0
B00N11IXIG	0
B0B4F7JGTN	1
B08CHHRTMS	0
B08RHTTW4H	0
B077YR2W4Z	0
B00L3EX66M	0
B07KM9BMMR	0
B00WNTTI54	0
B00V5AG4O0	0
B07G3C6YSP	0
B01N1383O9	0
B07B7YHVNK	0
B00167Y9Q2	0
B073VD2XRM	0
B07JDJJ61Z	9
B07YVH5CZQ	0
B01KGI7V9S	0
B08LP7G4TN	0
B0B318GN7M	1
B005KNCYT2	0
B07GXXL49M	0
B00HWZQYI8	0
B09XTYN1JR	0
B06Y2J7W9L	0
B07GZ7ZB33	0
B0089PGRKA	0
B07T2HCJY1	0
B09ZQ1NNBX	27
B09GN1QPX7	0
B0784Y7HX8	0
B08557YMMD	0
B07QXG5N4C	0
B09YNLKJZ5	3
B08N5GRF1F	0
B00LUOJCH2	0
B00DQ9YF8U	0
B07CGNLRRF	0
B07ZHB33W3	0
B0751BB7JW	0
B008D50GZS	0
B0065VM6J6	0
B078WCTTMK	0
B00N0HHUOY	0
B09HBBNDJ1	1
B004QL3E9I	0
B010S8E3HO	0
B01N4PSTIC	0
B00CWBAAQO	0
B07PRF6JKV	0
B00BAPU3TM	0
B00I5QRVNA	0
B00X8QIC3K	0
B07RD5CVF8	0
B08KTBT6G2	0
B07CMKH37X	0
B07XY3G6J1	0
B0078J9E44	5
B003Y8YSTE	8
B09641QFPS	0
B00CYNKSTE	2
B07MLLMRR2	0
B07BXGC212	0
B01IAP7PJ0	0
B0015MVLMI	0
B07N1G8LZM	0
B001F7MIRU	0
B00DQA6HGW	0
B00IXY532U	0
B08KSH4DSN	42
B009ZUUETI	0
B00S55HMKI	0
B07FQHMZVQ	0
B0B8YS5ZJ8	0
B07VCJN5CM	0
B081224KZ8	0
B099Z7PFJS	0
B0090R2AUC	0
B01N2TMNTG	0
B01NBM7VHZ	0
B07PJ74236	1
B017FIK3TC	0
B005FDVOZ2	0
B07HYLHXRX	0
B07B7Q26CS	0
B00U0HQ6GA	0
B01MQIZ2EB	0
B00AB9OZ9M	0
B08N4JZ3L5	0
B004DNWPS0	0
B09BBCYS3P	0
B00HXJUO6Q	0
B0829PZGBB	1
B071VYZ8ZM	0
B00RBO1KPC	0
B095BKTBBF	1
B0BMGS966T	1
B00GQIO6ZU	0
B00K7K651G	0
B016C5FLVO	1
B008LVNB38	0
B07PL9CT3K	0
B085S67VBB	0
B06W9KLY4P	0
B07XRPPWRP	0
B07R8V9H4G	0
B07P5G7SL7	0
B00HNYXPQW	0
B0BNNTKDJV	1
B07YJF359M	0
B01H00XT2S	0
B07NBNNKWH	0
B01BYPHABQ	0
B00ARVWTXS	0
B00GHTIOFQ	0
B002ACPKE2	0
B07CM7HXSN	0
B07D3NZ9RQ	0
B07X8X5XH5	0
B01EZ9588A	0
B07DPKXHMP	0
B01LZ502TQ	0
B0010YV4GO	0
B004LLKB0S	0
B01HH8VH8Q	0
B07MZ942LH	0
B071Z8DH8W	0
B004S8HLPM	0
B09P8JTT4S	33
B006KE5URI	0
B01DA1LTL4	0
B01N4D49MB	0
B09HSB37WN	1
B07HHK8YTM	0
B06ZYGSP2V	0
B09FKW37P8	1
B008LIOIXS	0
B079R64LKN	0
B00BAWJYFY	0
B06XDLZTPJ	0
B00O2UES9I	0
B06Y1RLR6D	0
B07RH7Q4BW	0
B07BLMLLVW	0
B07L6TS55R	0
B00R1ZYZ08	0
B07Y81T13F	0
B077P1XQH6	0
B074HP6QZS	1
B08ZHT441Q	0
B06XBML1NZ	0
B0B92LSZXL	1
B07213S68Y	0
B08MTH4R41	0
B00F5NNTI2	0
B0BKGM24TM	1
B01N6PRPMJ	0
B00016W998	0
B0042DXFXA	0
B07CKCBGQ2	0
B07YZ5J59Y	0
B001ENYS0K	0
B083WKXDTS	0
B09D8V6ZGN	0
B00W6VK5YM	0
B09876VXMC	3
B07QGTM3RM	0
B09Y8VHYD6	0
B01LVXOMXC	0
B07FMBYQY3	0
B00LMC3L6U	0
B00AB83666	0
B0763KMKBL	0
B0BG9D9FMV	0
B075M9S6MD	0
B01N7KFQ6I	0
B00EZKU8KI	0
B006ZITRPK	0
B00AN9QAZ2	0
B077XJHGR9	0
B0797GBP96	0
B07WYGYT8T	0
B0747Z6J47	0
B008I61BL0	0
B004IMB2U8	0
B004WRO67U	0
B07B4VBGZC	0
B00CW7EWP8	0
B01D41E3MC	0
B081LF4729	0
B01N0QHWPK	0
B0732TNTXY	0
B07QYZM69G	0
B00XJZQSYU	0
B07PL9BPLL	0
B00HK50DS2	0
B00318Y6MG	0
B004BHXT7Y	0
B00ATYANHM	0
B09LQF688H	6
B01N0QHRXG	0
B005HGY9U4	0
B01LX055J8	0
B0080I3LOG	0
B01CTWR50E	0
B0114NCL6M	0
B06XXP3H98	0
B01EFO4IMC	0
B07WZDMHJH	0
B0752WB5D3	0
B000AS9DAU	0
B076M7ZMFZ	0
B000CCER6E	0
B00UZI89UA	0
B0C4NH42NH	2
B07L6J7M2W	0
B088W799NJ	0
B072591PL9	0
B008JFEPJU	0
B07D9HP7TN	0
B00K5UGKF4	0
B07RNK9CYZ	0
B08FR29LPP	0
B078JZT5NV	0
B013F5J9OY	0
B098NC175C	2
B004VU2KSU	0
B008BLFJHE	0
B00GTAV6N0	0
B07MDKC47C	0
B08525SCW2	0
B00X9IX3DG	0
B07N18QRHM	0
B073W286RV	0
B082FHFS69	0
B0BVTBSPXT	1
B09JL11WR7	0
B01KOMOA4A	0
B0882VXGJD	0
B09483NM6T	0
B07C1YQMYW	0
B0BWYBXH9T	1
B07PYR89PS	0
B00DV5XPYE	0
B07Y5273ZJ	0
B01NCUF5BC	0
B07PK2F236	0
B00QNWAQ76	0
B07HKRKNLK	0
B001KPFGOE	0
B07GBVY876	0
B086W5V1LK	0
B07C3C9H6H	0
B0BRSR3P3G	1
B01KP6GGYM	0
B00266YPQ6	0
B01AKU7VFQ	0
B07FXVJT5B	0
B00T0JBERU	0
B00Y8D31IS	0
B08NFG2LK1	1
B07TLLNK1H	1
B07C9V27ML	0
B000L81UUA	0
B08GG4RLVN	0
B073VZ1W9H	0
B00EWBPTSQ	0
B01LCXWD2Q	0
B07H4PBGZ2	0
B004L3BTO8	0
B018LU3IDG	1
B09V2G21VY	0
B00334UE7E	0
B00V2PZR6Y	0
B0882KRRHR	0
B018FSPJZE	0
B00O96SGSY	0
B00F37GOVE	0
B00KO2C57A	0
B01LZLFGPH	0
B06XV92L8H	0
B01FOK5EBK	0
B07TY99GJY	0
B09P5B5PT8	1
B085FML2HF	0
B08PVJVCT2	3
B07NY5DZK4	0
B01NCW2MAG	0
B08GQCNWHK	0
B00593H6NC	0
B07281XJ5B	0
B07MXQ9K42	0
B00B6ZMK4W	0
B09F6ZCH75	0
B00Y395FQ8	0
B00O9DXBQY	0
B007R0PI26	0
B01LJW7I2K	0
B08W2853CB	0
B085TL5N4L	0
B00NTOLD5A	0
B07RYQ49K7	0
B00KQRZ8C2	0
B08CB8F25X	0
B07P9TXR4W	0
B00UCVSWR0	0
B0744FGBFX	0
B0BVRLX1S1	3
B0BYTB43KT	0
B092CTDR9Q	0
B075XK8HLX	0
B07PSKG82X	0
B00155H6FG	0
B074W97VNR	0
B07M6VSF11	0
B00HDNGC9A	0
B08PDSWYG6	0
B092V5JL9K	1
B08RWZ4QXQ	0
B015XFJOGC	0
B018HJXAW0	0
B00B5JXA2A	0
B07JDBDMW3	0
B081CPFSZ9	0
B01D1SD1CQ	0
B07R8YGR58	0
B07F8DMDV4	0
B06ZZ7JCN1	0
B00M9I9MZU	0
B08L4FHHBL	0
B076B3H3YN	0
B0713XN2Z5	0
B087NFXCDG	0
B07QN3LXGF	0
B01AKGMJDE	0
B096NYFP2P	0
B00TUEGN1W	0
B00ULOUZ14	0
B00PM6JQXE	0
B07QPJKB9W	0
B01I06J5HE	0
B00XB25EDM	0
B09XK4SR76	0
B00NKLR6Y4	0
B07L2RRZ5K	0
B01DBR6AUW	0
B00LNN5DAU	0
B07FK7B3X2	0
B007T42PMG	0
B0B59PZT5L	1
B00KWKCRZY	0
B00HQBT7T6	0
B017BEPFNE	0
B016R2ADYM	0
B017WSF0LG	0
B07B9TH5WN	0
B08SHQQ6X9	4
B079N837VS	0
B09VYPKN2Y	4
B01A4C5I4Q	0
B00ADOEY3W	0
B010N9HAU0	0
B08R9H44X6	0
B07H6SVLGM	0
B09NDB1PRW	0
B0756CLFH1	0
B0798LSYGG	0
B008GRN9PC	0
B0019WXV9U	0
B08CXXBDSR	0
B07YRGC1Q1	30
B01MRHGOE1	0
B0BQF3BJ8N	1
B0056M5CSC	0
B00I10D9XQ	0
B06Y5LW2X3	0
B00YBYBK4Q	0
B0195EC53G	0
B01N9D51BQ	0
B07P9XSB72	0
B07LCG3JXX	0
B07X9258TD	0
B00NMVPTHS	0
B08Y5MY7GK	0
B003H4Q046	0
B0C2HQYJHK	12
B085NY86C8	0
B08G53C51W	0
B0777XZK6H	0
B008O7UJ8Y	0
B008GVWQPW	0
B00SJ7W5DG	0
B07GZLGG1M	0
B01EGG4SYM	0
B08VNR11Y9	0
B00C0J5ZL8	0
B08BFZ5QS3	0
B07XRPQG5D	0
B0716YKHST	0
B07HDT44DJ	0
B076HJY7FC	0
B08424P3MN	0
B00XC4YA2K	0
B00S0IB440	0
B072W9N176	0
B088FLQVHK	0
B00DFMHSQ4	0
B07MGJQWF5	0
B096RK46Z7	0
B01K37NNXK	0
B01N5H0LA0	0
B07DDND5YC	0
B077Y4D7X8	0
B00AC4QTMW	0
B0963L93JY	0
B00LVDUG0E	0
B01LZUI8HG	0
B012VNPUC6	0
B01BEY0D9I	0
B07RZ944ZL	0
B0778MX651	0
B00712UJ5G	0
B01CEYNXQ2	0
B07G97ZYG5	0
B09NRX1NLZ	4
B07VCM3L9G	0
B076FN55Q5	0
B07SR63BMV	0
B09VT19FFW	0
B076TSNRJW	0
B06XGSW1FK	0
B0823Q6S4X	0
B08242X27K	0
B01LZWZNR5	0
B005GC5CSW	0
B072MMVHHD	0
B007BWRCWE	0
B00E41VM3U	0
B0BTRPD2QH	0
B09BVTX4ZN	0
B09Q1WDWLW	0
B09MT5PDFB	1
B0179BPEZS	0
B07BL1962D	0
B0BBNKKMLS	1
B01H0XNCLS	0
B0BRKLFK4X	11
B0841HH7DD	0
B06ZZ1LSZW	0
B01GUGA534	0
B07BLJM2FZ	0
B00VEBD0MY	0
B00VBP4FR2	0
B07CCZCLQD	0
B019FAYO5M	0
B07MLFV2VZ	0
B07GSH4FW5	5
B004KPB7K8	0
B073PYB3X7	0
B07W4QYS1Q	0
B01LZ45OTZ	0
B07FD182MG	0
B000OOWU7S	0
B07HJWBS7V	0
B088DS8NXM	1
B009G2XW8K	0
B077M738CQ	0
B01N30SFTI	0
B07S3P45BP	0
B00MXDIVNK	0
B072K3YF4H	0
B01B8BV4GI	0
B07VJN2QRN	0
B002TQ5A6C	0
B00LI6P44W	0
B0796N9BFX	0
B06VV7VP7T	0
B00JQ3WJ2E	0
B08C4RG1CG	0
B002KGMBJU	0
B01DTK4DC8	0
B07KXMPVJM	0
B08SB7J57T	4
B07SGDT4JY	0
B07B3L4PK1	0
B008XK5LBC	0
B004S9OZQO	0
B0759RRYBG	0
B085N6DCCF	0
B082TTTFG6	0
B07XR9ZPH1	0
B002NSM3PC	0
B01MSJJLPB	0
B01M2WC0B2	0
B07D2YP7T7	0
B001RNNBD2	0
B00W4C0TYO	0
B07QXPDVSV	0
B01A8ZNKIU	0
B005P6710Q	0
B083SK228W	0
B0058XOMNK	0
B07BBY2L96	0
B00CSK16B2	0
B07Y43CGKP	0
B00AZNUDMC	0
B09BMW3DQR	0
B08G89YHLV	0
B009OU0G6U	0
B010UNL7YY	0
B08NTTJJXB	0
B006NYDRYI	0
B00KCQIZOA	0
B075766WS6	0
B00J4XZ9XC	0
B072SYYJ7S	0
B0044M6OUA	0
B00FFCP99K	0
B01N5WK7U7	0
B071L23YM4	0
B06XF3JSW3	0
B07PFYKV5R	0
B0BCZDRVML	0
B078X2LLQY	0
B00CSHYAVI	0
B07NGCX89N	0
B005EWRTLW	0
B07TPQY7M6	0
B097YG84XR	0
B083Q6Y41B	0
B086RQL8RR	0
B079HFLMQT	0
B07LBKPTWF	0
B088YFBX28	0
B018JMBXQU	0
B07HRBLCQY	0
B00AWMRV26	0
B0764LXGL3	0
B00IT2O2R8	0
B0932YRXTV	0
B0BN1BV7SW	2
B07QH3341V	0
B07BNKV1YZ	0
B000OY434G	0
B07H5LTMFV	0
B07H3Y5LY8	0
B07D5318VX	0
B01M0SCSAT	0
B06ZYL846H	0
B08NDD25X4	0
B07NY3X8MG	0
B091745XYC	0
B00IP0CY1K	0
B07LBDWCQN	0
B077YK453L	0
B07VWG9DS6	0
B072LF4554	0
B01CPN2P8E	0
B0C3MTR8K8	5
B084QC6KQS	0
B072JLWX7P	0
B08KQDB3QX	0
B015EPKX2A	0
B00TRQA0Z8	0
B005K02WQA	0
B086SW8WY5	0
B08JPGVWBP	0
B07SWMJLZW	0
B00D8U0UN6	0
B0889FSL31	0
B09FVPYC2V	1
B09B4PLK25	2
B08KRND9SX	0
B0BYHK1RMQ	1
B09FXP4TDL	1
B08X15Z6GT	5
B0792MC9LN	0
B075ZTRJJC	0
B07NF2YPZZ	0
B0058XLJW2	0
B0816LM2QL	0
B08LBLBC71	0
B01F6XULS6	0
B0B54XKM46	0
B08T6D93WN	0
B08YDYR4BK	0
B06X3XH5W2	0
B014UNXSUG	0
B082DRKMQ5	0
B00Y4XGM4M	0
B007VGDGU2	0
B07PHXM1YY	0
B07JLH3PFR	0
B07RF7XFJY	0
B004K72J3K	0
B00HYZYNFW	0
B01ELFLO2M	0
B013D9P748	0
B08CTZHV7R	0
B07DLK7LDK	0
B079RPQJ5P	0
B007PSHDQO	0
B01KW5XU72	0
B00IK41V4C	0
B00S7SVPK6	0
B00J41EWQ4	0
B06XTQKVC6	0
B07FPV75NF	3
B01FWG0Y8E	0
B076749DC7	0
B09TKT5Q2P	0
B076CBTFSZ	0
B0071ATIH8	0
B077XRMCQ6	0
B00BI9ISGK	0
B07QKPV34X	0
B009OL2L94	0
B00XIUYB22	0
B00B9TX74W	0
B088LSGG38	0
B00QFTD43A	0
B00D23MBIQ	0
B00FWAOPLI	0
B07P2MML6P	0
B07R8JTSL7	0
B0126JSC84	0
B076MMW31V	0
B01JB6B6A6	0
B009FWGUO4	0
B01E3MTR2M	0
B09ZJ9ZVKZ	1
B00CPOV29M	0
B00DT01NAO	0
B0888WHLZ3	0
B000YA9P2A	0
B002UU5BZM	0
B06Y5QXKSM	0
B01MXC1NQL	0
B06X9C7RJM	0
B07C2JVTTX	1
B0819G1SPS	0
B07C1SL9CS	0
B07BK3TSVT	0
B07DC528MV	0
B0792MJJS1	0
B001P2MSOI	0
B074JPGP9P	0
B00MQ2UYUQ	0
B01ETOHH6M	0
B09CZ1QMX8	0
B0007PQO3U	0
B07JZ3YTFH	0
B00F07IAG4	0
B07CPRQPYH	0
B092W5B1GG	0
B00LZD677Q	0
B07PY629V4	0
B07H6WR169	0
B084177K12	0
B005B673YE	0
B00OWDLLTA	0
B07V1GR4QV	0
B08QGGTK8F	0
B06WW4PDD5	0
B01853HFBU	0
B01G9763E4	0
B07PLKHPHF	0
B06X3RM2K2	0
B0154AJDFS	0
B07H5TD8C6	0
B01NBI5QM8	0
B077TPVTMT	1
B01N9ZHVCK	0
B09XJDLX5F	1
B08CMNJHF6	0
B07JBBVW56	0
B01DTE4G3A	0
B01H7KZLRC	0
B000MLZCFK	0
B01D0H393E	0
B07RFKNLZV	1
B095Z6ZN3R	0
B07G2JSZ6X	0
B015XO5WQY	0
B0811X9Z48	0
B000YV85UM	0
B01DCE4GN2	0
B08X4X8JD6	0
B09V26BZPP	1
B06VSBPRMZ	0
B09QJK1KVY	0
B096BH37XZ	3
B0845TRYGM	0
B00ESN0I4S	0
B001L1RZP0	0
B002C74IEI	0
B00WDWBRLY	0
B077J2Y5FB	0
B00NEZHOHK	0
B06XD73X56	0
B07XVS4BKZ	3
B014XG8EGI	0
B09J1FD7KY	0
B0131S76IQ	0
B07HB3QR1B	0
B00VHW2RIS	0
B077T5B4HP	0
B088LMRN37	0
B07TN3JPZ7	0
B00HSCATNG	0
B008B9CACI	0
B0754YBBYN	0
B07JJYLT5Q	0
B00KME75MU	0
B07PLC79KP	0
B009XVFED0	0
B07MS24FXW	0
B00QR6I5A8	0
B0793GYL9T	0
B01ENT86KO	0
B01E0FQBQ2	0
B075KJXB3B	0
B092MWGVK5	0
B0119O4A0Q	0
B07HLXHZXR	0
B01AWZDMS4	0
B07MGJ1FXX	0
B09WB5GMK4	0
B075WVGK3D	0
B00Q76NJ2W	0
B00EYXRRC8	0
B09X124817	0
B091DHBFYF	0
B0922R534L	0
B00E41V6W2	0
B08QZRYN4T	0
B08MWW5TLJ	0
B00OHYRN7S	0
B01MAUV9HA	0
B08QVM3WF6	8
B01BKGNNWO	0
B075TXBJ8R	0
B07RN7LRXB	0
B07TSN3QM5	0
B00HHZ3GO8	0
B071DH8S41	0
B085DK8TB6	0
B0098BNL58	0
B099DWNZWD	0
B06XSB3HTJ	0
B00MP4B1MK	0
B07P66B5YC	0
B07Z7NQPVC	0
B00UKUSQBK	0
B0BMFX5RML	1
B08TML9JD3	0
B09L5B8N5K	0
B009GAR4HM	0
B01JAEAD8A	0
B000WQ55OI	0
B08531LS4S	0
B0861R2F9G	0
B0B7B573SX	1
B0073ZNPNY	0
B00JV3VPGU	0
B08DKM5RPG	0
B07BKTPCRX	0
B09L9S9D25	2
B074CHXZ27	0
B00L059500	0
B01KPCH4Q0	0
B071FT9LHW	0
B08D6BRV2L	0
B0C62G31R4	0
B095YCP4T8	0
B07NY2ZHN4	0
B01FUF5TUA	0
B01JZVTCLM	0
B07GX1BYGZ	0
B07QK22S2X	0
B008HOBTOW	0
B005AP2XDM	0
B01EQ1JEDM	0
B07YV1PG6L	0
B00JSM20LI	0
B016S4VVYK	0
B074QTDSBH	2
B073RDPK4T	0
B07R8Z6YG4	0
B07TM25ZSW	0
B07YGNTJCD	1
B01F15EDYM	0
B01EWKHGXW	0
B07MM9BZMB	0
B00Y187T6K	0
B08PYSZ17Z	1
B004OCCBFC	0
B06Y5K542M	0
B00J4S8H8G	0
B07RFKZ7L6	0
B07B8KKQJC	0
B08LW2SD2C	0
B00J2MI6EE	0
B09375ZH8S	0
B0735DKS7H	0
B008J0YC70	0
B07QKX9S32	0
B00ANSWL6K	0
B00JZDUTBS	0
B09K7G8QL9	0
B00VIMOISO	0
B0BWW86Z1P	0
B07QGNQ44X	0
B07GZMBX44	0
B089CQMJZ1	0
B09DSJ2Y7T	0
B008ERCHDE	0
B08T9FZSTL	0
B08FMP98V1	0
B09KJ768BN	6
B087M4BNKS	0
B089LXPMWL	1
B083BYBP26	4
B07GZH8FLP	0
B00STQ8TGE	0
B07N5LRNCD	0
B0862GKW7B	0
B07ST3BH4J	0
B01GISIU5Y	0
B0B3VC36QY	4
B07Q44H5XR	0
B00EFXJKRC	0
B08C2DQ7BT	0
B076KLS7ML	0
B07DNBYG1G	0
B07H9XQZ6X	0
B018DWEG3I	0
B07VM7ZHDD	0
B07MKGFSK2	0
B07HJX2QZW	0
B015XMLHTM	0
B07CWNK8SR	0
B09F33NXWM	0
B074TSLJN3	0
B0751PP6Y8	0
B075DZQD4H	0
B0C1RQQL92	27
B07TNFL6TH	10
B01BXAP1HM	0
B07PWZKSNS	0
B0B784CMH9	6
B01N2151Q9	0
B07BYS98Q6	0
B00D45PJ4K	0
B007JG3NL6	0
B076YRCYFK	0
B004WYYZ4M	0
B00KLHX2SY	0
B0BY2KD3H1	0
B09L6LMN8G	0
B07NQ8SWRD	0
B07DT7LVL4	0
B01LNMDKLY	0
B00IOGB7C2	0
B00HS47LPS	0
B08CMNDQ8D	0
B00160NIP2	0
B07YTPRFB2	0
B00XGRAQ7G	0
B01MSCZNDL	0
B08CWQS3L1	0
B083917VB4	0
B01CNML20O	0
B0861XS2V6	0
B00SKHTEKW	0
B00OMFCL42	0
B00LLYDW2C	0
B01M0YQN2F	0
B083SS6GNH	3
B07BFS1VHS	0
B086T3NJWB	0
B085SW3M1L	0
B07XNWY387	0
B08MKZGN7G	0
B00ELQAHTS	0
B06ZZPR53T	0
B00KLDVJBA	0
B07117K4TG	0
B07KG32GPP	0
B004JU2PSM	0
B007QJ5OVS	0
B00KCX1XVU	0
B000WJ1KN0	0
B06XCT9SCF	0
B00ZXWV2SY	0
B07HM4LMVC	0
B0B1CFMJFT	0
B00GNA3D5A	0
B00R4268T4	0
B00LI0FRT0	0
B07KKBYH7C	0
B07MJZQR51	0
B07DNMMWN8	0
B00G36JD9E	0
B019181M1W	0
B07YHRQWS8	0
B004WA5WVQ	0
B09TN9J1BK	8
B096WVZRCS	0
B00BCY8ZVY	0
B077FVGF2L	0
B00ESK5E4U	0
B08HS426WP	0
B08KGTRCZM	0
B07B3Y3FDD	0
B08K19CXG2	0
B00TPRJ2W6	0
B07RKP5S65	0
B081SGBWBG	0
B0C7VXDVN8	0
B07BQK6XDC	0
B071H5XWKH	8
B07YWB9PFP	0
B00OU6XQY2	0
B07538XZ39	0
B077L7S52X	0
B017N04A8M	0
B088Q72T6J	0
B079HXDR11	0
B07G628QCG	0
B00IT7RML6	0
B09XQC4H6S	0
B007MTNDR4	0
B010C9XU0U	0
B004IA03XW	0
B099FM4M51	1
B07ZBP1MXV	0
B007UPWD3U	0
B08SGHCCK9	0
B093FGS89W	0
B07H79QX2Y	0
B07RQV43L5	0
B09RGXQSPV	1
B01NCL7WXI	0
B01CRG2II6	0
B094G987Q4	0
B07DVQQFWB	0
B07VNT2VJL	0
B07S8SHGZ6	0
B09793BW9T	0
B083SSRZFJ	0
B004X6OIHS	0
B000VV6RXW	0
B0795BH5DH	0
B07SX6LP4X	0
B0C6P1FBJC	0
B07JG7TL72	0
B07CPHMGZY	0
B093KK7BRQ	0
B072VHLKRY	0
B01ALRO2D2	0
B07FVWK5CR	0
B09NVZ3T61	2
B09SDV8RKQ	1
B07S426X2J	0
B0131JQL2W	0
B071LCVJ59	0
B0BG424BR7	0
B0743PTXSY	26
B00BBHT8JU	0
B06VW83YHW	0
B01HGJ3OUU	0
B00COZK5WW	0
B01MXF1FMN	0
B010SXYC5C	0
B07Z8VRNT9	0
B07QDWN6WK	0
B00FXL1TN8	0
B00M3KLAP4	0
B006QNR1TS	0
B08W5DQRX5	0
B07NBYTJ9R	0
B06Y5C3ND4	0
B07R8GGQFP	0
B07NQB3QZ3	0
B078H5M5GB	0
B095H8JKTR	0
B07LBM1FHG	0
B07H3LZ41R	0
B071DVNWLP	0
B004RPOFWI	0
B00N4T8N76	0
B07SRDMXXB	0
B0869F6ZR2	0
B015KC9YT0	0
B0821XMHGR	1
B0B2JSZZMP	0
B07P8QLCT3	0
B0BRSWFNHZ	4
B07CZC6MWX	0
B002HK4520	0
B07BMPNF8Z	0
B06XBLHHPV	0
B01COPKHAQ	0
B00FEKTVU6	0
B09LHKTZDS	1
B073ZB33TB	0
B0989PNY1Y	0
B07GZMHQ4G	0
B00B358XWI	0
B09B12C1Q6	0
B00MH4MCS0	0
B009DQ8IXI	0
B0861HTCFL	0
B00I9TMYVC	0
B0837FL4G5	0
B07WNRG9BP	0
B09HFH1172	0
B0B9919ZCT	2
B08XNB6F53	0
B01CEBBO2U	2
B01J201CK0	0
B07QKWR9B9	0
B088X5MDK6	1
B07FML83G6	0
B07FCYCJP6	9
B09Y3XTQFY	0
B008CUYHYA	0
B07PGK53MP	0
B00GDGAIS4	0
B00I8QWWG8	0
B01IMTL81U	0
B001HXTK5K	0
B082168PN3	0
B01LWYIHJE	5
B077PT982X	0
B01MQ4S9VZ	0
B00R3JGPIM	0
B086ZKQ52Z	0
B09D8PY1ZX	1
B01A6ETVLS	0
B0108N6OA8	0
B0827QWXCD	1
B00CQ8OE4M	0
B00ABTCGYS	0
B007I0BA68	0
B07S33RYRJ	0
B00J96HO82	0
B0BT3X9D4W	1
B00L8IXKGY	0
B003YS45V0	0
B07WR25G4W	16
B09FYZS434	1
B07C2NRX5R	0
B0BZYRWQ3Y	0
B018VBP16M	0
B00GWWSOH6	0
B01M4Q8L0V	0
B004OA7QWW	0
B06WD5Q1DJ	0
B00I18X6AY	0
B06X9GCNNV	0
B07W7KB63T	0
B007ZZH0GA	0
B08DD9X139	0
B00CBPGN5S	0
B07WXDT1F2	0
B008MWK440	0
B077Y769JT	0
B0BZPJTMH9	0
B07KDZ3D9K	0
B07QS736ZY	0
B007JO6S5G	0
B00MR3BZH0	0
B0183NSVJM	0
B07V7C8L6K	0
B01EAL936Q	0
B0C5SPZ7G5	1
B0024L7OR0	0
B00GRTJD0Q	0
B0B3HNSP7C	7
B0B6GPVV1H	1
B00FVSCGXA	0
B075NWMV48	0
B01N68MOAK	0
B013PW9KF0	0
B07FS23NZD	0
B00U0NJUX0	0
B00NSLF51M	0
B0734QC16S	0
B00CY9D4EO	0
B07SVZTWP8	0
B08PJZM3NB	0
B07P1523QR	0
B01CO82HOM	0
B0034BUC9Q	0
B095XV6FRY	0
B07B292WZD	0
B01BNM71DW	0
B074ZKQZ42	0
B07H51PPQF	15
B09W29P3XZ	0
B0BGHFFFTJ	1
B07JKZZ2NK	0
B085HFQKCS	0
B013RTTUC4	0
B08CKSNG2L	0
B07H6ZH69R	0
B00MUASKT6	0
B012SK4G68	0
B0BGQM42CR	0
B07H45YGD3	0
B01L9MSGQ2	0
B0BR3PP7F5	2
B00BXFSJL8	0
B07LC5M33L	0
B00NF5AWSW	0
B00L2A1P92	0
B008NJU4A6	0
B007HCIUBU	0
B07J59WPVW	0
B000E8FX1O	0
B01M1MEMND	2
B0957J77WF	4
B06X1BZ4LY	0
B00UR3F1FE	0
B00MBQHU72	0
B06XKF9BTF	0
B00501LS1Y	0
B096XYVPM9	0
B077X8SP43	0
B00KDX5CU2	0
B076YHNCWZ	0
B00ZVRF7N2	0
B07K2P9TZ7	0
B07GQCSDZ7	0
B0033CF0FM	0
B01JH2LJEC	0
B07KF9L9NP	0
B08MS48KHQ	0
B08R57LW1G	0
B07R6HBXXG	0
B07L9K152J	0
B08LVC392F	1
B00BN5JCG4	0
B074BC43M2	0
B07YG84J18	0
B076KNCXXX	0
B00G5M6OKC	0
B00XKUETAE	0
B08NDQX6YY	0
B07GXDVV4Z	1
B08KZMJ95B	0
B07DGF5Z7R	0
B0744GK6RW	0
B074WG236C	0
B00070PFZS	0
B08C4BXCX8	0
B00OMYGHTS	0
B07CVQ13NH	0
B01MTPN33X	0
B09XVCFXY8	0
B07CYZBP31	0
B098P252XH	3
B07GJBHM88	0
B08DHTCSWM	0
B01DCW3FGI	0
B0753NGS5C	0
B00U69F59Q	0
B0825JBWP5	0
B01J473QZU	0
B01N35XSNI	0
B00FTWFFFO	0
B004WSJOAI	0
B0158N93LU	0
B07499KDPK	0
B07PWYVDS5	0
B08TB5MCY6	0
B09L815H4H	0
B07HM59FDB	0
B00U2G1NB2	0
B00A2SOP60	0
B01A5Y8HF0	0
B07H39N38P	0
B097P4CBV1	0
B075LWDY1W	0
B009DNPJPQ	0
B08K8LXLFL	0
B09BQNZ6TS	0
B01MSRX8NH	0
B07PS9NTSP	58
B07TQGKRR2	0
B07BTK9B82	0
B08YQPMJCB	0
B0039ZHTJI	0
B0886DFK61	1
B0BTZYNWK7	46
B00R6YNV4A	0
B0936LW7WN	0
B07RYS9CPP	2
B006PBS7SA	0
B073XVWL6L	0
B000BK0RIY	0
B07CNXYVK4	0
B09H2T4JJK	0
B00KY8AV3E	0
B00UI9LDI6	0
B091KWVS25	0
B07GPDCGD2	0
B004NBY2LU	0
B0099FPWHS	0
B01M701GWG	0
B0795WGL2M	0
B07H6MS1HD	0
B09S1C7N5Q	0
B0928JNB83	1
B008VX2UNI	0
B07WC4GW8Q	0
B07HYCTV1G	0
B07VC4T6K1	1
B00JA0YPJI	0
B000OZC6Z8	0
B09B5TP3TR	2
B07YFGYH68	0
B07Q4SWS4L	0
B07Q599VC8	1
B013XHZGNM	0
B01BIC5MWY	0
B0797JYWKY	0
B00LIG2XIM	0
B00N2UWRI8	0
B0065L6E3U	0
B0713TR82H	0
B0031Y6ZV0	0
B07613ZQ82	0
B07CR9LC81	0
B009KMTHXA	0
B016UZXEUQ	0
B00B5ZT8NE	0
B003UANFQ8	0
B005NZ6HXG	0
B0153N1W7I	0
B001QUJVYO	0
B007HNEPF4	0
B07H3KTKDH	0
B07T339TLF	0
B008RYYJPS	0
B00KQ34KQ6	0
B083FSS4NC	0
B07CJQQWFW	0
B08Z7P9M1S	0
B07C9DPNY9	0
B084J6HN17	0
B07KF8N4VV	0
B07CPR7VB1	0
B0019QC1II	0
B08GG2F647	2
B073S3Q5PK	0
B00QIUPKGA	0
B07Y34T8L1	0
B07SRBP4VR	0
B079DSGC1X	0
B00Q9QJ4PG	0
B09X23P9Z8	1
B0BVQP57GM	1
B07G8NRLMT	0
B00XBUE8JA	0
B01N5QKO0Z	0
B01D2TC1FW	0
B01AH876SI	0
B09HPVDH4X	0
B01M1N6OJ1	0
B079KSQDR3	1
B08BHPLPFS	0
B00ZSY1MKU	11
B07T6S6CY1	0
B07VMT821L	0
B00P91MBA2	0
B009S4BV3Y	0
B06XK358QY	0
B0BH1HFRW3	0
B07VQWHDVF	0
B07J296Q54	0
B0071AEQCU	0
B07HGT8VFD	0
B00RM35L98	0
B015WMWOWM	0
B07GSRCS5X	0
B0089552RE	0
B0073E6HSK	0
B01AUX2UBS	0
B01HJ1VDJY	0
B081XXVCP6	0
B08QMN6K7V	0
B0742QC18Q	0
B001BC34A4	0
B07QCFJR2H	0
B08G8D833W	0
B08MV444T7	0
B08RKPQG5C	0
B07FF22VRP	5
B075SVYYYB	14
B08SZ92M3D	0
B07FJ5X6P6	0
B006IYT5VW	0
B005HEWV5Q	0
B0192Y7ATI	0
B091W88V1T	0
B015WJIHB2	0
B071LMDG8C	0
B007LOMT4I	0
B06XRXYX92	0
B07RZDMYLG	0
B07M8SQH1V	0
B0018NHRG8	0
B082BY3N1X	0
B01N3TCMOP	0
B078KCGKBB	0
B07WK6TJB7	0
B07KWHWSDJ	0
B08Z3QLR3W	0
B097BCCND9	0
B07GC6NNW5	0
B00ZY64PK6	0
B08949R5S5	3
B07DZY8177	0
B06ZY6DZZQ	0
B07BTCGM69	0
B00DTXKEK6	0
B07DLHBS2M	0
B07D42KCJD	0
B01BOWM9SS	0
B000NWJN3U	0
B01MRJUKNX	0
B08R6J137C	0
B003QCK8LK	0
B00JKW250W	0
B00E00UEJS	0
B095JGZDBZ	0
B00J83ZPBY	0
B07FB984S6	0
B003K4FY36	0
B071KRTHGM	0
B07T3FNKD8	0
B01B1UD4SC	0
B071GC2548	0
B07PKLDCJY	0
B0713Y7Y54	0
B0018NG7EQ	0
B01K8SVDB8	0
B00WAXGV2Q	0
B09NKV6Q92	0
B076MY6V6D	0
B07CF4CS8J	0
B07N1WSKK5	0
B00CDTEVDS	0
B00GJJGVMC	0
B07YK3TB9Z	0
B013WL5U2G	0
B00BEIQ5GU	0
B07WT3DKC8	0
B07J54LNZB	23
B00L9IZVR4	0
B01DCLTUDQ	0
B06X9MY3SK	0
B00IO24QSS	0
B01IAPBCF8	0
B07FKVFNJ8	0
B07FKXHLGM	0
B07JK1163L	0
B01BHGXX9K	0
B00JH4G28Y	0
B00GU4JTUW	0
B004VCLG1K	0
B09C1D9WJ1	17
B09QS2WXLZ	0
B071NGTPVB	0
B09MLTHQR8	0
B004P8AD6O	0
B01CRFQC70	0
B01GJFV36Y	0
B09XDM8BJ6	0
B09448XXSP	6
B088KSCGLP	0
B00Q5NA7TU	0
B07R7L1GBJ	0
B09GV8TF5Y	0
B081K333RB	0
B00SMVPHAM	0
B09JLPZL4X	0
B002U82PA8	0
B07QNKVMYP	0
B00QGMXXB4	0
B07L4HCNDT	0
B09SH7SS4K	13
B00C2PAMC2	0
B00G0KKU0O	0
B00C5QAJW6	0
B07DZZX94R	0
B089LRY2T7	0
B008YTQRMY	0
B07D782C1J	0
B08N6D5FXX	0
B07W4N9Z2V	0
B00TGDBULA	0
B000HPKG3E	0
B07MCR8YJ8	0
B0863QQ14C	0
B086DMPN1S	0
B07RBN2CBL	0
B00BZUKHY8	0
B07ND6N7FB	0
B07P4PG4XS	0
B00OAMVSJQ	0
B0971VZ8SR	3
B092YVYPDF	1
B0192FVDUE	0
B06ZYC556B	0
B005W6MPQE	0
B0854JCDV2	0
B002OPECIA	0
B00XCIC11I	0
B0CB3DXNM9	0
B01I3GBIAI	0
B002CGQYXC	0
B001KYDHKA	0
B01NBB8OHC	0
B00L4QLT2M	0
B008VWAWO8	0
B07TGJPXZD	0
B07GVS7DG7	0
B08SG46PSG	0
B002DVOEB0	0
B01HWNHYI8	0
B00QOHGZ5M	0
B0921T8XVM	0
B01IGYIPFI	0
B07F2SZ8YT	0
B08JQN13XY	0
B00WUNFWIA	0
B09F37LN2L	3
B0878R3FK5	0
B00A36SZ8K	1
B071G7B87P	0
B01MA5M4SQ	0
B00LB7882S	0
B0110WAVGY	0
B00UADCVPY	0
B07X2L7Z7D	0
B01M6WDJ0W	0
B07MTJJB54	0
B07CT5BKC8	0
B00FBNKH0E	0
B0BNBNDHLR	0
B0799HXQJP	0
B09VKBTC81	4
B00LVGLTUM	0
B07R8KCS7C	0
B099Q82SPB	0
B09BC1ZV75	0
B01LXYFXJW	0
B01M62AN12	0
B00N5Y5K5S	0
B00J77UOEY	0
B06XWTR2SW	0
B092VGY8QF	0
B00APW3K14	0
B00E5Z0VA0	0
B07DPBNYVR	0
B088FF738P	0
B088BMZMB9	0
B098LYND1B	0
B07MPX8CKX	0
B09BPH5ZNM	0
B00B29PEF4	0
B07W8G4HZM	0
B011RCQ5Y4	0
B01CVNV10G	1
B09329X7NN	1
B0BFCTP3B2	1
B076JB9M6D	0
B08MQK2BDR	0
B00DZMJ30S	0
B0774B6FRR	0
B07NTZW6HK	0
B00ABHEEXG	0
B00B1K2THK	0
B0142XHAQW	0
B09HBTJKGY	0
B07465WLWF	0
B079K8R14Y	0
B07G74VCJJ	0
B088QZYSHB	0
B071ZN2JKM	0
B0BXWVC49S	3
B06Y263VTS	0
B083Q6KWG6	0
B00BHQI73S	0
B07FBKG3WT	0
B08DD3H1H7	0
B017S42AY4	1
B07DFXNB2X	0
B09Q2PSMC2	0
B071D9X9MH	0
B01MSP4MB4	0
B073476TQH	0
B08JTDG57L	0
B0199QE08S	0
B00PSEA3N2	0
B07KP17K7D	0
B07G92KHVJ	0
B08JQMN5PH	0
B0748X8DH4	0
B087DV566J	0
B0813JZJVS	1
B08925N2HB	0
B00H4BT0OU	0
B0047YIM4G	0
B07DRVPLQV	0
B08D36HMJ5	0
B07NPR95KW	0
B08W6JFG9F	3
B07JHBR1H6	0
B08CZ9P2RQ	0
B01H5ZA5NY	0
B00J088LTU	0
B00400NSBE	0
B08GL551TW	0
B09839ZRYF	0
B09GFRWF5Y	0
B01E4B68MY	0
B007SNX7YS	0
B07Z4ZQGYV	0
B0995BBXJN	1
B01CO97L4C	0
B005MKGUXY	0
B0BCJMFB8J	2
B09W1YGBKW	1
B073ZZH4NQ	0
B07PRG4HLM	0
B07B4QHJTL	0
B004G09R6S	0
B07RXBC9YS	0
B01JTHGPB2	0
B01MXKYE5H	0
B07GGLPKN7	0
B01JRWY46M	0
B07BDM4H2X	0
B08L7H87G4	0
B0798W3SD2	0
B08ZT28D93	0
B00BEINIU6	0
B01FND2OXY	0
B07DNXYK7D	0
B0BGQ3QZ8T	1
B07FB627KF	0
B00JQI4GVQ	0
B09W5R4HXP	1
B07C4V7FWW	0
B08C4PF2RW	0
B08ZC4ZKTS	0
B004ZIP15C	0
B07XP3T37G	0
B014TXF9HC	0
B0BMV4TZWD	4
B09JPBK3HY	0
B0B1YLNHMX	2
B071W82QFQ	0
B00CSI95TE	0
B0019KA7B2	0
B009DFT57C	0
B07KJGR6K5	0
B08S1TC211	0
B07QXSPKYL	0
B01M71IX49	0
B01487YI08	0
B00141JBQI	0
B07QXTH4F5	0
B0007MFD1C	0
B0B7JBJ9FQ	6
B088KDK6ZG	0
B073SJM9XL	0
B081SNBG62	0
B07XTJZZYR	0
B07QQLB7RY	0
B071RMC796	0
B0995Q4SN9	0
B0723C85PK	0
B09KRZZWWF	0
B001VZHMR2	0
B073Q56PXY	0
B07BS348DR	0
B075ZYW3DF	0
B0049IAZCC	0
B0BLZ36WN2	0
B0839HLYDD	0
B06XX78CZR	0
B00I1ALFZA	0
B093Q72HQ6	0
B0B3DGV5SG	1
B07FRZCJRW	0
B07N4WFY4N	0
B09DGT3Z44	5
B01EK3XRVQ	0
B072MRX7WW	0
B078MWZZZ1	0
B00B70P35O	0
B072M9PJ3H	0
B07NS5JKW6	0
B00B9A5TME	0
B017WRUZDK	0
B071JDX7CX	0
B0BNWMK1TD	0
B005PY5ST4	0
B007K3HXQO	0
B00O3CL834	0
B01IEVETB2	0
B07LBRDDRQ	0
B09XB93FT6	2
B078FTC46C	0
B07XCMNPR2	0
B0721L88V4	0
B0B1HLDQ61	0
B011DAUM30	0
B08311BJQ2	0
B01BJ6ZLWA	0
B07FB7LBBG	0
B00HVXSUXI	0
B01D8501KC	0
B0735YCZS6	0
B07HJW2PGL	0
B07ZYRHR52	0
B0BGN6YFZJ	1
B07Z55523S	0
B076DJY87M	0
B00B0372XO	0
B07M96186R	0
B007K3GKI6	0
B017NGDXPW	0
B0BN4R8YBM	7
B07H43QN4D	0
B08FJ2JGHP	0
B003CT42UK	0
B014G9HWEM	0
B0058WH2PG	0
B07Q8VPHJJ	1
B06XDJ1FCL	0
B09SGXKYRC	0
B072FS7J64	1
B006U3PAVU	0
B00NJLH5K0	0
B0B8Z2G8W1	39
B07XMWQ9DJ	0
B0110Z0H2O	1
B00E4FJKL2	0
B00NBQ6B6C	0
B00K63TF4I	0
B0B31LR7G4	0
B07H9SX9D7	0
B00BKOE6U0	0
B07D8FCZKP	0
B08FDPMWHN	0
B0BLSDCK64	0
B0759R14XD	0
B01MYLCY81	0
B088813GTM	0
B07KF539C7	0
B09QQ7PCLS	2
B08FTD2LFQ	0
B06WP3B6QY	0
B07L48WF5B	0
B075CHJ5SG	0
B006V0BYXA	0
B09Q823HQX	5
B078C8STKK	0
B01BOOFF4G	0
B00CGWCTR2	0
B0134EGRKK	0
B00CPGU7T6	0
B01B4ZVE4K	0
B081JLCT5P	0
B09FLXPK6Z	0
B0914LVFD1	1
B0123OS3G8	0
B087R4DZTY	0
B081255SGB	0
B08K6N5Z3S	0
B07Z59X3HP	0
B0071E7722	2
B0899G2VWW	0
B00OB73JTC	0
B00DS3KJZ2	0
B00OHH8M1Q	0
B075QJN1SQ	0
B072C3WJT8	0
B07799G3J2	0
B077N7MSWV	0
B0038JEPJW	0
B08FRN9CBJ	0
B0B4RQ173Z	0
B06Y28YQ5P	0
B092V5XB23	0
B00M087RII	0
B074MQD8XP	0
B08RDGGJHY	0
B001BOICDQ	0
B002T45ATQ	0
B06XPY19ZC	0
B09Q62VYGM	0
B07X1XSVTS	0
B074CTYML1	0
B086TY9Y1G	0
B000UCDGXG	0
B07QN8Z7SH	0
B07JFNVH65	0
B01MG87SP3	0
B00VE57MI8	0
B013KD0MAQ	0
B08LPPRQ2N	0
B07JZW7QFF	0
B077PHP6DC	0
B006Y4FHNG	0
B07MX248VB	0
B00BRBY0Y8	0
B00WUWR92S	0
B00GS7MBKG	0
B07CKKPYQC	0
B077129R8Q	0
B08PV2QSMK	0
B07PPM9987	0
B0113425B8	0
B001AMG588	0
B078YMDRFH	0
B01K7UW01O	0
B00ODRBLOU	0
B008S6TD7E	0
B00G0TJW68	0
B01MR4AVWE	0
B0781YVSXG	0
B09DSPYFL6	0
B0BJTHV9YD	1
B011N55WTY	0
B0C3VH2Z1N	0
B07FDQ49J9	0
B01LZJGCC8	0
B003V5WONC	0
B01MXJXB2Z	0
B07TD5WZYQ	0
B011S192LC	0
B09WMBQS24	1
B07DT2K1BQ	0
B07PT7MDJ1	0
B00361G0AY	0
B000YQVJGE	0
B00F3WN5DE	0
B017EOV148	0
B07F9GS3VY	0
B07XXM8DR7	0
B07GMTM566	0
B0047ILGWM	0
B09B56K669	2
B00AFEQ7XA	0
B0B7SL9W6D	4
B076LX1NVN	0
B075LS47D1	0
B00B630DSY	0
B00LTX5UB6	0
B00OVCK1BQ	0
B01B8R5N46	0
B09QJ2HK38	1
B01GK6GJUM	0
B005C2L7AI	0
B01N7QWMB2	0
B073PD4VDL	0
B00SH2HDIK	0
B07F348JQB	0
B07YD5CZ5L	0
B01NAO27UI	0
B0BL34BKQ7	4
B08K8QKW7W	0
B003O3FBKE	0
B07F6QDHM2	0
B00GV7B8EI	0
B091H1C6DH	0
B013EDSRD6	0
B00MBJQ4RQ	0
B00JLTOQHE	0
B01JCCGYZG	0
B075NMXS3S	0
B076GX2PV6	0
B08BJKQL2X	0
B07VWTN5ST	0
B01M4OA194	0
B094JSJZF1	0
B0BM4WGCJ6	14
B0069AITPI	0
B018275H5U	0
B078LC9Y8C	0
B001RJ58B4	0
B00IH2W2HM	0
B08XYPFBWF	0
B07FKJ836D	0
B00R22LTGI	0
B0073PVT8M	0
B01B8VKNZ6	0
B0919PK6CC	0
B002IE45KM	0
B09KNFKZ53	0
B00E41R7OS	0
B01B1Y8O9M	0
B07X6GRX3V	0
B00AS1MPH2	0
B07H2X1SK2	0
B0010ERDSC	0
B07PZC8P9M	0
B082PKXCRT	8
B09P3SVBZF	19
B019MN58XY	0
B08LBKZSK5	1
B06WD12HTH	0
B00M95018U	0
B08M5XHWSJ	0
B074W4PF5X	0
B09W53L858	0
B083FNPDQV	0
B07XCM6BLV	2
B07JLTQM8P	0
B08N6MCCS1	0
B08WC6K224	1
B08GS8SZNK	0
B07TH8NXJ2	0
B004C55VH6	0
B01NAL11PG	0
B07Z3P3QRL	0
B01948Z454	0
B072L5GC2S	0
B075MZ6PLM	0
B07G1Z6MNX	0
B077GGJWRS	0
B07RQPC3HV	0
B00BP541SQ	0
B07JRBMKWD	0
B072LYP6Z9	3
B00C4XLVP4	0
B01DOG9WOG	0
B07DXK579R	0
B07VM63N7R	0
B076GQ4P5X	0
B0043RS6B6	0
B07KMSWVC2	0
B007LC8S3G	0
B0141KG10C	0
B0BGL7N9FY	1
B0B2MLT4Z9	2
B00JBKUWAS	0
B01M64D75C	0
B07PWCJYYG	0
B07K7QW1C4	0
B09FF5PW8C	4
B09C2CY63L	0
B07BJM25JP	0
B0792JQNN9	0
B072MJZD5B	0
B08D6KDXWC	0
B01BO7GVW8	0
B09M3YXM5G	2
B00W7CUUK4	0
B00PC4QKQC	0
B07X5WDLK7	0
B0091CZ9YA	0
B06XHXG95T	0
B07H9H7SQR	0
B07V2V6F28	0
B07ZRZDBG7	0
B00Y4XGDEQ	0
B08H1Z3VB2	0
B00A3FM0DM	0
B00RW5DNDW	0
B00TECD6HY	0
B06XRZJ47P	0
B07RSVV3J7	0
B07S2XTDR7	0
B000TU3T36	0
B01LZ37Y4F	0
B081JH8ZX2	0
B0998M3FSN	0
B00JRTTJ3Y	0
B09GNNC171	1
B08DSWWW7K	0
B00DWFLHZM	0
B01AIHETSI	0
B078KH8D89	0
B0BGXGM4GJ	1
B07XQ2ZW3W	0
B00OKM4QFO	0
B00GXEMM1W	0
B08GYF51CY	0
B00E03GXA4	0
B07HNGGNK5	0
B07VBS1XWK	0
B081ZD757M	2
B089M51K3J	0
B01M64ARPF	0
B017DRMZZU	0
B012EQAVEM	0
B07YM17P38	0
B08XJZCW18	0
B07NYQ3SGT	0
B08BC1S39D	0
B06XHPG7FT	0
B07CH5VYMW	0
B083H56J6N	2
B01LBW3L2Y	0
B0BN1HQ6GP	1
B09PVN6XGB	0
B0967YLMVM	0
B09P8N1RB5	16
B00RBY33KC	0
B01KQYNVO6	0
B079VM7VX8	0
B001GPOOBE	0
B09KTX1TJQ	0
B011U46YRW	0
B078MQRQ38	0
B07W81CRKW	0
B0993NM4ZZ	0
B01MU5VXDT	0
B07RJBSD4V	0
B074N16NR6	1
B00LWS1V5W	0
B07XJNFNF9	0
B009XQM0PA	0
B07QNC9NZY	0
B000VCFH3W	0
B07D3M7JCN	0
B075N8Q1ZC	0
B008HYS11Q	0
B07SHR8BMV	0
B07TC2H32K	0
B07BK89S6Q	0
B0B8DHZLJT	1
B00H9CSELE	0
B09C2H8PJ9	1
B08G13S11Z	0
B07CRLSXN9	0
B015UIT980	0
B0777HGTRB	0
B002GUCD0C	0
B000P9Z5PQ	0
B07S4G55F8	0
B0794W1B1G	0
B0BR3J4BX7	0
B00FBQA54E	0
B08Y6NJL2Z	0
B09VP796N6	1
B00K1B57RY	0
B07NQ87T2H	0
B077MBQZGC	0
B0068XK5IU	0
B09JPFG4KN	0
B0BRJ1B9L6	0
B0721CL1KM	0
B001HZYKTO	0
B08T84NF3N	1
B01M6V6HS4	0
B00MUDXETO	0
B08Y68ZQFM	0
B00GXP2JBE	0
B01BO8B3CU	0
B0897TQCTF	0
B003Y8YPYW	3
B0051T9L5A	0
B08ZJC4LS8	0
B07L2ZD5ML	0
B00VNQQB9E	0
B099MJ58KK	0
B089T4F4VR	0
B00VQ82K3K	0
B00WLDROWQ	0
B07YB6K599	1
B00SIAMZFW	0
B071ZJ5N3C	0
B07L9XLQRX	0
B07HNS3DLM	0
B01CKN3AJ2	0
B089N4SKGQ	0
B000OV5W2Q	0
B07G5F79S7	0
B07B4S5FC6	0
B077NMPPTT	0
B00HFBLHWC	0
B08B7X2BWJ	0
B07HFG1BFD	0
B0881KXXSL	0
B004UY99FY	0
B00DS4JC22	0
B098C1FH5Q	0
B07C8539RR	2
B01EHQ6CF4	0
B00P28B5WW	0
B01069Y38O	0
B008SBEWUM	0
B07QCX4PR4	0
B07H5DHWRB	0
B07FVVTTM2	0
B07CGYGPZR	0
B072V3S2Z7	0
B002CMLKX0	0
B09NT26H5K	1
B078KSKS8W	0
B0BVTS4HY5	1
B0BR74ZWQD	7
B07FW85YQ3	0
B011M992BA	0
B083PZ6NL3	0
B00O2WPB92	0
B01MCU9M7U	0
B093HKHQY4	0
B00R6ZSGJO	0
B08LS82JPH	0
B01175YGH4	0
B083NCTR6Z	0
B07DGD1X2L	0
B0C1C6G5RK	2
B01HLQEP1U	0
B0C5QK31XB	3
B0097KSDE4	0
B07QDTJPQX	0
B01BGWDIA4	0
B0B8TGHN83	1
B093GJBW94	0
B07MVM8GRF	0
B01DXRQSVG	0
B07RQ4LDTZ	1
B00KYKRR0W	0
B098YWJWK5	0
B008BIV6NI	0
B00D4KDXYS	0
B07MD5G38H	0
B00B60M9J8	0
B07G384JS6	0
B004JVSFZS	0
B07GYZ84W1	0
B07KRZHBJY	0
B00VBNKXYI	0
B07BKLVP3T	0
B079GHBGGH	0
B07PPGR16P	0
B010DVF9BU	0
B007KJ62NI	0
B07TLQCN21	0
B07S8VYT6Y	0
B082WZCC18	0
B0744B7G27	0
B07L6RZ6V4	0
B00ZVPZ1V2	0
B07FF5PPZ3	0
B0821WXQY2	0
B01F543WXM	0
B08LDHFW8H	0
B07K3X4DTJ	0
B077CBR2WG	11
B06X9QZVRP	0
B07NYNJN5Q	0
B07RKJKM86	0
B07PPV6Y1B	0
B08FJ55S9S	0
B0756HDP94	0
B01KUD79DM	0
B09NB7MT7M	0
B07D7N8YD3	0
B01M1RJSCO	0
B0BGS5CZRH	3
B017IIU8X0	0
B09D112TGF	0
B002JLAS8W	0
B0C36YQR73	0
B096FHCNR2	1
B01H9KHXVC	0
B078JGDKHP	0
B004FTMVGS	0
B09PDNW15Y	0
B0017TRIBC	0
B0050SB6TQ	0
B077VF2WVM	0
B0871R9JDP	0
B012ENE4JI	0
B0041F3T1C	0
B01F1UF6D4	0
B00V5VIYSS	0
B008TSPZC8	0
B09NQHNN9W	1
B081C9XZF4	0
B09H3T4C82	0
B08B1DF398	2
B0814XZTTQ	0
B09KRMX52P	1
B08CRFXVT9	0
B08RJBXXRH	0
B08ZRWG47R	4
B09BCQ29X5	0
B01B5D8IR2	0
B07SGPX9KX	0
B0068C8SUI	0
B07JGK3Q61	0
B01NALEGEE	0
B01NAIQW05	0
B00D8W10RY	0
B07K6J83Z9	0
B00CDK5VA4	0
B000VYPYP6	0
B07WQW8HY6	0
B0114ME1EI	0
B00JPOE5NU	0
B07KQPPD7Z	0
B07DTHPPTC	0
B00HQ903TQ	0
B00DCYIA3A	0
B01MSTLPDK	0
B08GX3F6RT	0
B07B6V7SPF	0
B0BQG39Y3L	2
B07YR2HFCL	0
B004EWGDUQ	0
B099Z6N1WJ	0
B07T7TQJPD	0
B07PVRDN6D	0
B071G9PRN8	0
B007NFRAGC	0
B07JHGJWR7	0
B07SQY814V	0
B014L2JSTQ	0
B00FF4AKVK	0
B00MOJMWNS	0
B07MJVZR2Q	0
B088LMDB5R	0
B06XHH2BGR	0
B0BJ29GF6J	3
B01I7SVFQE	0
B07GXYLY9L	0
B00L3XNYSI	0
B08X1G8BDF	1
B07K459WNY	0
B010FEOLAK	0
B002K09KUE	0
B0912XVNLG	0
B07JLN49GC	0
B00YE1AGD2	0
B06WXX5MRH	0
B08KG2NMLH	0
B0013AI2U6	0
B08BTJ8P42	3
B00YDNEMC2	0
B073VR1JRH	0
B08F73Y81V	0
B08R17NYW5	0
B08RJH62SY	0
B075CP87M9	0
B08KTSGCTT	0
B082BY63Z3	0
B07GZD8G3C	0
B0885DSYYH	0
B095X696H3	3
B013CRN52W	0
B00E5I0UMG	0
B07VNV9BGX	0
B07P735MNL	0
B07THG1SH7	0
B07Q49R1JM	0
B07X1PLV5C	0
B083F75933	0
B09BG35KT2	0
B08YR2CRZ2	0
B074933HY5	0
B07VZLF718	0
B08T7G47R7	0
B07THYDNCR	0
B07Y9FFRYH	0
B00WNDCVMC	0
B004TVLJOC	0
B07QHHFD87	0
B07ZGFWYG1	0
B0105TM9K4	0
B01JSERIXK	0
B0B5R6JNJH	0
B01D04INWE	0
B0B18MM3RR	1
B01N0EC0C6	0
B0B76J292D	0
B01IDPTDH4	0
B088YHXCZW	0
B009281DOI	0
B00HUA1ZQQ	0
B01ANYEQP2	0
B07N2ZYKYY	1
B016QEID8E	0
B07JFW1XM6	0
B01M6CHBFC	0
B06XBRZC6T	0
B00OJDKHUW	0
B071WYWY2C	1
B07GDR5MC7	0
B08KWDV78S	0
B077QJZ3Y6	0
B0BMG8YQ37	0
B06XRM47TL	0
B07L35ZVSG	0
B07QVK33R5	0
B08371D8Q5	0
B07H9RL33Q	0
B00BHMUJ9C	0
B07WTB3FZH	0
B00ZGB2C8Q	0
B07C9J9QL5	0
B00KGTRUUI	0
B001CSBEJK	0
B09FPV57CW	0
B08R5YYCR5	0
B005XIGNIW	0
B079GP17RR	0
B08KDH1KT5	0
B005CMYWE6	0
B013FLY1AU	0
B0932RZPZD	2
B00YUTS07C	0
B07T1H5KVL	0
B07PDC8Y9Q	0
B00HSIGVI2	0
B009K259T6	0
B07BYL62KV	0
B07C56BYBL	0
B003IPC9P8	0
B07Q2HN126	0
B00STWLNGQ	0
B0BBWPHP4Q	1
B00MQ50HIC	0
B07LG469XG	0
B08CY2N428	0
B00XBYH2GM	0
B01CO8M04O	0
B08BPC3LYQ	0
B016YYKLPY	0
B08Z6KJT1W	5
B00K6K2C7S	0
B008R90B0K	0
B00P3711FI	0
B08SKVK2DR	0
B01F3OX24I	0
B097GGX354	0
B07PS31ZPH	0
B08ZHYRZRW	0
B07DSR52N5	0
B075XGL7YF	0
B07P2LHPFQ	0
B01N38PCXY	0
B00JA0MKD6	0
B07DC3JGNB	0
B072Q64R1P	0
B0B5HFPF5J	1
B07K8RHSBF	0
B08NWCH1W5	0
B0BFCKB2QN	46
B07PDJ9HCN	0
B07CKL31NC	0
B08B4CVDQ4	0
B07P79L8QJ	0
B08JNW3J54	0
B07YLBNF9R	0
B08GBYCZZK	1
B00CZ6CTF6	0
B07Q4MMQLJ	0
B071KZRSR7	0
B00KPW6854	0
B09ZL9Q29M	0
B07XJ7L7F5	0
B0B5WZTYTG	1
B07GB66VPD	2
B0CCW4RPKZ	1
B0746NPLXK	0
B07D7VCQZK	0
B09HBZPYJB	0
B01BPFRC4U	0
B00F75E4NW	0
B08PNNHD1N	0
B00ZZ62YZS	0
B00CWXBTMQ	0
B07HMDGFQG	0
B07LCFBWWN	0
B00IMH9RGG	0
B07RHLZQTM	0
B078J6RQDR	0
B07THB7314	0
B08FHRTQDK	0
B0193O5ZC6	0
B0818KJKSL	0
B01J1XENCW	0
B0064R1LS8	0
B01AYBZRG6	0
B01ABHYIS6	0
B09WRNW9Q7	0
B09SV4CLJN	0
B002Q0YTV8	0
B0BR4YF1RL	1
B0755BD5GQ	0
B075C6FX23	1
B079LSDK7Y	0
B00CID6ZH4	0
B09DS8M92K	0
B07S2VDSFX	0
B00XL9O5ZI	0
B07RX8SF19	0
B07TD4GFS5	0
B093NVYM9F	0
B07VRPNX1K	0
B07RGM12X6	0
B00JEWFJ0G	0
B07S1C2MNK	0
B09MYVCRVH	0
B07SS9QWFB	0
B085XRNSHB	0
B07P2D1Z61	0
B088RF1ZGM	0
B009T4LITU	0
B00FA1JAC8	0
B07KRK3KY3	0
B0CKHL92TC	0
B00VTANYQW	0
B08H4XFJF5	0
B07WPSH4CX	1
B005I3C05M	0
B088FWH3F5	0
B005DIHK70	0
B081BD9J2T	0
B0018AL3XY	3
B07MXMHXDF	0
B07LG7F8B5	0
B009B4PTYI	0
B00AMA1QEC	0
B07YGRMJRR	0
B08DFCJTRR	0
B0170P0174	0
B07Z4K9P8L	0
B00GWK7YFQ	0
B0046J9DIQ	0
B07JLNJT57	0
B07YW69ZMN	3
B000OIUPTE	0
B0718T4RKB	0
B018TJC99I	0
B075TZGK9W	0
B07BVHQRKY	0
B0182T828M	0
B09VYWR5WP	1
B07LB2S44R	0
B07L2DGTC6	1
B00M1VJRIC	0
B08SQM5ZM2	0
B008VJLDBW	0
B0839C38ZZ	0
B01I2YBFCM	0
B094DM9CF2	3
B000AL9CUI	1
B08ZNF8BWM	0
B07YY3WZ5Z	0
B01BIOTNCC	0
B0182UOK8M	0
B09X6LQW3F	1
B016Q1CCU2	0
B01EFP6SJW	0
B08GK28TC9	0
B0747VVGYN	0
B00EL3SAWW	0
B00M36PUYA	0
B002C4KBSS	0
B08X6J6HS8	0
B07YVLJ2L4	0
B00UTVM0AI	0
B01N81ADZF	0
B079N38CMQ	0
B00QM0G02Y	0
B00GJ1M8PO	0
B08T68NF5V	0
B07BCJ6M6F	0
B01EZ3U804	0
B0B1PCZVDP	1
B09N4S7XXK	0
B0882SD5MZ	0
B01IR8QJFQ	0
B091674K76	0
B0758KV6VZ	0
B08TVLX4DR	0
B013QLQBXY	0
B079ZJDL5S	0
B0051XTYKI	0
B07CM79XSV	0
B01DQ443B8	0
B00O9NDEC0	0
B00ATUJMJ6	0
B07YSYF41T	0
B01G0V0XAO	0
B08KL68QCH	2
B08HFHX3W2	0
B07MMTLTVP	0
B0B8Y9PCMS	1
B004MWQ0L0	0
B001KOUOLK	0
B06WVDFJQT	0
B004RLWPPG	0
B07VJHL9XN	0
B01N5GBF0I	0
B00UI4U0QM	0
B074N3DPYZ	0
B07TSRG4SG	0
B09VBJGYL8	0
B01F7Q7S38	0
B08GQF9V3M	0
B08HQRTYWC	0
B07K46KSVQ	0
B079NPS3D4	25
B09W5ZWL5V	4
B00J4U9GS4	0
B01HHHZE3Q	0
B00369ZRAU	0
B07MTFN3FZ	0
B00BW11QUY	0
B009TO7QQO	0
B01D5T4YHC	0
B08QHC6R45	0
B09C6QRYN8	0
B08WGXDNNT	0
B09CHCY332	2
B005OGXKVG	0
B09LSYFQMN	1
B00V3IS1IG	0
B07XDN3XKY	0
B00D6XH7K4	0
B09K43LY6R	0
B07HQH7SQB	0
B07T57DZWQ	0
B078HTZN5K	0
B00E6NJ10M	0
B00LSW5716	0
B0BHZPNQRS	0
B01IQAYDSK	0
B071HLK4VX	0
B0185NZ7A6	0
B00ECSNIDC	0
B07JB5JXX4	0
B008OGOHAQ	0
B002GYWEHK	0
B00IRED0V2	0
B004NH3I28	0
B077KSK21S	0
B01FT0YP9C	0
B00ADRE6VY	0
B07LC23ZQP	0
B09HTTNDBG	0
B00LOVUZLS	0
B00SAEPICI	0
B00CPOWZ48	0
B003XT5GRM	0
B07KYKHGM7	0
B0883F2HRN	0
B01FSH4O8I	0
B07QS6G8XS	0
B00O9ZMK2I	0
B01AFNEU5W	0
B00B7LY7GE	0
B0BKZHWYD7	1
B096YF4RG5	0
B07DMDCNYH	0
B071K7TFQV	0
B07VK1KF5D	0
B077NZ4JBM	0
B0746T3LWW	0
B01NBV755W	0
B01CZSCUDE	0
B01M16LHXS	2
B07F137RL7	0
B017W1I1XM	0
B00VSAWVXU	0
B00862D3BW	0
B0755826S6	0
B01MRHHCKU	0
B07F6QKB9P	0
B00L2CQMB6	0
B00OMKCSMW	0
B07D16D1BK	0
B00SWPN76O	0
B08Z6TFWJR	0
B073NZ1B99	0
B00I3VTKEU	0
B0B2DZ86VR	7
B09XX8SYD1	1
B0B5FJX3FF	0
B01E366OHY	0
B07QXDC2DM	0
B0728B3WXN	0
B08GSKQSRK	0
B00AY0GJ2O	0
B07PFM11X2	0
B00D4LLY0W	0
B00D44OGE0	0
B08L93L2SV	0
B071GBZ5TM	0
B00FC25DW6	0
B0BJZ8Y1PP	1
B0787SGDVM	0
B09JF5KT5Z	0
B073P2J2ZH	0
B0B8YK64CX	1
B00XV4CKDW	0
B005OBAXKC	0
B06ZZJX9Z4	0
B0832BFTF1	0
B06XDNWF1D	0
B0768LTBW6	0
B000Y06SXO	0
B00E6JUDH6	0
B00JFK44O4	0
B00N42QYGK	0
B07VP4K135	0
B07JHQQCCW	0
B00AFTPRX6	0
B09BN65NQM	0
B09CV7CWTB	0
B07MBCNV1T	0
B01NAPMQFH	0
B07MNQZJ3X	0
B004LROV3A	0
B01K1O5L26	0
B01DU7U9OG	0
B003XT0C3A	0
B0881DH3X8	0
B0937CQJ8J	0
B07781M6MR	0
B0899P4GCM	0
B07SNBTZN1	0
B09BTFRKB2	0
B012CIBO3O	0
B003H7IVC2	0
B00KJ9A8WM	0
B01015NXOI	0
B01N3XFS61	0
B008V8ISRA	0
B07TJCVSC1	0
B00439HXDG	0
B07BP2J7MB	0
B011CP63KM	0
B07KDLQMN9	0
B07RPM2YXQ	2
B005SUA4KI	0
B07HQ9DJPF	0
B000FB236I	0
B075Q54YPL	0
B0BXXCGWYY	0
B074W6NC4X	0
B009L87C4Y	0
B08GC2Z7LX	0
B08DLZZP2P	0
B00MYSGERY	0
B07171ZGRW	0
B08F92KJCW	2
B087NKLGSB	0
B00VU9XAVG	0
B08FJ49B4D	0
B0BL2HN7H1	0
B09M8Y6R4R	0
B00E5HVV20	0
B09RVVD3RW	1
B07Y2XXXNQ	0
B00Q6PMGUA	0
B075FQMXZC	0
B07NWJKB27	0
B00TQQ6V6Q	0
B087CRRXJP	0
B08DXH2ZSD	0
B074WJBNJZ	0
B097K8YT3K	0
B004CWZYF8	0
B0836K8DJL	0
B07G3LP9M2	0
B00AOHEY24	0
B0035LD2II	0
B07T2RZMQF	1
B003O2TNSQ	0
B0148NEO1K	0
B007RS1ZOS	0
B07JXKTXRL	0
B07QGTWSHX	0
B08HYMDL18	0
B0153SZV3O	0
B096NFTLJW	2
B07S86X4HS	0
B00CC8DZIC	0
B07PK38HHD	0
B09WHKT57P	50
B07PDNF6PT	0
B00JWM6UAQ	0
B01EINXY16	0
B08RBK67MR	0
B00M2OKXOA	0
B09DSMBXM4	0
B09K9SF8HT	0
B08VS8B2J7	0
B09BVJ76T6	0
B07YMN2471	0
B018ZT68Z8	0
B08HKBYQL5	0
B012485JQK	0
B0716NLNHJ	0
B00KLNM144	0
B00DY8ZRAS	0
B0BK4TCJWF	1
B01H7DJYPO	0
B078F5NXLW	0
B004R9PN3O	0
B09T78HJ9P	3
B00GCJE0XQ	0
B088NK8XPS	0
B08BS499VH	0
B09N94GHN2	0
B0132L117Y	0
B01GIID7F2	0
B0BCQWYQLQ	65
B08SLR197R	0
B00TYUQX44	0
B0B1HD3M2J	1
B07PNM1B4N	0
B00AQ4HW2E	0
B00HCEYPQM	0
B00GBUGETO	0
B07JZL6FG5	0
B09WH8CLNH	1
B07D1F2P9T	0
B082SV421C	0
B086X1F6N2	0
B00OU5NH6U	0
B07GKSN58D	0
B07F381KYP	0
B06ZXWVH4M	0
B01CH8O0LW	0
B00OZGWI1Y	0
B075Q53F27	0
B07FCHJ9M5	0
B08FCWD3QH	1
B084QCG42V	0
B09RCWX4Z2	0
B010S8DWNK	0
B077M335NT	0
B0725JZ5N4	0
B071VC12M2	0
B08T61LQ9L	0
B00J29ZE88	0
B07P9QMFYH	0
B07Z4Q55C4	0
B00NJG4PGM	0
B017HIUX40	0
B09SDKG7QP	0
B0070OH9D0	1
B076F49DGZ	0
B07R8P1ZJ4	0
B003BIZIIC	0
B07ZCWZW3L	0
B0195F2S46	0
B00SWBMVE2	0
B00WXOOB4M	0
B00MVEGGZQ	0
B091KCL3DG	0
B08V8PKCZZ	5
B004L42CNO	0
B07CN7853D	0
B07L7JPKFF	0
B09512D378	0
B08PKRXD1N	0
B08MPZFHCY	0
B08SLBH852	0
B01HJ7ZYRA	0
B076BP2WRQ	0
B07YCM7CP1	0
B00CJV8GNQ	0
B018AAMNL0	0
B004UA9390	0
B07BDL1HLD	0
B016WSIDWK	0
B01ENPMC76	0
B00H3J14KQ	0
B099WFZ5FX	0
B0741C8J28	0
B07VQH6L7M	0
B014SGAGL4	0
B00J8GJDYG	0
B00LFL7LS2	0
B07C3RKX15	0
B07DRGY6M8	0
B01AWIMA2A	0
B00CDA78QY	0
B08YFHGG8X	4
B0012V71FI	0
B01A50I64G	0
B08TQ7S2GW	6
B00OUW7WQE	0
B0167FTEB2	0
B07751PKF2	0
B00RHC5CUC	0
B07VZZ6XC6	0
B01DOE8OXS	0
B01KZ9DQXS	0
B00SY4X25O	0
B09SVNPRVJ	1
B07YSXPBKR	0
B01AL08LXQ	0
B002HWFPG8	0
B08341JG51	0
B087N3FL6K	0
B003LYBBQO	0
B008DSN7OM	0
B095RBSFRX	24
B0CF56GSG3	2
B0CFZDK5YN	5
B09XMFWQ33	0
B001VNBY96	0
B015HQNYBI	1
B00YECGSWY	0
B012RO5KHE	0
B07HQBZ4ZK	0
B000IS7RBO	0
B07T9HVGGS	0
B0BK118L86	2
B07RD6RS4C	0
B07YW5SMGR	0
B00U7LPLW4	0
B09HZ6C63V	0
B07S7NNWNX	0
B07PJ5V89V	0
B004H7Y3IW	0
B07D25RWNL	0
B00IK4L2DC	0
B08DLLW5JJ	0
B06ZZXBGL4	0
B07K6M6XBG	0
B00LXLWI00	0
B01MFDPX02	0
B00UBAPIUQ	0
B00JOOFM0G	0
B00U0HSHRG	0
B0774S1ZK5	0
B0BC6D8JXM	1
B089GLJLSW	0
B00L3A6RT4	0
B08LTTB823	0
B07G42PSKX	0
B01N42RH9E	0
B0CH3XWDF4	0
B072N82KDX	0
B071JF1M8P	0
B07CYX51SP	0
B08FXM9V9W	0
B0174AGGME	0
B016W6J7SQ	0
B06Y2JDWTS	0
B00ED7SSLE	0
B01KXHQH6A	0
B073VKZGJG	0
B00TGBE15O	0
B0781F25RD	0
B00I2YIPPI	0
B07QYFSDTG	0
B00RMKK5EM	0
B0C3KX8GZ4	0
B013EUXN0G	0
B07H5R7VFL	0
B0000C4E4Y	0
B09618M42N	0
B014ZSKJ30	0
B09WJZRQ77	1
B0B2WN2P3V	8
B00APPFKPA	0
B09DFGJJZG	2
B07ZVSLFK8	0
B089CT2MXD	0
B07XL9PD98	0
B07LG1DBTB	0
B09875C89H	0
B01IA2ZGH6	0
B09NVZ1S54	2
B01HHPJPJ2	0
B002JINVES	0
B075QKZ3FN	0
B000MRLMF8	0
B07768LR5R	0
B071GWN47D	0
B07HDSQ51H	0
B08MDYBS2X	0
B073F9BSD4	0
B088Q9V7SQ	0
B07RXNHTPT	0
B0779H3N5H	0
B01F19L198	0
B07D5TSFCV	5
B00GKGT982	0
B07KY1YTDQ	0
B07ST4349M	0
B00XJP15K2	0
B00Q5NIBMA	1
B002JIEHA0	0
B0116LYM8C	0
B0BZ4S9VY7	3
B0893WT7HL	0
B07RDJV29H	0
B09CL5X2HX	0
B08B58WG35	0
B06XSPLDCF	0
B07WHWQ8G6	0
B07748RNZH	0
B079GLNRVT	0
B06XFDMW8F	0
B07BLM2K3Y	0
B07ZZDZMVQ	2
B06XP77WYF	0
B01N4DVCOB	0
B0093QCI98	0
B01IRMA2LE	0
B078YJZ9LG	0
B01BLUCCGM	1
B0BNXXDD8M	0
B08FCN75ZV	0
B0B8267FGY	0
B01553HQSK	0
B007WPH8Z6	0
B01ALGGOLQ	0
B09LMLVNNF	0
B098QDV76S	0
B09882CZH4	0
B00S33UPKG	0
B0145J7QNU	0
B014JP5D4O	0
B09HXY9NP6	16
B07JBYYL62	0
B004EBQ6B8	0
B07M6LBQN7	0
B09QJ6N3ZJ	0
B0869H16T2	0
B0058G2X0Q	0
B00D8SW7X4	0
B08QYTDM3V	0
B07BXFGLRW	0
B072R39D6Q	0
B08GC44PP1	0
B00DMP0FGO	0
B09ZPTXMBY	0
B081BDH1SW	0
B07KPSB2Z7	0
B00VMW3J3A	0
B00AVB7YUM	0
B07GLN2JG3	0
B01KU3L5IM	0
B01LA7FTO8	0
B001OI3G6W	0
B001B64RJM	0
B009723KRC	0
B0831DDQXN	0
B07ZDCZLM7	0
B082NLP29F	0
B07MKNJPJ2	0
B00FJPLRAS	0
B01DONE8UC	0
B078V4W1JP	0
B078YDYM3P	0
B0893RM7HK	0
B00UZHSVT0	0
B09473JX5T	3
B01MT5BXAV	0
B08FKK2P25	0
B081MXG21P	0
B01M0HNIJQ	0
B09G6VJMFS	0
B005OUKL9G	0
B01I3VAAYS	0
B08PYYQG28	0
B095WTJRRL	0
B06XC5FKTM	0
B00QSC1WWE	0
B00R8NVMNQ	0
B07NZ39CHS	0
B07XP59G1X	0
B07Z5WSTBP	0
B09R3XBPL7	2
B06XSCL9J9	0
B07YZLM84G	0
B00I69C14A	0
B008LWY7YO	0
B00ETHYCDQ	0
B07DDD3RBH	0
B00EM4Q45U	0
B07NJ1GK39	0
B09D8N2XQM	1
B07X3RZPMQ	0
B085NLCL16	1
B0862DBS87	0
B0844KZVLT	0
B09DPGHCQG	0
B00PRR6AAK	0
B07PFSX4S5	2
B00IIFWQ0Q	0
B09H6SFF7V	1
B00KY5RBXK	0
B00HWIN2EE	0
B0832RS3C3	26
B07T13FSKG	0
B01N7VMLDT	0
B01N9D696P	0
B09GM15VHN	0
B0BG4WSCM6	1
B09VT59HR8	0
B0872J8KB1	1
B07XYFGSFF	0
B09X5KJ5SY	0
B07F1GWLBH	0
B07HP57NDS	0
B0BT68G5VB	0
B09NJM1ZVQ	1
B01BVF8CYS	0
B0752J7LCH	0
B07QJXBSBP	0
B0057MG2PS	0
B09842FHH8	2
B07CCHZ6FG	0
B0B1MQ6268	1
B07ZQ2MKSM	0
B06XXLFZ4B	0
B08FQZ9MLG	0
B017USWH5U	0
B074XFB1HJ	0
B00B0DJJ9O	0
B073CDLRN6	0
B00MFDT40M	0
B07G5ZD2X1	0
B07CL2NQZX	0
B01C8ISMFQ	0
B00XR91YWY	0
B072Q4GV8F	0
B00S4ZULZ2	0
B0919CWQPK	0
B01BLHCN5K	0
B00O2KYXE8	0
B08X65VTPD	0
B0BRX7VNNR	1
B07C7FR34Q	0
B08VDPB84T	0
B00KXBE17E	0
B0B18L9861	0
B09F33PF12	0
B0089K4POA	0
B07DW2THB1	0
B074S5D1Z6	0
B07ZFG2GFM	0
B07CW1LZ8H	0
B09MHZF7B5	0
B08D776GM5	0
B08ZSS9XKQ	0
B00APQ9TN8	0
B081FTQ7GM	0
B07CG2Z4XP	0
B008DD4EN0	0
B01M04LRTQ	0
B08SG4SYT7	0
B004XNRB5M	0
B012BM6WY2	0
B00YN9CCNM	0
B01LETZQF4	0
B07L4VSDHB	0
B07F73161M	0
B073WS8T13	0
B00K2RGE4C	0
B08SCCCFB5	0
B00LMI9RT4	0
B08Z32GJRX	5
B007VQR0H2	0
B07XHM11YQ	0
B07GNDMBNY	0
B017KAPIFY	0
B09837RRL7	0
B00PR3SVBA	0
B00E5CPLAI	0
B013JOZBV6	0
B06XHVVY4X	0
B01IYBBKGO	0
B09W8ZYNHL	0
B08BWHG5WG	0
B07RJ45FP5	0
B000B55AHW	0
B07T2F6YX9	0
B015MN8OZM	0
B09WYMP2KC	4
B079HM1VTM	0
B08THH611N	0
B001MUKWQ4	0
B010MHPI9I	0
B07H3PTNWJ	0
B004SQEOMM	0
B0055489PY	0
B07M7DRFZJ	0
B076GC94GJ	0
B013VWKNVY	0
B07HMSXGRY	0
B07D3DV6RW	0
B00FPDJRAG	0
B00B7FNXPG	0
B00IS221KE	0
B001UQ79RU	0
B00DRE2YAA	0
B0798NPXXZ	0
B01MA4GIXQ	0
B08VL3FZM2	0
B00ZOW5Z9U	0
B06XPCDNS1	0
B07JDQWPP8	0
B007T9I7M8	0
B0713S6R54	0
B07P6VZ4Q3	0
B07H1693W1	0
B099F289D3	0
B0734YS4RD	0
B01IATMSUW	0
B08K36CCJ7	0
B00DDJY3LM	0
B07BQ17PS4	0
B09Z6H79SR	0
B005Q8FFBU	0
B00PZO44OY	0
B07QPQ8SZY	1
B00NNG81WW	0
B09J7YXYZ9	2
B010FNOPSY	0
B09B9YKMBF	0
B00LQG9BPM	0
B07HGWH9DW	0
B07CPSY3ZX	0
B06XW5H35Q	0
B0119NLXB6	0
B002HJHNGG	0
B0BY1MFJBZ	4
B07JHJ4FZW	0
B01AA492V8	0
B07GP55X79	0
B0B927QFZT	1
B00WT4G1JE	0
B005UKKWJE	0
B00EYXRT1W	0
B01MYGHWYL	0
B009QOXACQ	0
B087BZN23H	0
B07FNQ297S	0
B086MH7H5R	0
B089VWNNFP	0
B099ZTW9WK	0
B005AGHDMW	1
B0784HH3V5	0
B07DJ57FC6	0
B08B67HNG3	0
B08JPVWF9W	0
B014WXBLYE	0
B07TFZDFNX	0
B00FY7ZOCS	0
B00MQ31XAA	0
B07CMV8GSJ	0
B004DEPRF2	0
B08R8MSMBW	0
B09YYW8QD9	1
B07B6QK6MX	0
B079HFC6Q9	0
B00T7EHW24	0
B09TLQ6QPZ	8
B00NXH02LO	1
B07GQNSRMD	0
B016HCI5DS	0
B09TXVH6NW	0
B082HK4C1V	0
B07SKCDZQK	1
B001V7TDEK	0
B085LXCRJJ	0
B00RDOWK3G	0
B07XQCY4DZ	1
B07JMMP5V4	0
B00OZFTPS4	0
B000TC82EA	0
B00DNO2Y68	0
B01HQAYO8K	0
B098CC5LPR	0
B08VJBD4CZ	0
B014FASY44	0
B08JPG26WF	0
B007Z1VSJO	0
B019O037WO	0
B09FSW6NZJ	0
B00XKVV1UE	0
B09W15FD5C	0
B071F5PHQT	0
B01NCPFF4M	0
B005HQFOVC	0
B09PD1NWB3	3
B07H1BKKPG	0
B08B5VTQKP	0
B004MLU3VE	0
B008OXVWY8	0
B07FGT5L2R	0
B094LW4TVM	0
B017LPJMF0	0
B00CAWPI62	0
B07KX9DCVJ	0
B072T2Y5CW	0
B00XWYMHN4	0
B07MK1DG29	0
B0102GNOF4	0
B07YFBFSGQ	0
B01D3OGQ4S	0
B071LTQHDR	0
B0BPKYFR1W	4
B07F5FW7LC	0
B09VL79374	0
B00KTA8GS4	0
B07TX93627	0
B07RFZN2KC	0
B00FZE0KRO	0
B00HUVTP26	0
B0755GMVR3	0
B0827P14T7	0
B01HUCJ0CE	0
B0117R04NM	0
B08DFZLP59	0
B07G9RCKGY	0
B08VH7R86L	0
B09MLWDCQN	0
B09T699F5X	0
B07SVCJYPJ	0
B074KRW21Z	0
B07J6R1PKW	0
B002SWLWRI	0
B08F1V1J3H	0
B074HVQ41Y	0
B083DM2SVX	0
B00HRHROJ4	0
B084QLLLG1	0
B07Z83KDSL	0
B00VB5BUGG	0
B007TAP4G4	0
B078T44BTM	0
B00TBL23SG	0
B01BY7S1IU	0
B09MLSR96R	1
B0829D33LM	0
B09C4KB4ZL	0
B018ZVE8O4	0
B005QSC3FQ	0
B08DCLX66D	0
B00NFD6S96	0
B07FNM32Y6	0
B07LGJCCS5	0
B072QYDW7B	0
B013Z325JW	0
B07NQH8ZV2	0
B00TJIB3L4	0
B0BFQ3QPKG	1
B077P43C14	0
B08GSGQQV5	0
B078HPLX38	0
B08NSVMTWM	0
B07DNLC3FY	0
B01MSXETQD	0
B005V3GPCS	0
B07JCKF2XB	0
B083DNTR5X	0
B01MRDDRX8	0
B01LY79OMM	0
B00WEJK7NK	0
B0872GS7BV	0
B07BBW447Q	0
B08619NKJY	0
B07VPDF83G	0
B08R5ZQNKJ	0
B077D3CD5T	1
B08P353WP5	0
B07T5Z4WBJ	0
B076VFXD79	0
B083NKWX42	0
B09NDRWRLY	1
B09955BZS5	0
B00ETH6DYC	0
B076D26RSB	0
B00C0CON4A	0
B0982353BM	1
B09DSCVM8D	0
B07XG7SJ6H	0
B01725IR0A	0
B075H44TWL	0
B01018DVO2	0
B097GYBP7H	1
B00Z7BJJIQ	0
B00757Q0UU	0
B076H21WRC	0
B0756S5KQG	0
B08DHNGXCN	0
B09WVHJT4N	1
B06ZZXBQN4	0
B015S3F7AQ	0
B00P0SI64E	0
B09CQ4LK4D	0
B01HPMTQUK	0
B07ZPM8B1C	0
B003BM4C4E	0
B07BN4HMD7	0
B013E5TK8A	0
B07B86M75W	0
B06XW1Z4YZ	0
B01CJ5TR2U	0
B07T87C866	0
B08CXMQTXK	2
B08665RRRX	0
B07CN8W4RT	0
B005R1E7BK	0
B083XP9S48	0
B089B2TCFS	0
B00J9JO2MA	0
B0068FTJWQ	0
B07XJRC39V	0
B00D1IAXOG	0
B07F7W1DHY	0
B07SCQDKKP	0
B083GSKW93	0
B01N638H08	0
B018G6VBS4	0
B079T8T9LK	0
B09K45CY6K	3
B076LV3CMD	0
B093KBLVRR	0
B07VH36S6W	0
B00RMKN1VG	0
B07467GCZ3	0
B0015AUOCS	0
B01N7D4PPG	0
B078HN6Q69	0
B00TYMRFS0	0
B07THBLWR6	0
B08L6KV83T	0
B07GVFHNTF	0
B0073RJRBQ	0
B00X5Y6U9S	0
B019AC525Q	0
B0089R5182	0
B0113ODYGS	0
B08CVM46SH	0
B00AMPOC98	0
B07RHVLJ13	0
B01MQFRHWZ	0
B01FOHFWNS	0
B00M8JJL38	0
B07JLV2NC7	0
B07GWWS2GZ	0
B078WMH6YB	0
B07CDWGNSV	0
B001EVBS1O	0
B0B38V1VWY	1
B007JBHK1U	0
B07FX66ZQT	0
B08V1KZBLB	1
B00DNNYSAO	0
B07ZZKRQHT	0
B01I5N3KZA	0
B00ACL9KVC	0
B01HJBNFIG	0
B073NN5ZH5	0
B00826U2RA	0
B0743SCVDH	0
B07C29ND8N	0
B09BB3315X	0
B000ICUXRU	0
B00NGSAS1E	0
B06Y4K8K9W	0
B00NNG67AK	0
B07L425HPY	0
B07D9S6J91	0
B07Q9MNQZG	0
B07XNYPWSJ	0
B08VGGKMTF	1
B01CK9T78O	0
B00OI8BA1S	0
B0B84VTBCL	5
B00BPIH7B6	0
B07MKFVBDM	0
B089ND4QQ4	0
B073H8XM8Z	0
B01N8ZLPEC	0
B0B1GVBQ7M	1
B0036EBAC4	0
B0096IY0JY	0
B00CK6APB6	0
B075ZNF8DG	0
B01MQTQ4ON	0
B08HGR8QSF	0
B00CTUZSRE	0
B016K36RMK	0
B01N00S2Z9	0
B07VWCNJPM	0
B09V8D7KR8	0
B00S9TWJOE	0
B09DDGPXQR	0
B085N6Z5GB	0
B0BDQYB7SC	1
B00AYTIENW	0
B09VZP38GL	2
B07FMN7F5S	0
B089NH22B5	1
B07C8B4ZVT	0
B09P85CNHG	0
B01ENZA6V0	0
B01MD0ROXB	0
B071Z9T8RG	0
B01N4MT91A	0
B01N6CJ477	0
B01G0G834M	0
B00DVJQIHG	0
B000PE8C0Q	0
B01N0NI50N	0
B07JLNLVFK	0
B004JRG342	0
B07KWW139D	0
B09MK3DSVZ	3
B07XDZNK2L	0
B01MTU9PPK	0
B087PHRYXL	0
B00RES15O6	0
B01MTUWWPF	0
B0929BSY6F	0
B0863F73CX	0
B01C7JD54E	0
B085G2V8HH	3
B07L2YVTWQ	0
B00SCUUB86	0
B004BXAKGG	0
B00N321MUO	0
B097M8S8QY	0
B0BWFW729N	1
B0762W5YY3	0
B0B5QDXQS9	0
B07DDLL1H3	0
B082SMQR9V	0
B00B2AZ1UQ	0
B01LXQ05CY	0
B094Q4F9JQ	0
B00DZ4XYMY	0
B002DWITY2	0
B0855GCV9T	0
B08FC6TWZG	0
B0873896HD	0
B0C68T7X36	2
B07GJD66KL	0
B09FM27789	2
B08D5ZW5WB	0
B07GSMMCWW	0
B08DF9F8KG	0
B00W8VUDCO	0
B073WVY8MB	0
B00YZKYONU	0
B09QSLV5BZ	0
B07ZBZX5G7	1
B00F9QARQ2	0
B00AHNFMNA	0
B07L8Z2HH2	0
B07S85N55P	0
B09BQWVGC1	0
B0B2FYPCC3	1
B086HX15PV	0
B079278DNL	0
B003NSBHYO	0
B08CBVZ2SZ	0
B08Y6CZLD8	0
B07S3KDXWD	0
B08T71B5M6	0
B078NHM4CV	0
B07PYTCVY8	0
B08XYNSX6B	0
B073W9B2RG	0
B07JJNDZ11	0
B095NT1V33	0
B076MSXYVX	0
B07VSCVZXX	0
B00WH92M3K	0
B07KK3Q5YH	0
B07YCPSX22	0
B085VV7GVJ	2
B08H73SD52	0
B01BWLZTZQ	0
B00GWKTNTQ	0
B08FHRZBKV	0
B07YF9WM81	0
B0046LVHFQ	0
B00IJOPJBO	0
B006VK6TT4	0
B07V57KW1F	0
B00K5MHMRW	0
B00E9AOVX4	0
B085TLQKVH	0
B07C9CZ3F9	0
B0175UFYNU	0
B01NAL0FWF	0
B07R1JH679	0
B07PWY92GK	0
B007FRUWV8	0
B08VN446J8	0
B09WZK371F	0
B006LPUVS4	0
B004O9KXDW	0
B07SHQ6N8T	0
B093FHKGG3	0
B01MQXS7SG	0
B074QLR7NH	0
B00LXLPSSE	0
B00GHYK9AY	0
B08K8XSMW1	0
B07NVXYHLX	0
B00HE5B85K	0
B003D1FQXE	0
B016FKAKB2	0
B003XCU796	0
B0BNMZ9LLQ	1
B0794W4PD6	0
B081S71WR9	0
B00IT04SDI	0
B09BQWHZFN	0
B07B43THRL	0
B08YQTWBV3	0
B0057ACRYU	0
B074TCVBK9	0
B01L8JWAX6	0
B07312PMFG	0
B083HSWMQP	0
B0B8T9HJ69	1
B00OFUVAPA	0
B01M06PLYW	0
B07481M519	2
B00Y4FIN4W	0
B07FS55J15	0
B0050SRHXK	0
B00NB6O49I	0
B07NRX8JBN	0
B07MV4JZKL	0
B093HCQ8CF	0
B00A3V7KW2	0
B01E5ZF1Z4	0
B0732KSH2G	0
B00J7TTKHY	2
B09TP9S88L	0
B073RJ17NT	0
B07L9YXT9Q	1
B081S9TT5X	0
B01GQL2ZQI	0
B089VXGZ2T	0
B01BTNF5JW	0
B00Q2L1VQI	0
B06XGBTLWL	0
B00HSNZU9I	0
B07G347BQJ	0
B01HEPIZQE	0
B07SKVNJS6	0
B00E68LYHA	0
B078GF1XRY	0
B07J5Y324C	0
B0111HK7UI	0
B07Q579SKB	0
B08CF11373	0
B085NJV3YS	2
B07H9G21MM	0
B01772ZW9W	0
B09HS8DWNX	0
B00D3REUCQ	0
B00CPLCXU2	0
B097NJ37NJ	0
B00O9TFRR4	0
B09TQG1T1V	0
B07K9QYYL8	0
B07WBTLNKK	0
B00506NZHO	0
B073CK3QQX	0
B08D967NLM	0
B0797W5MT4	0
B07CGW7MHG	0
B07PP3988B	0
B08V5975K3	0
B08HVBTQQ6	0
B07PLN85HW	0
B07FWRP9N8	0
B07YWM5F6B	0
B00ZFX7RNU	0
B078FM3RV8	0
B00ASI7KXO	0
B07CK2NQBN	0
B09VBDL4FZ	0
B00P1K0ZR2	0
B07V6NV86Z	0
B01DV7O87O	0
B082F9V9RK	0
B07N1T8MYM	0
B07Y31989Q	0
B07GH7D1LM	0
B00E5PLW8U	1
B07KX5N8LG	0
B08GQSDZ21	0
B07Z9NGZKB	0
B06XZVQTCZ	0
B074MZB1JY	0
B0016ZP9KY	0
B06ZZNN4RF	0
B006ZJU5AU	0
B07YSB8JQR	0
B0BGJ469RY	1
B09DT7PMN2	0
B074WH6WKG	0
B00VIKF6D2	0
B07WQGB781	0
B08X7HGDDR	0
B07HCC31MZ	0
B00ITEX4VG	0
B075KKTQ2Y	0
B07J9PWJJ4	0
B09X9VZ8JR	5
B07P5P7PVR	0
B08DKW6XJZ	0
B09BFPWXY5	0
B06XFGYMV3	0
B084QB97GV	0
B00INEKCXU	0
B0833X454H	0
B0C145HTY3	7
B07RMP4L3R	0
B004OD9PBY	0
B008AJOYC8	0
B07QH15GHT	14
B08B1GMBJX	0
B07SYFHG57	0
B00UZ23FRI	0
B073W6WTJ4	0
B003JTULGW	0
B08F51KYRQ	0
B07QNV1PX8	0
B076MF8C6H	0
B07YF3D5Z7	0
B07VLNFF1F	0
B085VWYRQ8	0
B007O2OMCY	0
B07S3KSYD1	0
B07K7GH1F8	1
B09Q9Y87XK	0
B07G7BTJPC	0
B07BLMTRX7	0
B005CREK7A	0
B08G4VB5RV	0
B07WSZR1JV	0
B0097WWBOK	0
B004IZMCRC	0
B07B1SNVYB	0
B07F12DFQM	0
B0B93G68W3	1
B07SXDPWKM	0
B075Q4TZSP	0
B01M7XQRPG	0
B0C99FYL1X	0
B00NAGTOL2	0
B01CUYCYR0	0
B0BP2CSW2D	41
B01N2OTLIC	0
B0C66GB18N	0
B00O83IBVA	0
B008R6TO8S	0
B095YSPRX1	0
B008FC6CRU	0
B00196B2OW	0
B081DSQ2LX	0
B004TIVRGA	0
B019ZYG2EY	0
B012E3JLFA	0
B08HSBX8PW	0
B0014UJCU4	0
B071W2VV14	0
B00BF9LL4E	0
B07P8C9CTM	0
B0074O30F2	0
B08NTB14KQ	0
B0BFFDFQBH	2
B07WSSZ1Q8	0
B01MRJXB04	0
B08WZ73VLD	0
B07JHXMLK9	0
B08DY3DFQY	0
B01KILT64Q	9
B00KQ3IIZ0	0
B00HV0A9CG	0
B09XJCZGN4	0
B002GU71K4	0
B00L10BT3A	0
B008QD7EXY	0
B084R6YVT1	0
B00GT4RRDO	0
B0727XSNZ3	0
B0115YPBOO	0
B000JQJS62	0
B0844BMCMV	0
B01N4GBG6G	16
B08R3JP4T4	0
B07TD21CH8	0
B072K3PFWP	0
B07VN9HBLN	0
B079TPZ56B	0
B0B4JDRN8F	1
B01IVNN356	0
B01FRA0ANO	0
B07QDFWSF3	0
B008U5JYGI	0
B01H6ZTG4C	0
B0010Y6MIE	0
B000H48ECU	0
B0756JTM47	0
B078M1TQ68	0
B0BDFHBK9V	32
B08M3LC1S3	0
B01EKK190U	0
B07MD4M1WQ	0
B07Q99ZWDT	0
B0B9W8LGST	4
B00K1FFXXI	0
B07QD9LY89	0
B07RQGVCP4	0
B07WG7BF7K	0
B09YDH5WTG	0
B07PVK49MN	0
B07N1F4L96	0
B09LSZKZBH	1
B07QVG2FFM	4
B09SHQLF98	0
B0BPSMCW79	0
B096X7XDP8	0
B07N13R48W	0
B07YGTHGD1	0
B08NY63L9W	0
B089YS9TGD	0
B00DQXS30C	0
B01C0XNH7C	0
B08HVSP4G5	0
B00B7RAO5Q	0
B08FQVK21D	0
B007I80ULQ	0
B076QLP45X	0
B08SHYT1HK	0
B00YZP3LDO	0
B09N17NK8N	3
B076GTFJKH	0
B08DQXXHMX	0
B076P8CL41	0
B082DN5WRT	0
B01IRLRBOG	0
B0BT6G5BNX	0
B01IOXZMF2	0
B076281S73	0
B07X544N7G	1
B08HXMM2GY	0
B07GXK3WWT	0
B085T9CNT4	0
B01C64FAKC	0
B00JHGLXZE	0
B00VVZHM1I	0
B009CG0D1E	0
B011BNVBFM	0
B004ZLVJ6Y	0
B07DFRZHZP	0
B08F77MSGJ	0
B07RYFH5M8	0
B00BP4D4RG	0
B08XH6HFSS	0
B0BR4SSH7S	0
B01DKJVWR2	0
B07HKDH5J8	0
B0874QLQG7	0
B019168C30	0
B005G5DMCW	0
B00MBA7H1M	0
B08S1SYPVJ	0
B08YJFKB19	0
B07JLQMTCH	0
B01LXYFI01	0
B002PMHY14	0
B01MY9COQ7	0
B07SG6GC5B	0
B01LW84HZB	0
B00KXDDJMK	0
B01I1VAGYE	0
B08DCXT2DJ	0
B01N8U8KFV	0
B082YJ2M4G	0
B005FM86CM	0
B09Q6FP3KT	0
B09GH7C8XG	0
B01D88M3RS	0
B0BJW2X35V	1
B01628PD96	0
B096XT3MHC	1
B08R859NF4	0
B071S812MW	0
B08L6BB77C	0
B09PFCZM2H	0
B07YGKXP7W	0
B07GP57KB8	0
B08P34RDT4	0
B002LVV4WE	0
B07TRKS891	0
B07YFT2TFP	0
B07PLRYQX6	1
B07QL3CB7P	0
B073WR4PT5	0
B01AC9J2MA	0
B00T6WGZAM	0
B01B8W09X6	0
B00V8DWKUG	0
B075ZRHNTB	0
B08PCXKWWK	0
B07N278X27	0
B088TB98TC	0
B0BDL17BCN	8
B07NDZQTB9	0
B07BBK37Q9	0
B09NQRG89V	1
B077R9HZS1	0
B008JB3M98	0
B09G25WF1H	2
B0BTHN2D1H	0
B0B3J6XL7D	1
B078MMT49X	0
B08F5F5CCG	0
B077LQ73ZF	0
B0893K4SFQ	0
B007M66I9W	0
B017Q17M1U	0
B08B7R27ZN	0
B01BO6Y86U	0
B06XRMQMWB	0
B016B07WZI	5
B01DTUQ8Q2	1
B002GUG8SK	0
B015QHSQOS	0
B08PTSKT8T	0
B0722CX8YD	0
B07X32N2MQ	0
B01IAX2YBG	0
B00DGFQNXY	0
B00IOB7T1U	0
B083NV5WG7	0
B07XPRKK7D	10
B09FYT8MYX	2
B0837LGLDW	0
B010AI7T2S	0
B00VWIPY8W	0
B097K17LB8	1
B017SQL4GM	0
B00RHVE498	0
B074PJM5N2	0
B01N1UKE0J	0
B07YK3DGKM	0
B082L5647S	0
B072KGD8Z1	0
B01I3NWKIK	0
B007HQEOHU	0
B07YSVFRSK	0
B00RTJ7148	0
B07X99HVSX	0
B01IQVAMRA	0
B07DPDYS59	0
B0992GKP62	0
B09F9FZ6DY	2
B07618V399	0
B06XMYT74V	0
B07G5WCH84	0
B09KMX2SZR	1
B01C4W1RQC	0
B007W5NJ1I	0
B08CTHFFDZ	1
B00UCO365A	0
B0775HVQ7S	0
B07DMM8K27	0
B07YZL7Z29	0
B0BQW3NYYN	1
B07HN4XGXW	0
B07JF52CBB	0
B08T5ZMVFN	0
B07JMDPY43	0
B01M2XS6B0	0
B003HBWTHG	0
B004JU29T2	0
B00OM4B2DO	0
B07C4SDKWK	0
B07P7MQQYZ	0
B08JFTGZDM	0
B06ZYQRM5K	0
B08MW4HT8S	0
B01M1L8LU9	0
B00VRWJ6V4	0
B004FIOX38	0
B01IALEIL2	0
B08G4SZDN7	0
B07WGNNYF6	0
B075CGGCHK	0
B07B8KP2LD	2
B09CDK492T	0
B09LFQR181	1
B00GRNGJ6S	0
B095KJYFRV	0
B09K4CTM9C	0
B01DLZ20YE	0
B000E4C8H0	0
B08DX9JPV1	0
B07ZG76F9Z	0
B00336EZ6I	0
B09NNS84Z2	1
B00AZWP9EU	0
B07KX1MBQV	0
B00TYE19EO	0
B01D2EXAPW	0
B07QZKQBJF	0
B09PV5HJMB	4
B07MKM8CV7	0
B079W3S2CM	0
B07KZWPPG1	0
B08CDD3Y7H	0
B00O3JEOO2	0
B08SQLJN2F	0
B07BVK6YJK	0
B01CH539GM	19
B076CQBSN7	0
B078VLQ9PH	0
B071PF2QCY	0
B079G8R6P1	0
B07DV4ZQDJ	0
B07B8N5S5L	0
B00I5YJXF6	0
B0877BQ8P3	0
B01NGU6RYZ	0
B07YF4S394	3
B07WS1QJK2	0
B077RNYW64	0
B082D5TKNG	0
B06XPDMJVJ	0
B01N4RZR1Q	0
B014J0CMU2	0
B07B91CJZ1	0
B0BF5DVJTR	1
B07Z91WVQV	0
B003MZ0P3W	0
B00Q884234	0
B07MK9YXQ1	0
B07YLVRPYW	11
B00FJOL69G	0
B07MGR6D5M	5
B001J6NDXK	0
B08CBT5GR5	0
B0893WHR4Q	0
B01LWSUGUM	0
B0915RYS82	0
B075DSQ5W6	0
B08XP1G6QS	0
B00VXQERV8	0
B07KYKXJCN	0
B00JWJCSXM	0
B078KS59LR	0
B07WRVQWHC	0
B08J4DK3DS	0
B0BJSCHKHR	0
B00B4YXJEU	0
B074FY1945	0
B071F9TMYC	0
B087TT1XRR	0
B00BMLXS0U	0
B0BF63GQT7	1
B07GL71PC5	1
B076HHRTYS	0
B07QLHKVLD	0
B09H6WLZB6	1
B00XHAX4R6	0
B004H0MYTO	0
B09J4T22KP	0
B079ZT77ZP	0
B00H7VSD6I	0
B092HT253T	0
B097XN8QQ8	0
B008F06XXU	0
B00WMN12QE	5
B01MRBH645	0
B09P1XJ772	1
B01J3IF93C	1
B013GFKK8M	1
B01MRRZ3J1	0
B0932WJ2Q7	0
B010BBOO7W	0
B01A7L2PJ0	0
B000K7IJ10	0
B008FPTWQ0	0
B00Q2EECLQ	0
B0067FEXQE	0
B010OMHV28	0
B083NT4C45	0
B098R8B41Z	8
B00MAA5DKK	0
B07R485VK6	0
B00JBXO896	0
B07X1ZCY5T	0
B0921NQML6	0
B099Q7FY78	0
B081PDTGN8	0
B00BRSVXFK	2
B0084J438E	0
B09Q5MY9SJ	0
B09D63ZQJ6	1
B09WDNKKYF	1
B01KH6TWDM	0
B07SKXT1ZC	0
B005D9N6E0	0
B00595P38U	0
B07NZSSK7V	0
B0763MK82G	0
B079MG9Z3F	0
B07DPRK4R8	0
B0BFQHFXVG	0
B00J7F145Y	0
B072VCTWVY	0
B01715W8EM	0
B07SC44MTC	0
B000OVNM46	0
B01MQRMTRU	0
B097T6W4ZT	0
B00H8B1QHK	0
B08R1PGG92	0
B004D0ISS4	0
B07QJ4NTFJ	0
B09MCZVF7J	0
B006T943JK	0
B01NCOMSBK	0
B08LYD1G8V	0
B014LT032A	0
B087JQFKFN	0
B01N3QD6KW	0
B07PJSW18Q	0
B09KY4ZDW9	0
B007RGCYYK	0
B007RDH59M	0
B0038NIEVS	0
B07N83FQLF	0
B08LP2XZC5	1
B07DFBP96L	0
B00RJVS8UC	0
B07PJZ193K	0
B0141R0YGC	0
B08XKH2X2G	0
B00683GGQA	0
B00N5BCY2I	1
B0010BAY40	0
B07X7MWWQ7	0
B09RHPGHV3	0
B005B8CIVK	0
B081QWHR9D	0
B089ZYNKD9	1
B07869CLLM	0
B07843QY6T	0
B01E7RKHKO	0
B008WQR746	0
B07JCGP5TY	1
B0CC6KDZN9	1
B081P9PZML	0
B07MQ4GP2Q	0
B00KTFFD8K	0
B0BTPJ3XRG	1
B08J3R9Q4M	0
B09CS38VS9	1
B08VH96KL4	1
B0B86HL2V2	5
B01KOG6YG8	0
B0BVM2ZYWX	3
B06XH5NNHH	0
B07N7TYBB5	3
B0019KPAYQ	0
B0C1CR3WBS	1
B00FIYD2JE	0
B01FN6CX64	0
B0BLSPTXT7	1
B07K632MPC	0
B08FZ23LXP	0
B07FQDB4SS	0
B003E7UP8S	0
B0B8TKQ1PB	1
B007IGIL6E	0
B07C2QNLB2	0
B01M66PUT6	0
B07WSR7VSJ	0
B07QXB5VM5	0
B0039NMU2Q	0
B08RX9QZMY	0
B07DY6V1YV	0
B00574K9I2	0
B07JFKFPF8	0
B073NXHKV2	0
B07WL7D7XB	0
B08VFKBZ7Q	0
B07J21CRSP	0
B0779WGK9C	0
B07P15RSD6	0
B00HWYPKCA	0
B06Y2TH7YC	0
B08FXJ77BQ	0
B002SB9RZS	0
B08L4JLRCT	0
B00E19N2O2	0
B08H5F8WLQ	0
B08XK79H6Q	0
B085D9W4BK	0
B07WKWQ5X4	0
B00NYVL6UU	0
B01BGZ9SBY	0
B094LVSH89	0
B00NYXYG82	0
B0BQJTN1HZ	9
B07QPNWBVS	0
B076F1X7YB	0
B0BLZ411T2	0
B07DJSNVSH	0
B09XZXGQ8H	0
B01B47J260	0
B099RZ5S1S	0
B00CHYG8NU	0
B07LD6PXD9	0
B01AYAMETK	0
B07CYZ84HF	0
B074BD633X	0
B010779XEY	0
B0BQ6RW5FC	0
B07MD3XBZ7	0
B003V83DSY	0
B0713WH89T	0
B099WR4VNY	3
B00HTEZSGG	0
B08GK645DZ	0
B07PRMDHY2	0
B07D9YG67Z	0
B085GL5ZP2	0
B092FBXV41	1
B074P3TQ16	3
B09DGDC764	3
B00JUQWBUM	0
B00WR12BQG	0
B01A6LKK1G	0
B09XM1VMRR	1
B01K4G9L6S	0
B00HPWSJZY	0
B00H329MT8	0
B0912S5NMR	0
B00P02I9HO	0
B09GLXJ4P2	0
B01N22524A	0
B09JT1T7GJ	0
B0026WH2O2	0
B076HWR4MK	0
B00TF1MNFU	0
B08QVTQP24	0
B001TDL1FA	0
B083GHZ2YC	0
B07NNZJ3CV	0
B002IBXOXE	0
B01MPX4LQH	0
B00PLA6KP8	0
B09S5S7J8D	0
B01890LTA2	0
B08QRJXHYK	2
B010TKLG5I	0
B00NAXXSC6	0
B016NPNLO2	0
B0B42PVX1F	32
B07QJX3MYS	0
B01MYNKP1O	1
B07XM5MHB3	0
B0732JRFBJ	0
B00LPCJ1CA	0
B00IL6GOIC	0
B07X5Z9TF9	0
B09LTYGQ8X	0
B006WQTHD2	0
B07XJ1XHSF	0
B08M9ZTBCP	0
B004QDSJZU	0
B002AH3EXQ	0
B00WXID1V2	0
B01EX35BNU	0
B00J3R5B46	0
B07M6FRYW9	0
B08MDXQN32	1
B00EFG5N48	0
B06XX6CDS4	0
B07NMGQSGY	0
B08JP88HS3	0
B079JLD3QN	0
B07GNX76CF	0
B08R33N75C	0
B085GJWLB8	0
B072PDHRBT	0
B07MJJYNZ5	0
B07CR2M2NZ	0
B08RD8CX5F	0
B07F1LHCJV	0
B00TDBWF3W	0
B077ZGS2S7	0
B0B7MF71NJ	1
B08NVCDM9M	0
B081397LK3	0
B09G2LZP9Z	0
B0BHH86WZ2	1
B00BN4I63A	0
B00EE1LC6W	0
B01GM81AR0	0
B00HHTDUJ0	0
B071GP8417	0
B0097KV0QC	0
B07KSW1CVQ	0
B07NVVZVDG	0
B07RPLQ1DN	0
B01LWWQFAI	0
B07D1TVKMC	1
B06X18WWZF	0
B019Q0ZU9K	0
B07BP6S2JN	0
B074WCZZPW	0
B07ZHXRR54	0
B0855QNTTC	8
B00HMY5UTI	0
B07RWYFY72	0
B0BVM2N2DX	1
B09TT42TG9	0
B01IJCOZOW	0
B07S4DCS4P	0
B08LV52XVF	0
B005OS8RTY	0
B0919HBLN6	0
B005GBUH10	0
B07B75XMHH	0
B07GC6YMC4	0
B01N5K44IX	0
B00E8SSP5C	0
B08GC9MWHY	0
B08ZJDHBDQ	10
B09YY6T2PF	1
B09R1VH7LR	1
B01MQ6VMQM	0
B00W7AF6JG	0
B00SMZ6K4U	0
B07R5QQZ7W	0
B00O9MZ5QY	0
B07B2RCSK6	0
B01DD0V3G8	0
B00BFWC5BO	0
B07PZFNTNR	0
B0768LS2JF	0
B0184I6FSU	0
B08M383R46	0
B07THG9S9Y	0
B004R6EIE2	0
B07D7WW2XK	0
B00P1OFS5W	0
B07JKCQHC7	0
B07DVS979V	0
B01549KN3K	0
B0BTYJSL7S	0
B00B2O11L0	0
B01K3OBX9Y	0
B01B8MGNUE	0
B07BNBQ1YN	0
B08R9Q3JHH	0
B00B6EDIAI	0
B09J5B5P6Q	2
B09NF6K2BN	2
B00J0A4JRG	0
B01IQSF8OK	0
B01DLIV9DO	0
B09SGFZN5W	0
B00A1ZF71Q	0
B004Q3N9IW	0
B0B4G35JK2	3
B07TXH4S51	0
B07XVYHH81	0
B00IXJN2CI	0
B07D11XB1D	0
B0B76GXP2H	1
B07Y32XMSZ	0
B0B1RPH5K9	1
B08CK5B4SH	0
B00N4CEGEW	0
B0723928P7	0
B07G4GG9BX	0
B07FDNDYY2	0
B07QHTF7KF	0
B087WR6LWM	1
B086ZSH4Y2	0
B07SGC86L3	0
B0716YYYZ9	0
B017PUYM38	0
B004JMU3VQ	0
B014IDGUHQ	0
B00IW84VB6	0
B001GIOTN4	0
B004XDEENO	0
B08GS4F1QY	0
B074TY87MF	0
B07D9NCZS4	0
B0108PK2K4	0
B08Y91Y5KL	0
B00WM2EKOQ	0
B007AIV4UK	0
B0812BTT6B	0
B01MRANI7X	0
B07FMKRLHW	0
B079FJQ9X8	0
B09F3G65R1	0
B072K3YZGZ	0
B0922D1M2T	0
B00NAM7WEC	0
B00VFMG51A	0
B00MGP0Q1K	0
B078N2KRLV	0
B00EQT5MFE	0
B07GVQW99Q	0
B0969WDD2Y	0
B06W53G5BQ	0
B07NBRSNNL	0
B09LQV7WKD	1
B09Z8T5C11	0
B076D492YS	0
B07K5TTD3V	0
B09QPVXB8B	0
B007T8B12M	0
B00MH5OVRO	0
B09P347HN8	0
B099WQ6HXK	0
B088LWHSTT	0
B00U8IKGG2	0
B07GXJXNW5	2
B081RJ97JB	0
B01CPKCUWI	0
B092DXQV7B	0
B06XWHF26Y	0
B01HPFWCYO	0
B08VGGGJCK	0
B08FDTMHS4	1
B0892BKBLJ	0
B08G88BQ15	0
B07RQ2RN4W	0
B0B3X4ZW2N	4
B07QZFJTLW	0
B00I49G4YA	0
B07KJ9L92N	0
B07B413DHQ	0
B014Y2LDEQ	0
B002N7509Y	0
B07991Y4CB	0
B07XCYN8BX	0
B07CJV2FZG	0
B09M87M1Y1	1
B075V115P6	0
B00YIUZWBK	0
B0099YILQ8	0
B07WHGYBL9	0
B00R3FYHFO	0
B07PLLBZ86	0
B06XWRC3TQ	1
B076BZNGXL	0
B08KKK7W1H	0
B075M1PJYH	0
B085L8R9LV	0
B01CFHRYFY	0
B09Z5V2FP2	0
B07FSCJ7FP	0
B014K2UIAU	0
B007HNBCIW	0
B002PJVPV2	0
B00UMWPFAG	0
B004AGMTMW	0
B09JRTH188	9
B00C826IHM	0
B00P9YXW1Q	0
B079PZHNHQ	0
B00SLUPRRM	0
B008OGNJ1E	0
B07K9P276S	0
B00SKOEKWC	0
B01CLTDBKI	0
B0BV6L63T4	2
B0BCNZ6NHM	4
B083QGS76S	0
B07C2KNQR1	0
B004DI6GIK	0
B0BXWZ47RJ	0
B07RNQHLKX	2
B003O6YVQ6	0
B001GTGMY2	0
B08VR8ZKFV	0
B01LW7LNUA	0
B08R959ZZV	0
B09VD1ZX4J	0
B09Q5VTK5J	1
B002T82CIE	0
B09ZV4PJ8H	0
B01D46PTHA	0
B001W02U14	0
B09M3PX4SB	0
B00LH3RHJQ	0
B07H63LKR9	0
B07WVWK85G	0
B07VQN4QWC	0
B076TQHBXC	0
B07RX2XYVQ	0
B01I3IFTWE	0
B07Q369PS8	0
B0BMQGCVVP	2
B001CUM7US	0
B073JNW9JP	0
B0989NX5HM	0
B00IXQ6W0U	0
B07D53XHTF	0
B0009MZTNW	0
B07XGMG5Y8	0
B079NF5MMB	0
B07VJNMHRY	0
B07K4WKWQN	0
B005LEIMQE	0
B07QX4SVV4	0
B0BJNWFKZZ	1
B018ZXLBOM	1
B07GGPK8HX	0
B09126KZFQ	0
B085FQSZVR	0
B07QCK35Z7	0
B00YDKYCQG	0
B074Z6BT18	0
B0B1FR2M4Y	1
B08P53R3CN	17
B00874HLAI	0
B09W9LD8MH	0
B07DQJ9LLD	0
B0015DLUP0	0
B00EKT2LN6	0
B011QIILGO	0
B019PJA204	0
B00JDNIWKA	0
B06VSB2J9L	0
B00ZTYXU2M	0
B01NGWFT42	0
B08DHSBJ71	0
B07WGDJM5T	0
B0031QP6ZO	0
B083LWQ9Q6	0
B08PPNM6PV	0
B0B56MH9BP	0
B01KPAMMRS	0
B0BPWB19SV	1
B0017WNVB0	0
B0753LNRTY	0
B002ZJD5Q0	0
B01H7UDX36	0
B00HJQNP5A	0
B09FSKSBXP	0
B004PB0BJU	0
B000J4DNHY	0
B07QC9K1WM	0
B00VHRBMCA	0
B0772HD834	0
B08Z43LHPT	1
B0771W3LT4	0
B018RCEYWM	0
B00IGY938W	0
B07JNS6ZJD	0
B07GKLC3VD	0
B07CXQBCP4	0
B07YBTMWMM	0
B07TBQW9XD	1
B01AHPNS92	0
B081F225CN	0
B07YLHQYXY	0
B0BJQ1DLFR	1
B005VNW46O	0
B07D7WQG8G	0
B016FNPXR0	0
B093QQRTMZ	0
B00NL3SYSI	0
B0B2ZVKXDT	0
B081LKK4JG	0
B092JF4CRQ	0
B01GOVSRY4	0
B01KH2HVY8	0
B008OMMS0Q	0
B08FX4YZZK	0
B003DTME22	0
B00LXU31VQ	0
B01BW14X5S	0
B001CF91YI	0
B07WNKXD3S	0
B07S9CKPJX	0
B08FB5VFDD	0
B0788L9M7W	0
B013XZRM4A	0
B0BS9K61NK	1
B09K3TQMMB	0
B01M6C8FU8	0
B07JX4RHNX	0
B08M5SDS72	0
B07W1ZPB73	0
B000F7STY2	0
B00TF6CMDS	0
B00E9AYL3E	0
B0098PA512	0
B00D874DRS	0
B071WJD27V	0
B073DKHC4D	0
B0B7HYJ6B3	9
B01LWYE0JP	0
B07YJBHRHP	0
B01IK6SMIC	0
B00YGC7KBK	0
B09KCGL2XJ	0
B075FQMMG9	0
B09W8TQPDK	0
B079DP4HNN	0
B00FM8H0IU	0
B07Y182P1D	0
B006MRW97M	0
B08H1HMBF3	0
B07HPCPB4X	0
B071VCTWLY	0
B082CQKXS3	0
B01N1T85HV	0
B08VWDBSYN	0
B07TDQQZWR	0
B0877KLSR2	4
B018K60SX4	0
B00DF3MRI2	0
B077FL6NTC	0
B08CVGQBVG	0
B077SBKV4M	0
B00IQ22D9A	0
B07B9V7FS3	0
B008TSQ0JU	0
B07F1GGRKB	0
B00K34T1T4	0
B096X2KSZ8	0
B089N4P8QW	0
B08H5NBQ71	0
B00OCK393E	0
B01KFDWFPY	0
B01IV259DQ	0
B0BD4CYD8Q	0
B09685BGH1	0
B00JGXT3Z0	0
B07GH7V8MM	0
B0919SQ8WB	0
B0912RH14P	1
B0BR5C4NZS	1
B0763L64C1	0
B010NESE96	0
B07RJP3NZM	0
B07WY5FRBT	0
B07K2V8BNG	0
B01BF4N78Q	0
B002YEULSG	0
B00JF06BBS	0
B07MYS3GB2	0
B008047TIO	0
B081SVH6P2	0
B09GK8ZJMK	0
B09PVNC62Z	1
B09B3B3B87	0
B01K19DXQW	0
B008CFXYTY	0
B00IL43VSA	0
B077MNQ9VJ	0
B075F5HN58	0
B000Q6N0XW	0
B005B4IIV8	0
B07ZDQ15FW	0
B00IWOZZ88	0
B07YDJMWTM	0
B07W7X9SSR	0
B018TP01JW	0
B08TBFQR2J	0
B078WQBSJN	0
B0788T9BTF	0
B01M31DW64	0
B002HJ21TK	0
B07VW9GS5F	0
B00OQUZJ4C	0
B003D3YO9O	0
B01G4N6GS6	0
B00T3IWY4U	0
B08KT2K1L3	0
B005O6SPPC	1
B00CORDTWI	0
B00ZG20HP0	0
B01A9FOEGQ	0
B00I4WH61M	0
B077NYNQZN	0
B0045UAOPM	0
B001RUOYEK	0
B00Y1SBQC8	0
B01DYJUMYC	0
B000IZMN9I	0
B00PPGBS96	0
B07CLJVX9K	0
B076H9G2W1	0
B01MUGOAR0	0
B00AZU3B2Y	0
B07H4Q8LJJ	0
B07G7YS311	0
B08V5LJWVD	0
B08BP84JD2	0
B01N44EDY3	0
B07R2BR1RR	0
B083DN341J	0
B07SS9MYQZ	0
B00E96ARCC	0
B00IFTMG82	0
B00VP07GZ6	0
B07KFY6MX7	0
B06XHTG44T	0
B01N214YYZ	0
B0751SRBVF	0
B00EBGJEUG	0
B00717DG7E	0
B079YZHN14	0
B0BHW56PTH	3
B07FD8HBKQ	0
B0714862TX	0
B003BLOZ9M	0
B0BNMKCDLL	0
B09YYZGHBC	1
B019YJWYBA	0
B08GNYS2KB	0
B078CBMFFP	0
B07FN5QQ4W	0
B07G8KMVG6	0
B00XWE1ZBO	0
B00LOZ4JZC	0
B01C7YEW82	0
B00V0UX0MY	0
B07C9VQ6WV	0
B07C17VZKT	0
B00IKTUUMQ	0
B01EL4L6KI	0
B07SC7CBTB	0
B092CTKQV8	0
B00EO8H9JO	0
B07JFL14ZD	1
B016QJQO8K	0
B01MYRAMDN	0
B091R6VQTD	17
B07TLXH18H	0
B07R4DKRZW	0
B01LWTSGV5	0
B07V4J5QVK	0
B07RN8PD7G	0
B0BQZRQ53W	1
B00XK5YO7M	0
B002EZZN4W	0
B07SYGDSYY	0
B09N99L6B7	0
B07BWDJ7FF	1
B07PFXJB6R	0
B07F2QF7ZK	0
B009VFDUKC	0
B0061WA560	0
B07CP4885L	0
B00WVNXQZU	0
B00UVJ8MJQ	0
B078JB1GVX	0
B081HS91P9	0
B004MTQ2S4	0
B09DVNMP77	0
B01LR5NWXS	0
B01556AVE8	0
B07CJKRSHG	0
B0C3GLJ8BJ	0
B001RB6IWA	0
B006ZGN1XG	0
B08BV2JPQW	0
B08N9SVV21	0
B00I9TNCJ0	0
B086GRS9LR	0
B00CSX4K4O	0
B00I68HYCK	0
B08BNH4DMT	0
B00XK1E00M	0
B075VJ416K	1
B08DG7D9M9	0
B0BHJJM424	1
B008VF9KLG	0
B07HXW2RSY	0
B07QJVS2QV	0
B09G6JZ9Y7	0
B098119TSG	0
B0046CKCXS	0
B077SH4FZK	0
B00D4C3JF4	0
B0748BYQ58	0
B000GQ1F3O	11
B07SN26M1D	0
B00VSRY406	0
B07T7KTQ6Y	0
B07FTG8BPF	0
B01MYPC13R	0
B00SGKFE5C	0
B0972ZHF2Z	0
B08T5V38VT	0
B00CMQYNK8	0
B075WTYDLD	0
B075QKRWKF	0
B0BPPKFVDT	1
B009468PQ2	0
B07X24P3VC	2
B001OOLFDC	0
B01KL4CV9W	0
B07FLNF49Q	0
B07T9KM736	0
B074V1GB2C	0
B074KHCJF1	2
B01D66J26W	0
B076MSDVG5	0
B07QB7HGQ5	0
B0B2Q82Y6M	1
B0B4J77JNN	0
B0897P3CNK	0
B00LVX19BE	0
B07MGD3Q8V	1
B00HG8XXRG	0
B01D4GLJ8I	0
B01184ON04	0
B08F9CJQJP	0
B071FBSQVN	0
B077QY7VL2	0
B00OK0QM6W	0
B08CDPW3R8	0
B07YZ5G46J	0
B072XNS3SH	0
B015WSDWJ0	0
B094FXYG5X	2
B01J91HA9E	0
B074GJFP79	0
B08GCDDDGG	0
B00ZJQLG8K	0
B004I4GVX4	0
B07C2MK6QX	0
B09Y5X76FK	0
B06Y1RR9TJ	0
B00PY3U1OS	0
B08G4YZ4Z6	0
B084JJLTNK	0
B0196W63ZI	0
B00OUKFQGO	0
B017CXJ10C	0
B00JH02QJ2	0
B01N536Q3R	0
B01BH88JTC	0
B01HGW7NE0	0
B08QXKDYQ4	0
B07QH2WN5H	0
B08M5YTTLP	0
B08164N7MM	0
B09ZJNQ64X	0
B00S7MSBMC	0
B00R8I21LI	0
B0167FHHFW	0
B0B4NWJL7H	0
B008J538PW	0
B07M9VTR24	0
B000Z3LG1E	0
B081TS7SSC	0
B075JDLGGB	0
B0BRHT874M	0
B01MZ836OD	0
B0B8XRKGNV	1
B096RRC9MC	0
B07PGYMJJ3	0
B07DQW5YJW	0
B00J7RH7JE	0
B005FLRGWO	0
B0972GHDQS	2
B07R4YKG5Y	0
B00967BGB0	0
B08ML5GQ81	0
B07B9DYHLD	0
B00WXJZ8QM	0
B07SPKKCH9	0
B00ED7MP90	0
B008FGR5KO	0
B081MQSVKF	0
B0767DVYHD	0
B07HBR976K	0
B06XPSBPQ6	0
B00PJHUP9A	0
B00ILXHMCM	0
B07D1BT829	0
B07G9KQB8L	0
B08JKC362R	0
B013X563Z4	0
B003JJ9BT0	0
B00427YWMO	0
B00CF3GIBK	0
B07F8KL2RM	0
B08NSPSFPT	0
B01KUZSZBU	0
B00S6BCI28	0
B09J2J38Q4	1
B088FHB31Q	0
B09Q1MBSK2	0
B09QZQKSDR	1
B081ZK6YQV	0
B079QLPYRZ	0
B0113BH1HO	0
B07J5QZ7Z5	0
B07SYY59PZ	0
B07W1NXZ81	0
B07T1289Y6	0
B00FGYQR3Y	0
B073QPKPT9	0
B01CYLW14K	0
B0CH8VJKB5	1
B07MT3TTL2	0
B005HT5LS0	0
B07856CD43	0
B00SYE38LC	0
B09W8RKP3S	1
B07B6F9YGF	0
B07GBK8CSN	2
B0BXDDJPBB	1
B07YBDXT86	0
B0917FWL2Q	6
B00AO01YNS	0
B009AMS23Q	0
B00379OKPC	0
B083GKP7K9	0
B07XTQ3Q4S	0
B0946BX9BH	0
B07NW1L9TR	0
B00XG0XW6K	0
B075H7R25D	0
B071R3G3PX	0
B01AJK2652	0
B01FEFAUTQ	0
B084LL2VWW	0
B01AHIHKVQ	0
B010Q6I8A6	0
B06XJS5F5G	0
B00ONL25XC	0
B0101QIVCG	0
B00QFRGKIS	0
B01N14WLUT	0
B01ETGZ438	0
B08FT1SJW1	0
B08B8PD2M9	0
B0967S7BWM	11
B07DHLVJNT	0
B07FXTBFRN	0
B08Q7FGK7S	0
B081XGK1XH	1
B076239S8H	0
B07TT3WNV9	0
B00RQNNSQM	1
B079G8TCYC	0
B002G0UV56	0
B08HVX58ST	1
B088PKBCZL	0
B0BKSYZKHC	3
B07YW48NP7	1
B08F7VYZHV	0
B072QRLGSG	0
B000L9JGDC	0
B07DTH4Z1C	0
B07N4GRK4G	0
B077GZYT39	0
B00N730YRG	0
B074T8X3W9	0
B01LW56KYR	0
B073GRKLTV	0
B07W3TW9XG	0
B00CZ5045E	0
B0122ZWAKS	0
B0B3HS4PBQ	9
B00WSHDHQW	0
B0C5SZWRKW	6
B085VFZHYN	0
B07HK2RNXB	0
B01HTXVW02	0
B07FVVCKSS	0
B0186E2JH8	0
B0C3GRZZNF	2
B0148S7B38	0
B01N3P8D5F	0
B0792J9V98	0
B07KXB3DWS	0
B0BQQRGQHZ	0
B004HHNN9M	0
B005B7BAKG	0
B07GPHX4LX	0
B00EYPIQGC	0
B004BP5UQ4	0
B009L2W3QM	0
B0773DNMMP	0
B00Y1EFONY	0
B00R7V2M4C	0
B07DFYWXQG	0
B07MS8YL9Q	0
B0055BY3IO	0
B073R7XCWH	0
B01HH3X3DI	0
B071F2KN8R	0
B081J4X4NT	0
B073W382YM	0
B07W7TNNKK	0
B01FYA0NES	0
B07M8BF1S7	0
B07L6D9NGR	0
B01CE02PWE	0
B00MAGO2W4	0
B013SIJC2W	0
B079GQ73YW	0
B0C2BWL2T2	0
B07CR7HLP7	0
B0BNL6H69S	1
B075L2QM4H	0
B07VMBZYYV	0
B07HB1SGJQ	0
B01646HVD2	0
B07JC62DB3	7
B0BNTJ914D	0
B00L2GPIDU	0
B08449RZVZ	0
B09QSF1BZM	6
B08V4ZYCW8	0
B06W2M116P	0
B08YK2H5CS	0
B09KBX6WJG	0
B00EI48RJ0	0
B00HEY542O	0
B09NXXYZ6X	0
B08FS82XKT	0
B00LX82632	0
B000WA0OZ4	0
B091DZK1XF	0
B08P2B7GW1	0
B09SNBF8K1	1
B00B1RORHI	0
B07GX6FMKQ	0
B0098JONQ6	0
B075KVPMS3	0
B077HRQWSJ	0
B078HSD16J	0
B08HMWKRTM	0
B00F4NLVGA	0
B016RC0UTA	0
B00I0VDE3G	0
B076NBQMH5	0
B00YG7VXU4	0
B01CGQRHE2	0
B07KJC4132	0
B00284AWEA	0
B08D75NM53	0
B014DTQ0BG	0
B09XK49V29	0
B005DSS06A	0
B01HFP5IJK	0
B07P5GYCWN	0
B07G8RKVLJ	0
B078LWMKVZ	0
B07Y896MN9	0
B00BU76IF8	0
B00AEG1N1A	0
B01H4164QQ	0
B0765JWD9W	0
B005GPTZL4	0
B07C1D2V1N	0
B07MNR5BHW	0
B09WRNP5ZZ	1
B08HD3VZJP	0
B084CWDN7J	0
B07KDLR7S3	0
B07256XMGG	0
B09PZTZZ5K	0
B00F3Q8FO4	0
B00AO38U1O	0
B009NK16ZQ	0
B08DK4HR56	0
B08545YHQS	0
B07BX7KR7Z	0
B0BG9KWN2P	0
B09KTD3H1Z	6
B01001GHYG	0
B00FRHRT8M	0
B0B4PQ2FFD	0
B07KPZDDB7	0
B00K3SAG76	0
B00E9OVWDC	0
B09TP3ZTDK	6
B088D9PZHT	0
B00870HO72	0
B01KH43WS0	0
B0751CGBP6	0
B00EZV02P8	0
B085RHMN6L	0
B097Q3NX2D	1
B075JNWPRH	0
B07M853D2K	0
B06VSP1K95	0
B07MDVVND9	0
B00H3EEIZY	0
B001FRHWS0	0
B00LF36N20	0
B08T8XHLKL	0
B013JXIGBO	0
B07PZFTJRB	0
B003TE5NUG	0
B0071FL16O	0
B09TVM9VH9	0
B07X64D8PN	0
B00VQ96ULM	0
B07QG5H8N4	0
B099RRB54W	0
B08S77JPXN	0
B00ZX7PRHQ	0
B07H6R4WPH	0
B078ZKDPVD	0
B06Y2TYNRF	0
B0756X76GC	0
B00H44FJJ2	0
B00I4OZHZC	0
B07YT6ZTYV	0
B09LLRH3R4	2
B076JDGBK6	0
B008CHFQLQ	0
B01I7BNWVC	0
B07NZ2B4XP	0
B098YYNHTZ	0
B071J99JXM	0
B078HG131X	0
B01KFIJ43K	0
B08WPBHQY8	0
B012UVWB12	0
B00OPEL2J0	0
B00S4QTEHC	0
B017CFWZF8	0
B07VBXB1ZK	0
B07DXC4Z4F	0
B08L1KFMY3	0
B09J1BYL98	0
B071DFSF4W	0
B073ZWY2PW	0
B00GM6CDHE	0
B07FVT4MWR	0
B07L8D5SVK	10
B07KMBRYKS	0
B07JMHFJXB	0
B083R79C8P	0
B08DC9CBX9	0
B07GBVVKW1	0
B0055K8QRY	0
B00A9OMBYA	0
B01AK3RNLA	0
B08YJ9W4T4	0
B08512CSYQ	0
B073FFVQMS	0
B07N2RPM79	0
B08W3D6YDC	0
B01M70FPFP	0
B00T3IZHGC	0
B07V5PNF82	0
B0B5LFZ686	1
B00400ORA0	0
B0796VGKN6	0
B071VWPRL6	0
B096FV5KNC	0
B00FK6SWV8	0
B07FY5X2DZ	0
B000U8ITQ4	0
B01AX9M3Q6	0
B00EZIRCN6	0
B07S3FDZQB	0
B07MV43DC1	0
B06Y2LR6H5	0
B07Y8BFSPP	0
B07TXN3JMQ	0
B088DW8P2X	0
B074N2DTSX	18
B0748T4QXW	0
B092QYLHYQ	0
B00X8FLBDE	0
B08CV5Z8Y6	1
B001EUNETO	0
B07HPDCWCD	0
B00F2RHS92	0
B016OY7ZNK	0
B00UL18FOG	0
B004R1IB2W	0
B00N7BR0KC	0
B07PW3M1KG	0
B07KJB1FTX	0
B09XBCPQ75	12
B08CXZ9JNB	0
B07S7HS2LB	2
B008RT5SPI	0
B0073E50QU	1
B07BVQ7ZZV	0
B0915WMMLL	0
B00IOT39RA	1
B00FEE7GHC	0
B078T2MN4R	0
B075GJJFYZ	0
B07VGRZ423	0
B072WBS74P	0
B003NYBY4G	0
B07Y1617KN	0
B00FRHQX0M	0
B077PRS3NS	0
B08C4RJHSH	0
B013WN64OW	0
B00JS9Y4JC	0
B00KZ1LM4W	0
B0734NSY7R	0
B00JMXSZ4E	0
B07GZH4814	0
B09B3DTJL2	0
B09B2GDJ9M	0
B07FTYT1B1	0
B07N47WK6D	0
B000VK634G	0
B0059P1US2	0
B079RG35SG	0
B09RW3T215	1
B00OZLDYM6	0
B07MG3GDLK	0
B0031MAI56	0
B00M06WPGE	0
B078C75NLD	0
B071GP1Z4V	0
B00SLQ5690	0
B08G8DSVVK	0
B005FOW1FS	0
B07JHKZ6ZK	1
B07TT43Y7P	0
B09D3JDLW6	2
B07H9XBBN3	0
B07MC3H247	0
B00KRPDIHK	0
B08CXVTHPZ	0
B07KW6SGKN	0
B079YNC1BY	0
B08RDRT3J5	0
B07P88DDQ4	0
B00YWEXUUC	0
B01HROJWJG	0
B093SG4PZ4	0
B07NQ55KDQ	0
B07194B4D4	0
B01DUTSKQI	0
B06VSPVR19	0
B00SRE7VK8	0
B00W6B533A	0
B08NYK45DL	0
B09C2MJ39Z	1
B00E41UJSY	0
B00FYJO9BS	0
B09XQYP9CP	39
B01N4V1AEA	0
B09VNHVG6S	3
B00ZWANUVO	0
B01CQ0ZF2O	0
B0836M3Q64	0
B07JYW9N38	0
B001N0S3MS	0
B00DQYSTEQ	0
B097JCR6VT	0
B07PZKP3S8	0
B084KZX69S	0
B0812D1CWD	0
B0793MZWRQ	0
B07PLNK3G9	0
B09NZPLQLJ	1
B07SLXFZF3	0
B0BMWSD77X	11
B018J3MHR8	0
B06XCBVLG1	0
B08WJQ2VBW	0
B09KKMFNLZ	0
B004L5OZQ0	0
B00M3KJIUS	0
B0BTYWFTB9	1
B00C847D3S	0
B00R56FD7W	0
B07L5C8V83	0
B011LOF4GI	0
B0021516BY	0
B0924MX3YN	0
B07HKGJJ2F	0
B07M5BSZGV	0
B07SX5XWJQ	0
B081HGDNHR	0
B00E8NBKKY	0
B00VAZXZ06	0
B07LHJWQMQ	0
B093P7WKYN	0
B083R1FBMT	0
B0BR64WJ8W	6
B009LJ9X3Q	0
B07V63VGCD	0
B01N9Z83XJ	0
B00CDBJCZS	0
B08Z3GRRZS	0
B01H19NLLM	0
B083VBMBK2	0
B00IWQEC44	0
B074585BCY	0
B06XNVWGZJ	0
B0872Q492D	0
B01MT7OTX7	0
B01D08SJ4M	0
B07Y2HBV63	0
B07CNM7696	0
B078NMTWJQ	1
B08D3NWB6G	0
B004XJI53S	0
B07NDGH9DV	0
B093SJ5ZB3	0
B06W51Z71Z	0
B0036GL0EK	0
B00FW48F2E	0
B08S7N7966	0
B008LQRNDM	0
B0065N3U1M	0
B00DSYFG4A	0
B017QVL626	0
B07CHXLG33	0
B010P0AAJ0	0
B014E3XNPM	0
B08H8GLXRS	0
B07Z73DQ58	0
B07ZNZMWS1	0
B08R8Z2F9X	0
B01CU1A98Y	0
B0819QD8X2	0
B07TT3YBXG	0
B07H2BDZNN	0
B077B413BP	0
B08LY83MS1	0
B07QDPYT4F	0
B0BKYY65TG	3
B00WHTL1TQ	0
B08MTCT8PD	0
B09VNYJ9T8	0
B07QQJN6XT	0
B0B2LBQ4CH	0
B00KXQ93H2	0
B096ZVR2LW	0
B01KU52B2E	0
B092M1L311	0
B07F1WY89W	0
B016ICAAVC	0
B092QSBSGH	0
B00XK70W9Y	0
B00965MNAU	0
B005BVT1OY	0
B0B6MSKNTJ	1
B075H59PQG	0
B0012LI1OS	0
B079RLYYPM	0
B07MQ5QR1M	0
B089M1LKKY	0
B094JQJK13	0
B07R4C48K6	0
B00J8KS2BM	0
B00AWL58JU	0
B076HPCPW5	0
B00I1080VW	0
B00JAG1MUW	0
B07S82FG4N	0
B08BC91XQR	0
B08SQHG3MR	4
B079TKGYKX	0
B013V0NC2I	0
B07VWRNGFQ	0
B07JDDNS7Y	0
B0734RXLD6	0
B07SNQYPY6	0
B014W132ZM	0
B004O6R3O2	0
B088FSVX66	0
B0B9S3L9ZH	2
B07QNHV2V2	0
B07TPY8NVR	0
B07YSGDCWW	0
B077TBWSS4	0
B0B4G4GRHC	1
B000XBA8JO	0
B087HH1FT3	1
B01DIZM72M	0
B014FTXY9U	0
B08615W62W	0
B07M6GQRVF	0
B083TJDGG4	0
B005NYR510	0
B009CBM0HO	0
B00E41WZAY	0
B07X46K4DK	0
B08DXLQRGH	0
B09N72WTDH	0
B07W462WQ8	23
B08226LV4C	0
B07BNG89PJ	0
B011VWD0UC	0
B01H662OKE	0
B00DRGJTJC	0
B081TGQS8J	0
B07S4DYK3L	0
B07L7WT87M	0
B0BZW2LH3L	0
B076ZGFS7D	0
B01DFQMI8C	0
B0BKPX1HGG	5
B07T4PB5GZ	0
B0777B2NKZ	0
B08JY83THZ	0
B0002VNT6Y	0
B002SQK33I	0
B0148RJCGS	0
B095KDS8K1	0
B06VVDYJQL	0
B0047T7D3C	0
B01I2I4AAW	0
B01E97K1TY	0
B08311M2CT	0
B07D6GB1BR	0
B07W8LNNG7	0
B008L1NJO4	0
B08R5S4JSM	0
B099FH43RL	0
B0B8DX189T	11
B01D8OGN28	0
B072LPRRJR	0
B0062ODJ10	0
B07VPT1Z1M	0
B007VQQEXI	0
B0833M1K1R	0
B00E0OS01S	0
B00JVSYDAU	0
B0C37NCYPY	0
B000SPJOXQ	0
B07D8MXKQM	0
B0BBWB2MSS	11
B082LP1KX8	0
B08GQ1Q2T8	0
B07KT27MKX	0
B075D7TQH7	0
B08QCXM2D7	0
B07KFZ43X8	0
B089W2LQ3W	0
B07L117ZWV	0
B08667ZJPV	41
B08272ZJGL	1
B015QU4A5E	0
B07WGRW9J8	0
B07HKH91KZ	0
B09BMX28DF	0
B00L3KM5SQ	0
B00KVU0M3E	0
B000MX0J4W	0
B013UEQJDY	0
B072XXF2F7	0
B075HB7FMG	0
B00QJFAM62	0
B00GBUTQ4Y	0
B01964XCG4	0
B01MXGZLH6	0
B08ZXPZT5V	0
B07YNNFM8R	0
B00TRCUQOC	0
B0043XYV6O	0
B006PHE1UM	0
B07JHNZKX6	0
B075CK12CW	0
B07H6GW8Z7	0
B086S34PL4	0
B07KGMVKL4	0
B08DHVZZPB	0
B09M6F96M8	0
B074JB5HT6	0
B09N6FP9NV	0
B07GD566GT	0
B089RRFF23	0
B087JDKTM9	0
B00JEJPJUY	0
B012E09JFU	0
B01KIKP006	0
B00IJWXT54	0
B07XYV2HHH	0
B00K72BSXO	0
B086L1VXB6	0
B07SC142GS	0
B00H9C93GY	0
B08R7XD4F6	0
B015ZTZUJG	0
B01B3DI0VI	0
B07ZSFWMW7	0
B081RPMJ3L	0
B00GH1ZTQQ	0
B083L5996C	0
B01IAFF53I	0
B00HPQHT3I	0
B00C86F44Q	0
B01I9F3KPO	0
B07KD9QW4C	0
B07GB11TQN	0
B010DOAYQ2	0
B07J6TFKZR	0
B07MBQ4WGP	0
B00Y3OVS9Q	0
B01IWNP34E	0
B00CTKMK7U	1
B01IE34QQS	0
B079STVHM2	0
B01DTQZWWC	0
B091748KWJ	0
B085NY2XYP	0
B0BHPM19JW	2
B00GMJ4JVO	0
B01LYMXU0B	0
B09CG419SV	3
B09ZN7KKMP	1
B081V3HSDG	0
B076ZYFQN1	0
B074HBQRZN	0
B0875SYBVW	0
B00G550IMO	0
B0085TJSGU	0
B096VWMC1N	0
B0C6SMQMQ9	0
B01A02YLXO	0
B010TX2BSQ	0
B081Q3KPJ2	0
B00LT925KY	0
B07FNGPP6L	0
B07FTHDML8	0
B01N9W6Q0Y	0
B007TL8U46	0
B07SG2QYLS	0
B00HNN6PCO	0
B06X91GX51	0
B00BCYL6XS	0
B01FU4NGTW	0
B07CKQGNWB	0
B09573JF1M	0
B08F25QRNH	0
B010WEBZG6	0
B08QMM95G2	0
B01ICDD4MC	0
B08JPBV33S	0
B09BB2346Y	0
B07GNVVXH5	0
B0BSLK28MN	0
B072KHDZND	0
B01BEW3Q0I	0
B07QRT5NYL	0
B087CZG7SK	4
B08X9KBY42	0
B06VYHDS2Y	0
B07DCW5KDM	0
B00JAG2FO4	0
B00J8NJG3C	0
B08L4VXT92	0
B00DHVV4NQ	0
B07CMZX48D	0
B0C1RZ757T	1
B081SSBG6X	4
B00BCYDSLQ	0
B0BSFM2ZQM	4
B008AXTXD4	0
B077TMB9C3	0
B01LYVWC3D	0
B0BHYQ6K48	1
B09KC8VMDH	14
B07T5TCHCG	0
B000ZYLKJQ	0
B002GP8WW0	0
B08G1C1LSM	33
B0BM65HZ1L	3
B097N238QP	0
B01I4IR7N2	0
B07JM6SYY3	0
B074296B2M	0
B078Q1PP26	0
B07C8GDDV7	0
B075VL5N6Z	0
B0C2QMT2JN	0
B0829M1WL2	0
B019UMMQC8	0
B07DK55LK5	0
B08H4T8JMS	0
B0725TC527	0
B07CRQ6SZF	0
B00U2GEMGU	0
B01MY0762X	0
B09KB88LSH	0
B07R7VN9DF	0
B0B5VHVWJV	0
B074MYV83T	0
B086JSLD6H	0
B00Q8BZQMC	0
B000JWCGMO	0
B0187T32AK	0
B06XV1865Z	0
B0BMFW2HW6	1
B09799N7WQ	0
B09KFK6LTG	1
B008O3QNH4	0
B06XNYQ7G2	0
B00L58HXZQ	0
B09C87PV5J	0
B07SRJD7B5	0
B08C9PYCJH	0
B075WWXZKN	0
B07RQDKRQ5	0
B07GHRJ34G	0
B004JKLU4M	0
B01MYPZLFN	0
B002G1ZN30	0
B018LT7U2W	0
B07PGKKWYC	0
B087BXWDZT	0
B07SC4DZJL	0
B0B1HFC9X7	1
B01N3CQSP7	0
B07T2YKY1X	0
B0774KM4ZM	0
B07G368GNG	0
B01ETXDGEA	0
B07254GTBS	0
B01J4ASE18	0
B00D88512I	0
B08HGB1TT7	0
B00M4WEXYQ	0
B07VYGZ5SQ	0
B01KTFXW8M	0
B01N4NSKYR	0
B091QC6QXK	2
B07GSKPHG8	1
B00G0NTT4O	0
B07D8KB668	0
B07X6S7NK6	1
B07XKTFLD5	0
B00LH91BV0	0
B07SSRY4BS	0
B0842QMPQ1	0
B00HRPYO6W	0
B07MVMRS6W	0
B075DRP8NP	0
B07CGC6THD	0
B072RCVC3N	0
B07KW7XRD3	0
B08FD5W734	0
B09Z2S93DJ	1
B09L5Y54PT	0
B0732CSWVS	0
B09M7HPXDL	28
B078HLPBZK	0
B01LY6VMWV	0
B08GLZJPL7	0
B07T2K83PW	0
B0787K9SLF	0
B07CG9SHN9	0
B083DYQYD3	0
B07Q5XPLGR	0
B011ULW046	0
B08RDRN4CL	0
B09LHBW5J9	0
B0759ZXM46	0
B07CV7WNG8	0
B077BCY84G	0
B00CXT54ES	0
B01NCUZNLM	0
B0178GAS14	0
B00OMSB8QG	0
B07B3JSC58	0
B01M9GH6DD	0
B08HWCX6R3	0
B078YYPJQL	0
B07DCJ3HD2	0
B003ICW4QK	0
B07G5FKKTG	0
B00UYXOTQE	0
B08LMW1KKD	54
B0053ETPVI	0
B0C4L263G3	1
B07417FXZM	0
B075WN9XX9	0
B07RKVGBD5	0
B012QEA048	0
B016CE49W2	4
B00PBG5YQS	0
B078J5ZTT1	0
B073GDQDF8	0
B001FRAZR0	0
B0BP177LC2	0
B004W3TZR0	0
B07FXFCW4Q	0
B07BVQTKBX	0
B00HY1F5RQ	0
B004C438U4	1
B0825GGDMV	0
B08LSGB4Q2	1
B01LKWFE34	0
B01MPY7BKD	0
B0BB6XKVBC	2
B00KO4XM3Y	0
B079C4GWTM	1
B07BJZYXR2	0
B099KTXH8K	0
B00M9A8Y9I	0
B076GTW3XG	0
B00RQZO5EE	0
B084ZKVSX7	0
B078T72VFH	0
B0BS6K1M6C	5
B09TVGYB5Y	1
B07RDMD311	0
B00K5AYSHQ	0
B01CMSCGJU	0
B08KBYH6Y9	0
B00JLYOEIU	0
B008C26CRS	0
B07VFHXVVX	1
B06Y2LFH6Y	0
B01MZ61XMK	0
B075QLMWGK	0
B076CJDNXX	0
B076FCYD5Z	0
B005BFVM1A	0
B01HGZ7NSI	0
B08HJGNWZ5	0
B00KQQZJ4A	0
B00DRE6ES8	0
B078RJFFVY	0
B075JR49M8	0
B002Q058IQ	0
B09N3PGTG9	0
B0BG5BY92H	1
B07MPNJG5K	0
B07L5MZ4CB	4
B00DX7N0LI	0
B08DRD9R3V	0
B075M32YKD	0
B075P241ZW	0
B011LPMUYG	0
B00C9S0UT2	0
B00AM2CJ8C	0
B004NRUZUQ	0
B0BDBXZV51	1
B07QPZ2ZBT	2
B076MJD3CR	0
B0749C523X	0
B01MXRN5KN	0
B01JLW6BAK	0
B0897RSG4C	0
B01M10MN4C	0
B088KW3XKS	0
B00IP67E3C	0
B097DTP3Q2	0
B0BV2FDG6X	0
B007IWK7TM	0
B07F95WD1Q	0
B07MV4RYKD	0
B001BKR8T4	0
B007RAJJDK	0
B00IPFBGNW	0
B01IQT3YW2	0
B01GU3YLQY	0
B0195R84RE	0
B09BCJQV8C	0
B008OMJDDG	0
B01KORH54W	0
B00NOP9DXI	0
B08MBSKM4S	0
B01H59IJUG	0
B07RRPLXF4	20
B08K8HCYWR	0
B003TO5LU8	0
B091SJS27B	0
B00N27AL4I	0
B00B5LI8L6	0
B07Q1F2HKW	0
B08CXR23G3	0
B0727XKQD9	0
B08XZ99KRL	0
B0C1YPPMQ1	0
B07P76FS8T	0
B00IEYZY8M	0
B00DSM0K2U	0
B079ZBZ7H7	0
B09228WKCF	0
B07YCV4V71	0
B00TYR7E5E	0
B074KH8GK3	0
B07SG3YX5V	0
B0014F9SKS	0
B01KPMJ5LW	0
B07569XWRN	0
B082PHWQF5	0
B01FCG91X8	0
B007IX3ZH2	0
B08G44HCR3	0
B08NPBQKKG	0
B099YGGGVK	0
B07MSJHF3K	0
B07MZ89LLG	0
B0924SY1W8	0
B00B4GM1X8	0
B08W5BGMKH	0
B01GZPHBNW	0
B0002MB9B0	0
B0756C9NX7	0
B005AVBJ7W	0
B00WC7KUVS	0
B08GS74QC3	0
B08K5T88KY	12
B000OVPBBS	1
B07JJ2QDJJ	0
B005GQZM4W	0
B077QLXPKN	0
B00PABVV4I	0
B0BHYH5DV4	0
B071YRXBY2	0
B00IGHCDWC	0
B01ISHIE7C	0
B019QQKAV2	0
B00KT1CGUM	0
B0B5DW2FHQ	0
B07C2QRSW2	0
B00I4IAP9G	0
B07K6QP226	0
B00B1KATOU	0
B098WZ3TPN	43
B06XVQ7552	0
B009A5211W	0
B07R7R4BM8	0
B09KH2L6KX	0
B07TKVPMZ9	0
B01ISB1PW4	0
B01JA2ZFHG	0
B09TPFCKL9	1
B015DOHM26	0
B0BT2YDPB4	1
B07S2PN5SN	0
B07Z2LYFY3	0
B07BFJ6RG5	0
B08QMNYCMD	2
B07GQFPD99	0
B08D8MYFWK	0
B01DM0EH0I	0
B079Z5VBW2	0
B01JJ9PCUK	0
B07YFG1NGD	0
B08GYF7CPQ	0
B07KWFT3XF	0
B0072EA8AO	0
B08JQDNMP4	0
B071FBXRDC	0
B07MCVZYB5	0
B00REAEI34	0
B07L75J4DG	0
B0987FMCTR	0
B0BDPSYMY6	9
B00GZERUQC	0
B074F7Z4Z2	0
B0BB2SB6Z3	1
B01MQWOF0C	0
B07KT7TNV1	0
B0B45648XJ	1
B08GCV7YQV	0
B00F47Y4OW	0
B00VWPAVLU	0
B09XTBKCKY	0
B00SKZ5D2M	0
B08X65FTS5	0
B00CPZX12C	0
B017K801Y4	0
B083Q3BTGW	0
B006MDCOKS	0
B081Q86JD9	0
B076N6M5QZ	0
B0B37HBXHC	0
B00AMU25I8	0
B09GYL3HXF	0
B0030KAICW	0
B0B873YMZ9	1
B00VXRZADG	0
B00C514AQW	0
B01GR9TBB6	0
B0050AEQ50	0
B00FPNW5VY	1
B07TFHLXCF	0
B019EFSIQE	0
B01AP0JM6W	0
B000I5M30M	0
B06XKLCKHK	0
B000JJKY6W	0
B00NAFMWSK	0
B07XP72DJQ	0
B07TKRQ98Y	0
B00NUE90DG	0
B07DQ79W4K	0
B0106XHZEE	0
B08BZ4J51S	0
B07XXVPB1C	0
B07JF5KMLS	0
B09T6RPM7Q	1
B07DC282YD	0
B00KIOSX48	0
B088BDNNPT	0
B07YY52Y6Z	0
B00MR7VHRO	0
B00FF918DY	0
B07R5XCW2R	0
B00ZLWEWW4	0
B00336G0CU	0
B081ZNHRW2	0
B07V4596DZ	0
B00AOBD10G	0
B07DPJMS3V	0
B07YD2Z864	0
B09WHX63R6	0
B085931DPR	0
B07DPGM4L8	0
B09JYGGW4K	0
B00VYV7MD2	0
B0BCC4XLLT	2
B008M7NZIC	1
B0C37SL4N7	1
B07W8LQXVB	0
B00E0ES9LE	0
B0124VXJA0	0
B09KV13F1F	1
B07PFQCRVX	0
B0B92BGGKX	1
B00G9NCEC4	0
B075KFSRZJ	0
B01L9JWN3M	0
B00900M3DS	0
B07RL9LQB1	0
B08KQ6NKP4	0
B087Q8J3JB	0
B07KRZQ147	0
B0BJ61JRXS	4
B00802JNVW	0
B007VMQ9Z0	2
B07YWBTYNT	0
B00OU2QS3C	0
B0873XGP72	0
B07QHKGNZF	0
B08BF6R4VJ	0
B002AQ4B9S	0
B087RGPKGV	0
B01EGRY0EO	0
B07JY83VNN	0
B07BBDGLK8	0
B07KJG4L29	0
B075JFG8QW	0
B01M8HIW4Q	0
B085NQ18BK	0
B0083J7X2S	0
B09NCK1VGW	1
B07N811WB6	0
B06VW84S8T	1
B09MCNMGZD	1
B073YB3RHV	0
B00BTZI9VM	0
B08DNJQW99	0
B09W2V3M5Q	1
B00BGBTWLA	0
B00ISM1TIO	0
B01A73E708	0
B00HWZJ82M	0
B07GB6L476	0
B0167LW76A	0
B097254XDV	0
B00CXBBBFW	0
B015LEPAU4	0
B08DNGY9MX	0
B01GJD33QE	0
B09L8PRQZ9	1
B004HVN5IW	0
B07JHPC53T	0
B000F2HSS0	0
B08CVBYBNG	0
B0821YS3MX	0
B089SKW312	0
B09GJL1X1V	0
B0064J7ZSG	4
B00HJYU53C	0
B0B5KW5MHR	0
B07VGC3FRF	0
B07L3Y8B8S	0
B08QRYMT6L	0
B081TJRYVG	0
B01BN2K75G	0
B07S6LM197	0
B00A2XMHII	0
B07P683CXT	1
B07HNPRM7Y	0
B00EF4ZL8I	0
B09PWZG9CJ	1
B07TB9L1FF	0
B00YCC94FE	0
B07TLJ5FK6	0
B00F33FST2	0
B098QVP6D1	3
B07BWQGVVK	0
B0CCNK8JP9	2
B085QLXBB5	0
B07BQFDRNF	0
B07D7X14XL	3
B00ULNBCB2	0
B08DV86BZF	0
B07R2MPFQH	0
B07732BKDK	0
B08C6QNMX9	0
B004M0N4IE	0
B08R86WZ11	0
B096FT3BQT	0
B07S6TDVQX	0
B07GQW1LCD	0
B09DBF5YN5	0
B07G2FTK82	0
B002IY9B1A	0
B073DS3G8Q	0
B0171AN9O0	0
B07S2ZQZWJ	0
B07CVLB7GC	0
B00D8D775M	0
B01CEZH3Y4	8
B00VY9Q5N2	0
B00PTDD0DC	0
B074KSYYH1	0
B0108QH10W	0
B06XTWJ834	0
B07YDGL83D	0
B08GKPNGYQ	0
B087N2PKPZ	0
B08HRHY1RM	0
B00P03B5XS	0
B01AMI09P0	0
B096Z1YD6G	2
B09GBKLMQV	0
B000IV22MU	0
B00VJLAXC4	0
B08JQBD28N	1
B01N5XY8ZT	0
B07R7FBWZM	1
B08RXWBD9G	0
B083NMYKRB	0
B0025KW0J2	0
B08BC1B5W7	0
B083R7Q77P	1
B00F1XND78	0
B07Y3W3XKY	0
B0725QQXSQ	0
B01D1HBHMS	0
B0827N8RLZ	0
B07QT8HFR3	0
B081HXRQFB	0
B07HG5KRX7	0
B01MDKI2G1	0
B00XBB9IBW	0
B0056EG9MS	0
B0741K3Z8V	0
B00IXVCI8A	0
B07DNYWMZ4	0
B008LUJDMM	0
B072YPN3WN	0
B00M7EEAAI	0
B01EXV6CYE	0
B007E9VEUA	0
B08RWPDL46	0
B00G4LYW9Y	0
B00V4ZUOGK	0
B07G5YTKSM	0
B01N1F9J6Y	0
B084F3T7CR	1
B00LH2CG9S	0
B0886LW6Y1	0
B09NBCLQWY	1
B074T7D9VW	0
B07MMZLLQZ	0
B084BV7WD4	0
B005OLBAYU	0
B089N9KTC1	0
B08PJZ61ZV	0
B00ZM6R2IA	0
B08NXKWF2R	0
B07TCF13H5	0
B0792TWF7C	2
B078Z5MPSC	0
B00QJF4T8Y	0
B01N3K958N	0
B00DVFZ89O	0
B0177CAKSU	0
B01N3CTB2Q	0
B078J839K6	0
B012HL3T8O	0
B06XNQH7GT	0
B079ZDLTRD	0
B07MVR31QJ	0
B01M1KS4WZ	0
B076DBRHVR	0
B084GMF3F9	0
B007XHBRBY	0
B07Q6NWNJY	0
B0078PWD3W	0
B01N5374NN	0
B010Q0VDZ4	0
B001PKT4QA	0
B09C4KPBJN	0
B0C5T7VZK6	2
B00H85276K	0
B07QYWGTBZ	0
B07JVHX53V	0
B01HS9BTAU	0
B07DWSZ7VZ	0
B01I2ISVVG	0
B00842PFWO	0
B0C1BT5862	3
B00T9CM46S	0
B00K9DJLYO	0
B00KHEEHFI	0
B091L7HP2Q	0
B01K4IT6OS	0
B00B11QBZU	0
B09ZH7HNCG	0
B07RJGWLY8	0
B07FYCCLGL	0
B07P9YMD65	0
B00U6ZTM6W	0
B08912SPBK	0
B07SZ9RGKM	2
B084VHNV5P	1
B07CMLLZTW	0
B07J6FTS77	0
B0B8N359C5	0
B01CPV78G0	0
B007Q1S6AM	0
B004UTQ4ES	0
B06XR41NQN	1
B00U0HPXBO	0
B07D8MPC4P	0
B00NB5QERO	0
B07BH3LLDM	0
B00MAWNMEW	0
B07C2ZHDTX	0
B094Y8T1Y3	0
B06XRPXQWW	0
B079Q2NTWQ	2
B072K38ZMQ	0
B011W2XG7S	0
B075ZV13TS	0
B075K4PJKJ	0
B07F76HWV5	0
B081KX7RV2	0
B08HHJRN77	0
B010HVRI2O	0
B0BM6Z9TC4	4
B00L82UKJK	0
B002R8K0QM	0
B07X7ND7T7	0
B00CE8UJRK	0
B07RVLSP38	0
B07R72X8TD	0
B07BPNJYD6	0
B00KXA98UA	0
B06XS3X7B6	7
B00VJ5I0AM	0
B07JYPFLS1	0
B005CL1WPO	0
B06ZXYN9ZB	0
B07CVGSKVJ	0
B0BKT27XHP	0
B008VUY7KA	0
B073RTNZKZ	0
B08V2YJ8XV	26
B07CMHRS2N	0
B00IY7XQV6	0
B003QAM6GW	0
B00W587WGK	0
B009G3SVIU	0
B09197Y529	2
B00D4EDQ5K	0
B08NP8D3NC	0
B00OKR7BJ2	0
B0B9J5B3R2	0
B07NSQ1PFP	0
B09M787L24	2
B09MKFFG8L	0
B09LRF4N6N	5
B00F92CSB8	0
B09NK93CT4	0
B005A5STF8	0
B07BGD7JP4	0
B07BYPSNBX	0
B00NV9DA6I	0
B01F42YAMC	0
B07JK6M4SK	0
B002DE662M	0
B004ORKDJI	0
B072L6PRNM	0
B00NLLDH28	0
B07663HGF3	0
B00AG448Q2	0
B07GV4FW1P	0
B00IABSGLQ	0
B0BDDWSPYR	1
B009XHOFPC	0
B00YWPMGLU	0
B01N184YJ0	0
B09QYTT29R	1
B00GSTODGY	0
B0892STXWY	0
B08LNM8PHG	0
B0716WJS9W	0
B08VV27N4C	1
B07GGX8B59	0
B008FEOTBO	0
B08WQLQZTD	0
B0185S1S5Y	0
B00JFZBYOM	0
B01M5FKUS5	0
B09D8YGPNB	0
B07D9XCN7V	0
B00OI0CBJQ	1
B075PXS8GX	0
B092D4LDCD	0
B08NVFQMZ9	1
B0B1V5SL8T	0
B0B3JV7YHF	27
B01D85UJCM	0
B07YBHBHKY	0
B09B1YSZCS	0
B086YQ87BL	0
B016YQSHPS	0
B072PC9H91	0
B0B387J2ZC	0
B07NZJM5VS	0
B07CQHXB6X	0
B07RYP22CD	0
B012B5USWG	0
B07VZDQ6YC	2
B019J1BWSE	0
B00MJ0U860	0
B001G8X5XY	0
B072L9XN5T	0
B07X4W3383	0
B00V6S2INM	0
B00IV55IR6	0
B07PS5ZN9F	0
B00M09JD0C	0
B06XX8TLP9	0
B00MUBOYMM	0
B08KXWL9JY	0
B00FK7T15S	0
B084H8HJ26	0
B0811RQ3PZ	1
B0071J9WQ6	0
B07KR21DG5	0
B006E9QCMQ	0
B01CKJDQMC	0
B01C7WZYV8	0
B00MVRL59K	0
B07QGCT8V4	33
B08MJXPJSZ	0
B00HQY4ZT0	0
B07K652FTQ	0
B08FWY5B1T	0
B016K8OS3U	0
B08Q31WG15	0
B0185HDV0A	5
B00AJSB8K4	0
B00BLBKLL0	0
B01GI1TZDW	0
B07886M8NJ	0
B073D8SM7Q	0
B0C2TSQKTC	2
B0CB4Z8K4F	0
B01HT9H9TE	0
B018HLQ1FG	0
B09CH5JF48	0
B07ZJNBSCQ	0
B085HF95Z5	0
B085945YJV	0
B077TNDGRQ	0
B074W98S3G	0
B07SBTFCSV	0
B08PCYWFBY	0
B07P5LL6QC	0
B089QG5WP2	0
B012UA02WS	0
B01D0T8XRO	0
B078JPDTQV	0
B00IO248S6	0
B08ZL5565V	7
B086W9FGCM	0
B00DECH7XO	0
B00UIH89IK	0
B087Q619T2	0
B00L31LXHY	0
B07QW576BX	0
B07CN4BFJ1	0
B07PPSWHR3	0
B00G2PS3ME	0
B07KQRVBCT	0
B07D7TBP51	0
B077PG7H78	0
B08MTRWKGB	0
B07PJZ7FL8	0
B09VFGMY7K	0
B00D83R6WG	0
B071J84DDD	0
B004JPN1BW	0
B078BPJRBX	0
B0015R73LQ	0
B07QB4CNNN	0
B09DY735RT	0
B07HRG7BNJ	0
B07WRV215D	0
B01MA0DBVU	0
B081GV9ZCZ	0
B00H87P1OS	0
B0811WM717	0
B00IEESWTA	0
B07Y5L9PVR	1
B08TYCZ9H7	0
B0BGB8G28H	1
B07DCJFK54	0
B003P8QNAU	0
B07GV98SQ5	0
B09CYYQP46	0
B07RWXZQY9	0
B06XH7PDZL	0
B01MQQKVYQ	0
B01J2Q2RC6	0
B071GB865Q	0
B01E2S8EOE	0
B01FZ7499A	0
B019E8NSJS	0
B07HJC93P1	0
B01MR0M7YV	0
B00CPLHUJQ	0
B016X56ZTA	0
B004A911P0	0
B00KNQX8PK	0
B072N57RPY	0
B00IFW5VCW	0
B01MUAI2ST	0
B01LZ7ABTI	0
B0746JB88T	0
B07FY6Z7PD	0
B0C8C96RPC	0
B00AK52T2M	0
B07JX84Q24	0
B08FJC5X3W	0
B010LX3O12	0
B086ZM8FXV	3
B00I1Y2ASM	0
B073RNZ1XP	0
B085NFK1PG	0
B08NZS29G1	0
B01LVZC6TF	0
B08DK1VK8N	0
B07RV673P7	0
B0B6935RTV	0
B00CS5FKYQ	0
B07M5VZKCX	0
B01IT2CH3S	0
B01AJ330IG	0
B01B8BTJHE	0
B07DXHGVBY	0
B01848TY56	0
B07NRZ96N4	0
B076X1M7FS	0
B01J9CIUT2	0
B01EG6WI76	0
B01LX1OPXG	0
B08D3Q4YM9	0
B07CZBQ5FL	0
B09PB51MBP	0
B097GT7YNL	0
B09QGVGG1Q	0
B00N4OEE4M	0
B004VW7I1M	0
B00UKE086W	0
B01LW51YBV	0
B00KZJ2SEM	0
B07FSMNFV7	0
B01E9SWTQ6	0
B0BDFWJ9V4	2
B0832D1YWP	0
B00L4UF1AY	0
B06XNVVF4F	0
B09PN9XVGG	1
B07GL4RD1N	0
B07K4F4192	0
B08K38TR6J	0
B08SBN46DD	0
B00NASPEL4	0
B07G5X9ZY1	0
B00IKBIGEI	0
B009SAKL0C	0
B079331J8C	0
B07Y8YH7GN	0
B088Q3JGZG	0
B01DBRE65S	0
B00FWQGIZS	0
B091TT3527	0
B000YDYW8O	0
B002JW26TU	0
B00C7Z00OM	0
B00FAV6JHW	0
B017B05BW8	0
B00E1BQ65W	0
B01I956COK	0
B00O2DAMW2	0
B077K7M8TJ	0
B01MRLUBNG	0
B07YXQLX1P	0
B003Z4KKFS	0
B07R9Y4876	0
B0BV6YNRDB	0
B01N5A30C9	0
B01920BDM2	0
B07N6G3L1W	0
B0913BNTKN	0
B06ZXS9VX1	0
B01LZOYQDB	0
B082TKGYN1	0
B08TQ7S2JP	0
B0822NFFHM	1
B00UOC0VL2	0
B084DB59BT	0
B0783HJLBV	0
B0074TLN2E	0
B085NP4N23	0
B08KJB493K	0
B073DZCWS3	0
B0BCJVQ7RT	4
B06XBNF5M7	0
B0044AW3TS	0
B00IDATSZM	0
B08YR3MBHJ	0
B086PGHZ54	0
B071LK4V3L	0
B07SKBCQ9F	0
B008FWXCUU	0
B08F5GMD3C	0
B09SM4RY3K	1
B0B9B5RQG7	3
B078T29XDK	0
B015945W8Q	0
B07QZQRDFW	0
B07NF23N5R	0
B07WLNX6VW	0
B008CQPMHU	0
B019K4XOZY	0
B015A3JX2C	0
B0872Z8WFK	0
B00FFFOHN6	0
B01MRBX9M1	0
B01L9UTHDU	0
B077ZGY7GQ	0
B08S3BFY3J	0
B07MQ6QN4H	0
B07FW3ZN25	0
B01BMYTCSI	0
B07GXF4PGS	0
B09WTMPLQS	1
B0777PY5CL	0
B07Z3JPPV1	0
B0BRXQNTPX	0
B008D4U794	0
B00UGDKE7U	0
B07872NQ59	0
B092VKPTX3	0
B00IS79D0K	0
B0792QTYTF	1
B09CBWV8MZ	1
B0B4JQST8S	1
B09GPH3PZK	0
B08SB722BK	0
B00826WC8W	0
B06XTGHW1Q	0
B00TJHCFH6	0
B019AP13VA	0
B07J1DJ2CN	0
B07S3XFZ4K	0
B017BJ2WLW	0
B00FAORY5A	0
B004FTH4J2	0
B00H4K7QHE	0
B00LWSPBSA	0
B07DD82V4M	24
B08FZZ68T2	0
B084GWFWQW	0
B011AK5AFI	0
B0013JOV16	0
B0742C5K2Y	0
B009MP8ARE	0
B004NKN2R6	0
B01H6I2SZ8	0
B004LWZXV4	0
B007P5QF66	0
B00DYW30AI	0
B09XHGFS58	0
B073RPSQBD	0
B08YYSK5TV	0
B07BLLMQWR	0
B017S5SL4G	0
B00QS7WFDY	0
B07WGG3DBJ	0
B08G1Q8BGD	0
B07D2B57X5	0
B004LGK0Z4	0
B09GDM5TNZ	1
B01N200BJH	0
B00ZBTVVKS	0
B09127L4DJ	0
B09QFY83W5	0
B07H5HPLRY	0
B01B3UZTBA	0
B006NCKL44	0
B0037QH15G	0
B014RSUPIW	0
B01MAYVQ68	0
B006H39CVM	0
B00VMNNSSU	0
B000NRV64O	0
B006Z34MCI	0
B093L3R1T2	0
B019F6FFW2	0
B013JBIJFO	0
B015IOJWJC	0
B08R8NPZLG	0
B08FT628NL	0
B01BEEFUWS	0
B003FW3O4O	0
B0073U0UCS	0
B00GFGZPRG	0
B081VG2XGS	0
B085FYDQB3	0
B06XCNCZ2J	0
B0152HWX7I	0
B07RFSZQK6	0
B01FKMH6DQ	3
B07CWJN7XP	0
B07RX5TRPY	0
B0795TTTK5	0
B07CZF1RLL	0
B01H5NO5VY	0
B01CUKRFRI	0
B07ZHYLXM5	4
B07K3QT2YJ	7
B06ZYBLW3L	0
B078WXMNGF	4
B0038A2XZE	0
B08RQPGWNH	0
B071KTP35G	0
B07SZKGWJQ	0
B0B3JHB938	2
B07CRT4KMV	0
B00YN0BJ3U	3
B07J1NBLBX	0
B07FY9YYFN	0
B07CPDYD5Y	0
B087JMVJ6P	0
B071R2R57M	0
B007S01ETG	0
B07HK25VXG	0
B08BK122KL	0
B06XKTRLG6	0
B09493K9PY	0
B076CQ9Z4H	0
B089NP1YYK	0
B09NZY7PJT	1
B01AHZWRE4	0
B00WXKZD7A	0
B00OU86SV8	0
B07BXNHWRY	0
B08GX2JLWL	0
B0019S2V4A	0
B01FZEZC76	0
B00TZ9IVI0	0
B0073YD6X4	0
B08KJY7HNH	0
B07QQV9BRD	0
B017AS63UA	0
B08XBPKTJ7	0
B01N6HWRIZ	0
B008E5IOIS	0
B00AU55YVA	0
B07JLX59M8	0
B017OYKUL8	0
B00DR0GHWU	0
B06WVMLJXH	0
B00ACMOIY0	0
B09WQQ7PJX	0
B00OJQQL7M	0
B074YZPGJ8	0
B0BVMW79DG	5
B0057XA406	0
B09KP93V5B	0
B07MTGTPG7	0
B07KXF14WW	0
B00HF6PKY8	0
B01F92VNLI	0
B01I79PSC0	0
B006I0185M	0
B08VJ585VY	0
B09N9ZJ4F7	3
B07574DZBG	0
B0775W5519	0
B0731H8T63	0
B0972V237T	0
B071CTD583	0
B0BB69XF89	64
B0BYRVKFDZ	1
B07KS3936M	0
B087QDZ8GW	0
B01H7ZCW60	0
B07C3X3SWY	0
B07DMNRJ2M	0
B078HZVBPQ	0
B00EZTZ9YE	0
B07KB1ZLPR	0
B07QNJDJ5J	0
B07M9454XF	0
B0056YNFHK	0
B07WQY5RKX	0
B071W9P2WM	0
B004ZKSDPU	0
B00R9XWN8I	0
B017770JFO	0
B07WQV8GCP	0
B01COEO5K0	0
B08996Q326	0
B01KNBQF36	0
B08JJV65WG	0
B0B3V1ZWV2	0
B00BA02JEO	0
B0774YJ276	0
B008IW0174	1
B08FWX6LDD	0
B07SRY8STQ	0
B07QC8DCWX	0
B07D26BPVS	0
B074CF2RSR	0
B016HIR1VO	0
B06ZZ7HGQM	0
B071HNYGMJ	0
B08JQD3G74	17
B01FLUF0O4	0
B0994TMK3Z	0
B0713YCZ1X	0
B01N9603JC	0
B006QMP53S	0
B015T2LRZA	0
B06XRJFJTF	0
B08BF7LRT5	0
B01549NSFU	0
B00KZF1T9G	0
B09HQZX9DG	9
B08VDDLK8G	0
B08NWBJ1XR	0
B01M9H087D	0
B0BKK1G46R	14
B07R5YRWVC	0
B01NBZAF7I	0
B09BN253VP	0
B09VXY2C19	3
B06XDQ5Z3T	0
B019FX3A5Y	0
B00LG837SM	0
B00IPPFAUW	0
B07ZQY8MWL	0
B07GB8WCDM	0
B09L7ZG3DD	1
B07QD12FH4	0
B08YZ5HYWZ	0
B004YK8OW8	0
B09TDF54MC	0
B01GSY5RMM	0
B0BNX86Q2K	20
B0C62ZWP25	3
B075PT5JCQ	0
B084KCDX92	0
B075JF6QTB	0
B09QSTSCM2	0
B0192W27CK	0
B076M5G1DC	0
B0BT1ZQYK8	1
B09QPFYZXD	0
B08GNSRGML	0
B074W3TQ9Y	0
B01AQC3IF0	0
B00ARKEI1K	0
B00F4SX28U	0
B01JK11J6I	0
B00J8PJUJK	0
B01DTD0BXU	0
B07KF7P918	0
B0B2K5LZGZ	4
B0899KKR32	0
B00DWWEIQU	0
B007O3SUBM	0
B0177LPPVS	0
B077RMSCMK	0
B001NIZ80A	0
B06XZYRM8T	0
B07GWF5FKS	0
B003DIPB50	0
B01CCKTFHE	0
B013EVUC1I	0
B083VTTSPY	0
B084WYVVZW	0
B09ZPCHJ7N	1
B07PZSW52T	0
B07B95Z37J	0
B07XL6YS88	0
B00HF4CX2W	0
B072FR6YLT	0
B08LYD5LMH	0
B09J4XQV5G	0
B07S8YK6DM	0
B077XY3YM3	0
B0763R5GTK	0
B00A1XGC1C	0
B097N31RCN	1
B06XRYD1FF	0
B08K4LSHXT	0
B09WSY1BG7	1
B07FDXZNWY	0
B007FNDYGW	0
B07VKSWCG2	0
B075RX37W5	0
B0BBQ6L2B3	3
B07D7TSSWN	0
B010T6RPNY	0
B01A5FORYO	0
B00H3IV37Q	0
B07YJVQYKK	0
B09JLJP8VS	0
B00KWKBZB6	0
B007YPYUCS	0
B00K6516Z2	0
B083NJCHW6	8
B07FTBG1FH	0
B07W8YXW1B	0
B019XNA2VG	0
B00PBZQT2M	0
B01N288ZQ2	0
B0754L6NW4	0
B0874SG4X8	0
B075FPCYHF	0
B074MLDMXX	0
B008NNUGZ0	0
B07JXL4787	0
B00EFXHPTW	0
B07VGV2Q71	0
B08KFW293K	0
B016887GWW	0
B07GBW22F2	0
B08Y5915BN	0
B00ZU6B6CA	0
B085XFSZTF	0
B07SL5SKJ4	0
B07QPWZZNV	0
B01ECA08KU	0
B07N83KHYY	0
B077PJ3KFJ	0
B079ZP1W6L	0
B07YLG9HRG	0
B01MXEH0YF	0
B013FE0A5W	0
B078YPD8PD	0
B07XD9J4T3	0
B016QL720W	0
B09WMM6S2G	1
B07CN7JYFP	0
B06VTSYTS8	0
B079H52XW8	0
B00U9V6EY6	0
B08ML67LBF	0
B08XQP94V3	0
B075SF8362	0
B07T6Y4T31	0
B01C6OWV9K	0
B07H9JXYGT	0
B07FXG25JQ	0
B07X46SQ52	0
B07Q18FQMQ	0
B077T4LNCH	0
B07HF4BL1Z	0
B0033WTAQM	0
B06XWK6P2T	0
B077NYY68X	0
B095PY44SC	0
B01MT73NUL	0
B00PA0E1SM	0
B00LBMMZ6I	0
B08ZKD9KXY	0
B09CPQ255H	0
B01DVJ0TQQ	0
B08M92R4RJ	1
B005MKQ7X2	0
B07N9DDRTR	0
B01FKMICPW	0
B09DFMM2HN	1
B072JPVMC3	0
B01N1PHNBK	0
B08B4C3ZNJ	0
B07VW6ZY8K	0
B0795FVYKY	0
B01BPWBNWA	0
B00RLSHMTQ	0
B01AQI5GHC	0
B08XHQF8B5	0
B07BY3MJ8B	0
B093Y8M68R	1
B00AQAQ6WA	0
B083LJCX7P	0
B07MF1ZW24	0
B01COWH5FY	0
B01N5SDZZS	0
B07H3XVHJW	0
B072KD58J5	0
B011HU7YSW	0
B01MAZC52S	0
B00EA7SQGO	0
B07G1YS442	0
B09BDJ3BWZ	0
B00V8S6KTS	0
B00OTG8DGY	0
B08998MZTY	0
B074FXGYPS	0
B0B6W26PLJ	6
B01DQS893W	0
B07TCH1HQN	0
B004QTHEPK	0
B01LZ9W4AS	0
B007TN6VGI	0
B07PHSZ6RR	0
B07WCVPFDH	0
B01DJX68TG	0
B075C1YWGN	0
B078HCXMM6	0
B0BHP82XQ4	1
B0BVRKLSVP	0
B076TQHP9X	0
B002WZTXJA	0
B08CZZDWFT	0
B01MA5Q7S8	0
B01NBMAV63	0
B07C5XFD2R	0
B0159WI0UK	0
B012FBI79C	0
B01CPSTC3U	0
B08J7WNDYB	0
B00W5S9ZGU	0
B01KXKSYKO	0
B084SNJ8G2	0
B09B7JCJ6S	1
B017AIEQ90	0
B09PFZSW6Q	0
B08CMSSHWF	0
B07NSXKL56	0
B0792MSYLH	0
B0B881R66F	0
B077XRQH88	0
B079C4VJGX	0
B00I0AATWQ	0
B00PH2Z1SC	0
B06ZZSCWFL	0
B0079MHTH4	0
B07LDCRMBG	0
B002EEP5OG	0
B002H5BVGI	0
B089LMJSPB	0
B09KTR5TKQ	0
B07SH691HS	0
B07GFC3YVL	0
B076QRJB1T	0
B0773FQQP2	0
B07G2F9K6V	0
B01KY790M2	0
B07FMFWDX6	0
B00CKIH4CM	0
B00M0L4R5Q	0
B01NBPGZYA	0
B016LV156O	0
B07V1PCS28	0
B07Y57Z8N8	0
B003E7EQ60	0
B07J4DJ5BT	0
B0716M1XD3	0
B08VW58GZ3	5
B073HC4JN5	0
B002BX3EZ2	0
B06XYMWGT9	0
B01922PJ8O	0
B09CYJWYJM	0
B07PBWL353	0
B09XVBWMR7	0
B08CDFXHKT	0
B01LE25V60	0
B07BKFFJ23	0
B093GFDM2G	0
B009NPOJL4	0
B00ZGQRM9U	0
B0797RSY6Q	0
B00ROD03JO	0
B004C43BWE	0
B0094KVFCO	0
B083SF3XL3	0
B01JFQ0E14	0
B082VM935T	0
B07G9JTG58	0
B06XYSJ7CZ	0
B08VJ9D9XQ	0
B0160D41AU	0
B00EDR4LE2	0
B0010TBI42	0
B07YDJPVNG	0
B01LVV770L	0
B00EM5QMTC	0
B07TKCSV5Q	0
B09DJ159SZ	8
B00I3CQCTU	0
B07RW33R6Q	0
B00HMU1LPE	0
B07MF1THRZ	0
B092CR712Z	0
B07L2Z747M	0
B07CWQQ44M	0
B00L9ZBCV6	0
B003UFSSI8	0
B0897MZDB2	0
B082YGTC8D	0
B075TW99FX	0
B098KDRPN8	0
B00LIUNF9E	0
B01MU0UBTY	0
B01GDWWNVC	0
B072B965NF	0
B00CWPL3Y8	0
B07TFBNJ8S	0
B00BVYWDUO	0
B00PJYU87W	0
B007Q07924	0
B09R7M6RK3	0
B07P98DBLB	0
B07R6RDV9L	0
B08GKX35BP	0
B09VLFJ99T	0
B01DIKMUYW	0
B08C98F1CQ	0
B08Q3QM5H2	0
B004JM4EFW	0
B08F9F5R6F	0
B00R57EIRW	0
B08WC3Y4RD	0
B00GH3BZDU	0
B002WRMRFA	0
B004YCKW9Y	0
B0BC4QVNFC	0
B00IM5EXN0	0
B07GH1PPVN	0
B07HMWVFJN	0
B007A7V17M	0
B08PBY9H17	0
B004J0YP3U	0
B0B63JLG75	2
B0C1YZXFSK	1
B00B02WFWS	0
B07W52G5YT	0
B00R7CIFJ2	0
B00N9KKP6M	0
B07P7H8X5P	0
B081SMNPMP	0
B0834HJ8TS	0
B083N3FHGN	0
B085RKR86F	3
B00VO7EEPU	0
B07CXVKBQB	0
B08S3RH1FM	0
B095M2TBFF	0
B0BKQZ26SX	3
B09YY1GTB3	1
B002FU6UFW	0
B018OWEKW4	0
B06X9DJPYC	0
B00LBXMEG8	0
B006GJ8LNW	0
B09B1Z1MPX	0
B006M0JK4Y	0
B003G35W10	0
B07NF79NL5	0
B08C7RHYRZ	0
B07FX6L9HS	0
B07TC5B1VS	0
B00F084VIY	0
B00WMG8SOU	0
B08LKSFYNT	0
B07DJCTDST	0
B00HWIKSQ4	0
B01AAH27US	0
B01IKD0BQQ	0
B07GRCQPLK	0
B07RLFXNCQ	0
B0BHNVVPWR	6
B07BNC87NW	0
B01N1P8ORJ	0
B008401R0U	0
B07FSQ858T	0
B01I82I3XM	0
B01KZJH6V6	0
B076CJFD81	0
B0BG9T8BWZ	1
B07W3KH8DS	0
B07RGFCX8X	0
B0089ZRW90	0
B074P4Y4HW	0
B00R84TYFI	0
B07QK7DT5T	0
B08NQ3XXYG	1
B00XO1H6HC	0
B017HNN0JU	0
B093G97HTW	0
B01GIINAP4	0
B007TISG2U	0
B0B76LJQ63	1
B0062H8Y7Q	0
B012J1VLPU	0
B08K2GLP61	2
B00PU05122	0
B00QWH21GG	0
B00K5BAW52	0
B01MF9ENQ4	0
B01KU6CMCW	0
B08LM61QQW	0
B00DPG92XC	0
B089JY2X5D	0
B00XNU3Q3W	0
B071992SMQ	0
B07JNC1SFT	0
B01BM5NEKO	0
B016LINJUM	0
B01FT5N9KI	0
B07G5MNP6J	0
B014M1P0MU	0
B01MSAR90J	0
B00TO9QOJY	0
B00E4FK22I	0
B00U0HTS38	1
B00GI19AMO	0
B07TYXVCKG	0
B00GK520F2	0
B013XUAR6U	0
B071S4JX51	0
B08T1T45YV	0
B0B9V14DFG	0
B0087H03NM	0
B084Z6B4WN	0
B06XNJBTRP	0
B01E7OJG7C	0
B009PQ25M6	0
B01MRR8ATA	0
B07JQPGXZJ	0
B013QJQYJ2	0
B08DM1T7RV	0
B005J4BCGI	0
B07R71SYBN	0
B07ZHYDGH6	0
B09QGLP7DG	16
B015WPYYCW	0
B00SZ4H8D0	0
B07ZC4NHFX	0
B004CSD76K	0
B009JBKV2S	0
B096Z2BBMW	0
B01LW6KX0F	0
B08KJ3WLLB	0
B07WVB57XH	0
B01M63V1MP	0
B0753WTX28	1
B07DVGK123	0
B07N2ZB8SN	0
B07BBLGTQS	4
B01N0V86B2	0
B00M1BT63S	0
B01FUK0UFE	0
B076FTW4HQ	0
B015U2ZV7O	0
B00BMTKXPU	0
B085ZMS2VW	0
B08H8SH6FJ	0
B0916CFZRP	1
B09S1VL2X1	3
B07F7MRXGZ	1
B010IUBL86	0
B00ZE07ND8	0
B00KRA03GY	0
B093337HYV	0
B00HNBQ2CE	0
B08FWRY9SZ	0
B07T575R3M	0
B08YNV5LCR	0
B08VDPHD2B	0
B00GCB9CHS	0
B01M7VAGDI	0
B002K8PJOW	0
B09BMT754Q	0
B00MTPEYFG	0
B00NNH73UM	0
B07H843CKC	0
B07P7FK8RG	0
B00K34M2R2	0
B09K9GMB9J	0
B00Q77JPME	0
B016P7G0GE	0
B07HMX15KN	0
B07C4TDZ9Z	0
B07HB28YRT	0
B07B27BT22	1
B08CVSH312	2
B09B3PM6VS	0
B0B42B7HWR	3
B08R2QDSH8	0
B0BS3X6SLM	1
B00YUTV6NC	0
B076KCFQW2	0
B08HLM22WB	0
B07GX9ZC3K	0
B00KJEKY3A	0
B01CG0YD3Q	0
B018K01AAK	0
B00K0TAQGO	0
B08MLBD58F	0
B01N7L3CU4	0
B081N4445K	0
B07C663T52	0
B07R4X4HH7	0
B008YVTDGO	0
B000Z4FT8Y	0
B01CDO1GA8	0
B0872DJMS2	0
B00844O9PQ	0
B007Y2VURY	0
B01AIM0SP6	0
B07HKSNS4V	0
B01GURXSDM	0
B01M0LPSRS	0
B0C6XKW7Z3	0
B0771M74B9	0
B09NDLV42V	0
B0BSVR3KCP	1
B014WC0Y34	1
B0886CWFN4	0
B00T2OXRV4	0
B08BYHLBF7	0
B095WV9LRJ	0
B099GL1XC7	0
B0B7QZJ67Q	1
B0042GYVG2	0
B01BO473ZK	0
B017ODACV2	0
B005R52AG0	0
B076BD991V	0
B0026WR0I0	0
B07NRY78VW	0
B07MX7VK2V	0
B00BCE0QDE	0
B0BZ7ZLVTV	4
B004ZCZ068	0
B071Z9PCLK	0
B0837PHQ5Y	0
B09QM2K6H1	0
B01CTG512E	0
B08TG8P6FP	0
B01N02ZEHH	0
B096RPJHN7	1
B006JRNY0G	0
B01AWZF23W	1
B00AEZKUR4	0
B07RRXW985	0
B003I84XIG	0
B0733LT9BF	0
B008GT8W6Q	0
B078K26MWH	0
B07PZ43FQT	0
B014WBBIU8	0
B07L4DT6FD	0
B07BW9JGPW	0
B08LD74NXJ	0
B0B9STXXMC	0
B00ZYIIJRE	0
B01N00XK47	0
B0078K35GG	0
B075KHPQBX	0
B008Y4UK6S	0
B00B4HMXP8	0
B097P7LV6M	0
B01MXN84DA	0
B07HCCKRCD	0
B08PS4Y9BY	0
B008Z4UXK0	0
B08316HKR9	0
B01F9AZ68G	0
B08671633J	5
B01FG3RDA0	0
B07HNRSJHB	0
B07RBF1B9B	0
B08199J7HM	0
B00M2ZHHXY	0
B078XB6GVW	0
B00Q2L2V3U	0
B01MV12JOU	0
B00BPC313A	0
B07MF11DPW	0
B01E1QLD7C	0
B008C15EE6	0
B01EJZ28DS	0
B00UN3BXW8	0
B07HQVF9RQ	0
B00QNJHP46	0
B08965B49N	0
B07BN9SK6N	0
B01AGWIW6K	0
B01E2WT8MM	0
B09R1DFB94	1
B01FQBSKT0	0
B076Q5V3K7	0
B00JPKBEF6	0
B002ZPKPLC	0
B09HTTNYXW	0
B076DJMFRB	0
B07MZV2DFJ	0
B000JN7MRC	0
B00E5LTSMG	0
B00W0Y66PC	0
B07MX97643	0
B08SQT82BY	0
B07TGT33HJ	0
B00UT4AAES	0
B00Q6SJNT4	0
B07SQGG6WC	0
B00BGDHCVK	0
B00YNK171E	0
B01MZ05Q4W	0
B00857T0H4	0
B07G7GSVRS	1
B07YLH6WY2	0
B00GLGWMJY	0
B00VSBKICK	0
B0BFQYC5NG	1
B007KCP6WS	0
B009XT5H98	0
B06XCVYH7J	0
B01DZ6SM32	0
B076HFGWZC	0
B013WYQXHE	0
B00155EEA6	0
B004DMTR46	0
B07RL92TPQ	0
B00SK5HN6G	0
B08C763FXW	0
B077ZLW998	0
B00BMKJLKM	0
B09X2KV5ZW	1
B072851VM1	0
B07JBBPJP6	0
B00ZVJJET8	0
B0029XFHKO	0
B07FK1B3RR	0
B0181TPGOG	0
B0009VXN6I	0
B005DM11EY	0
B00Q2GHFUY	0
B00W8AJTAM	0
B001AWXIYM	0
B09WVN21NG	14
B00MW305SK	0
B0037252HO	0
B00HZR2PDG	0
B0746JDSB8	0
B07FHPLBWL	0
B00KNBFO6G	1
B0751SRBWS	0
B08SZRT2H3	0
B09FYMHCHN	0
B08NYJPNF4	0
B01N55E159	0
B07FP3HVWK	0
B08RMGV2NN	1
B06W2FLGSF	0
B09Z3F2VV7	0
B077N7ZMTQ	0
B08NCK71WX	0
B00KT8PSU0	0
B081J9RJ1B	0
B00OJ01N76	0
B09F6NPJDN	0
B0038KX1N2	0
B0719HMVVZ	0
B07KZRPDGP	0
B0097CMKGO	0
B01LW3S39S	0
B0B321HZK5	6
B07QY726JQ	0
B07PL9W3RR	0
B07T6HGMSL	0
B009IKMFCY	0
B003XBLCNW	0
B0BFWTDK6Q	1
B01CJCU5OW	0
B00CVBJHFU	0
B084SJTN4B	0
B010730UC2	0
B071YF55T5	0
B09BJMYCQ8	0
B00AL5I2AO	0
B00RE65C1U	0
B0BCFPXLWR	1
B07XCVYYLJ	0
B09ZMJ5439	0
B07QT9S826	0
B00SSXNGB6	0
B07R68VQDW	0
B072FLK6L7	0
B08FKXQ4KS	0
B008JFWUME	0
B08RZ2SGLM	0
B01KKVJP9U	0
B009T1ZVDW	0
B09PNPK2B3	0
B00M2O8BUI	0
B073S6TYNY	0
B00Q47BPFC	0
B08BPK6F8P	0
B003P2VO50	0
B07BNT95J1	0
B01N7MKMOL	0
B09PL6VGN5	0
B0759J3VX2	0
B0B5NX2H2S	1
B07CP448VT	0
B009SDUCWG	0
B01JFY5NQ2	0
B07J65JHLK	0
B07WDMJ6LK	0
B09W5GMVBJ	0
B008FXBCKQ	0
B07MXPW525	0
B00AGUXJMU	0
B07MJ6186C	0
B00FKZC4XQ	0
B07G4466Q3	0
B016QUV7EU	0
B08P3JZR1R	0
B01CETBIIC	0
B004Z1KOX8	0
B071XGRTSG	0
B07N68JQN7	0
B072N8TTRS	0
B08ZL5CW77	3
B0792185TL	0
B07Z1T91BL	3
B00R0770FE	0
B0BMFC8P2D	1
B0C469FVSQ	3
B01N070EMR	0
B0B4SQ5SB2	1
B07ZBC1249	0
B017HZYACO	0
B004OOYQJ4	0
B001FXYHMI	0
B072JXCGCR	0
B07PRJX2SG	0
B07CWL6FFR	0
B07R8T13VC	0
B08VS95QPD	0
B00QQMK23G	0
B0BDZB8NWF	1
B09J1BXM7M	0
B01MU5F0A2	1
B07Q8TY22Y	0
B08HRDCDFM	9
B00XWSBKV0	0
B0771L1F9S	0
B075385L4K	0
B01LZ1TGXL	0
B00O13M1KE	0
B01I51LP72	0
B08GCLDHX7	0
B07H964131	0
B098X98GW4	0
B001H0FCE6	0
B017T9IHTA	0
B00NT05CF6	0
B07VY9HZK2	0
B082YF1PVB	0
B0754SGH4J	0
B072Q5WGY7	0
B09FSZ3L6Z	0
B00BDVZSR0	0
B09R1PS9BP	0
B08XMZ3BG6	5
B00K1J60JA	0
B00O5NXBXQ	0
B00RMKL9R4	0
B07MZBDD8R	0
B0009UUN1M	0
B00GS79NYI	0
B0989SJ12Z	1
B073GQYX2C	0
B00BR0FPYS	0
B083KDC6MS	0
B0BN8926S6	1
B09JM1386L	0
B09HJY187X	0
B00QT7OI60	0
B08LKV29MY	0
B09TT2BRWT	1
B00ACIFKH8	0
B07QFVS751	0
B07MGR47ZK	0
B07DD8J3JS	0
B002JEUT92	0
B01LW7K3BY	0
B08TWHYHFY	0
B08411VM8S	0
B097QTY3N5	0
B01EGQ21OG	0
B009YK03NQ	0
B07WNH77B2	0
B0B9X3WLBQ	1
B00ETI2IQS	0
B00FGCTGXO	0
B01HSAD7PO	0
B07TJY773D	0
B01EPCJ4O6	0
B00QKMKZ0M	0
B008I2VPDI	0
B07G4HSFJD	0
B016NVZR02	0
B00V7GI3C8	0
B07H3JVS4L	0
B09F5FG5VJ	0
B00H8N2XIO	0
B095VBNNGC	0
B0B17Q3WQ5	1
B0952X8TCM	0
B07TZMPRKJ	0
B09TPFJMNT	0
B00ADGYK8E	0
B07RZPMRY1	0
B0772FJM9X	0
B018O9B138	0
B00JWMXOZK	0
B0C8S8KD3Q	0
B004WOZ5C8	0
B09GG6ZZXM	3
B07VMSVS8Q	0
B01IE52EOM	0
B00P5BCQHO	0
B08GM6PG3Y	0
B07GYDLMMP	0
B07656RP4Q	0
B01N1IPQF3	0
B07BMKBR59	0
B00ENZMMAO	0
B07MZH7FKD	0
B08HLZG11N	0
B00AZWG9G2	0
B09M9RTZDW	0
B07D44JN7Z	0
B00029BKAI	0
B00I20S5BQ	0
B08JLGDC8G	0
B00LTWAJ5E	0
B09F6R6ZLS	0
B00HNWUPQW	1
B0172J0A42	0
B009SNGBFI	0
B07GN82NZR	0
B004PVSJUS	0
B00NM4T016	0
B08SM5GJR6	0
B01N7KL94K	0
B00TKN2344	0
B098D5VJGJ	0
B08CVFYY4R	0
B08MZQ4TCP	0
B0979N96L8	0
B017PF0PHK	0
B08L5Y98NB	0
B007B2E448	0
B07VQ5GRKH	0
B07SM42JFJ	0
B000R9BSUU	0
B01CF7UIB6	0
B094QV9ZCM	37
B089LH1Z8M	0
B073VHQXKS	0
B0BB2L9ZJF	2
B07QRPPL76	0
B07RDBL2GP	0
B004LQ163E	0
B01EJUGZJG	0
B0B67T4QRV	23
B07MRL9VXD	0
B01HTKUB8Y	0
B07X35JNC4	0
B0777Z9JTC	0
B009LLCEV2	0
B0843BXPKM	0
B01MSUR26E	0
B01IFU0AB0	0
B09195YT23	0
B01FK56LQG	0
B00KQQZ8Y6	0
B097XTRWD7	1
B07C1VWFBP	0
B007ZQRE1A	0
B08VDMQCK9	0
B07M5SVDQV	0
B088JRMX78	0
B07WCVLMJ7	0
B077S59PVJ	0
B09TRH5PLV	1
B00TNO36ZU	0
B07R3H7SLX	0
B07FCQCB4T	0
B0791XL7F2	0
B01NGTRY01	0
B09G9979C6	0
B07G4D5TK6	0
B01J55AOTC	0
B08JM9RWB5	0
B01713FM24	0
B08CC256X3	0
B07D221P9K	0
B07YM6D1D1	0
B07FB8CZJB	0
B08SRZRFH8	0
B002GOFVXE	0
B07JVBSS5C	0
B0BYSRWBN5	1
B0B4F9HBJX	4
B013MGX5GY	0
B09QWFLPWL	0
B01M2CO3EZ	0
B09V5LQ6LJ	2
B00K2209FM	0
B004BI5B6A	0
B07HP79H7K	0
B010Q6BBZU	0
B07L9CZNB6	0
B00HQP4YEA	0
B0BYMMGMH5	0
B01J4DR362	0
B072BQZPF2	0
B01FO901CI	0
B0894JLFL7	0
B00CE5K1XU	0
B01DGOJ278	0
B00HQLJTTO	0
B01DBAVKUE	0
B01MA293CK	0
B07Y55PVLW	1
B00BY3Y2W4	3
B013KS1YYE	0
B0BQC1MT35	1
B0189DFYHS	0
B07566VS4S	0
B07BNZDPTL	2
B09H42R691	5
B07PDSVHV7	0
B004FBKZWI	0
B00V6171UY	0
B09BK5NFMD	1
B09SGHCLS8	1
B01NAHDO2X	0
B06X9CQGYC	0
B07WS6DVR5	0
B07KQ77C9G	0
B07V2S34VL	0
B08831HGLM	0
B0058XS7T0	0
B0B7VT663J	4
B0B6RD7X9L	2
B00NCQRX4A	0
B07HBP8325	0
B01MCS0G5G	0
B08YZ5V7XD	2
B00QMDSEVQ	0
B072WQ68P2	0
B07W8ZDM6Q	1
B09DBRW4DZ	4
B00T4GBO2E	0
B07CRN978N	1
B00JT01ORK	0
B07C3S4KMF	0
B07JGX6KDB	0
B01LG9Z6BQ	0
B08NG32GRD	0
B08CHF32CS	0
B076FRYVWS	0
B07H117VBT	0
B00F9GLAZY	0
B075YQX4VF	0
B072XHJ3WJ	0
B09DYCT3V5	0
B07FSZY32K	0
B07QJWCQRF	0
B07SJSFW69	0
B08QMVKJTG	0
B07QQM8YCC	0
B07D37Z2DY	0
B01MDJ4TB9	0
B076KR11DN	1
B01N75957D	0
B07N4NZZ7H	0
B07B496GWV	0
B0BSGTTGNP	1
B01JKM8Q18	0
B00LIBJIP8	0
B00YDL3NYW	0
B0BXWBZ7L7	2
B07YCKDPFX	0
B072T3X3H5	0
B084FJQKFK	0
B01K5S7OLY	0
B07S6MNTV9	0
B000HX5AJG	0
B07KWM6L5D	0
B07KCZKN9H	0
B07L71C1GD	0
B01K59SAJ8	0
B07SZ1SPQB	0
B07DRZWWLM	0
B015GHW13A	0
B071ZMFGTG	0
B004O6NFA8	0
B00LU139LU	0
B076ZS9W8R	0
B07YLZJ1SK	0
B00VVXAN3O	0
B01LFXU8OI	0
B071X564G4	0
B017T9H6OM	0
B07F1KTKMY	0
B07ZCRRMPW	0
B00WW3E38S	0
B07BL3R6W3	0
B07FCGS2BR	0
B0C1N3WLDD	1
B08X2DZ69N	0
B00QIYZ22I	0
B0716Y2SNK	0
B00YPOXCAC	0
B083K11TY4	0
B01M1EQ2IL	0
B01MYA419D	0
B09NDC3FZG	2
B0B2RNZH63	1
B09M67CS1X	1
B08DMCC4SX	0
B07QF6SM8Z	0
B08975D154	0
B099K23SL1	0
B079HPV49M	0
B0BXFK1N77	4
B09NC4NWDJ	1
B07HRKVWHS	0
B0963XRCVM	0
B01N9H8GHM	0
B00ECH0CLY	0
B09196KLBM	0
B01J9ENQJ4	0
B073DHHPZ3	0
B09MW845GT	7
B017CJ81Q6	0
B01A6LG5V0	0
B0B6HD1S8F	2
B00MGIWZRA	0
B004KSYR7K	0
B0743LZ1PL	0
B07BW886NZ	0
B09BQVGMQZ	0
B00T66Q7JW	0
B0B4HG1H5D	1
B09QPBMJFB	1
B005FP5JKG	0
B07QF9VD82	0
B07SXCYM6H	0
B002C1B7KM	0
B08Y55DD8F	0
B07CYG2THB	0
B017PPNYMS	0
B01BN5J9IY	0
B00S5A24YC	0
B008KLNHZQ	0
B08KXNCH77	0
B07H2JP4M2	1
B09H6VMKS4	0
B01EROHLWE	0
B01NAAL3CR	0
B08HYJBPJH	0
B09HW5VVHL	0
B00B2OJ3LA	0
B08H4PP515	0
B00OYIEN8E	0
B07CQ9N5JB	0
B0779HH5BB	0
B008K0MURS	0
B00X5WOHOK	0
B01ATWDXD4	0
B00B83RWBI	0
B00BS2DIU8	0
B00UBRVMJ0	0
B01IAMO0GY	0
B075LYZVDM	0
B08VDJW2CY	0
B06VWMKRPH	0
B07X2M4MSL	0
B01MTCHU6Y	0
B00KT48NC4	0
B017JPI3LQ	0
B0754KDMSB	0
B00IUC3PRK	0
B00VJOTMIC	0
B0848VG1G7	0
B00P2EWKUM	0
B07BDDMXFX	0
B07T6DWV5V	0
B0070ZCPZQ	0
B099JXKQDV	1
B089YS3PLG	1
B00ARN2O7M	0
B09YVC37YJ	2
B07M76S78H	0
B083NW39MZ	0
B00EDBW8SO	1
B09MW5S9N8	0
B00BWR8TQC	0
B01MYDHYFM	0
B00KH0AU7G	0
B00K13MUOK	0
B0BRJ9N7FL	1
B01KU55R48	0
B071SLX1LP	0
B07DP8X1TG	0
B07QK83S5C	0
B085RFB7FH	0
B093L1KNTJ	0
B08FBDKK1N	0
B0886LL11K	0
B00PTX2ILC	0
B005EFOJ6M	0
B075WRHFFW	0
B005CKH75E	0
B07CKRQY9P	0
B01GJQYR4S	0
B08D9B14WF	0
B00VF2J6AM	0
B0BLRS4D39	1
B01N1RC2TD	0
B082SV7ZK1	0
B07GJD1NNM	0
B08119BBGT	0
B089N5LGCR	0
B01N2T9JNS	0
B086STR7QN	0
B00YJ6AP06	0
B01551S5I2	0
B01JA6J30C	0
B07ZLWPFX1	0
B08GKBGDT9	0
B0072EVRAE	0
B010FC9MH4	0
B084NZHZG1	0
B06XG1C57T	0
B07QXQFXQW	0
B08WJQXVJP	1
B07CK56TSG	0
B09NRF4QB4	11
B0C4ZH4DVZ	0
B001OTYQWE	0
B0C4DXRPG1	1
B08PCMB8HY	0
B07GKFWNY7	0
B07CT2CXQR	0
B002MRQEJU	0
B0064BCRU0	0
B07T7YHRN7	0
B079JGHJN3	0
B0056BCJDE	0
B07WSRLMZZ	0
B0002Z1L6A	0
B077L7M7VL	0
B08BLJ4QVC	0
B071S1QHTN	0
B0C3W27DDT	2
B07CNBMXH2	0
B01AYG8MV8	0
B07DDBKTV1	0
B0771JXQ6J	0
B09KZKR2K2	1
B06XHBYPFL	0
B092D9X1VY	0
B07DL3TKYZ	0
B07F1B65LB	0
B07TZBWLLL	0
B0B7QXV7K2	7
B00JGXVW8Q	0
B094F3DH4J	0
B07RYF5CGF	0
B07HQZ34NP	0
B08ZYL7N4G	0
B071L2LCXB	0
B07QSX9WCK	0
B09GZP3DSN	0
B08FL9B9NR	0
B079YDYLLQ	0
B003BSQ23W	0
B0030GRQ3K	0
B07Y51K337	0
B07BK1HHT6	0
B075QQHZHN	0
B0BHRYRKNP	2
B09CTS3VT8	0
B00AZNTP94	0
B07C5NDLYN	0
B07Q9XXV1R	0
B0029TVFA4	0
B01N3OE70R	0
B07PDQLV1R	0
B016NQ6ABW	0
B08H5R7P2D	0
B003PGQSIE	0
B06WWFHD2L	0
B005UVUSV0	0
B09CB5C3R1	0
B08G3M4LKT	0
B01MQITKPL	0
B07XVLL55H	1
B08PJMFBQ3	0
B07FZHT2C5	0
B06XWXZP3S	0
B09BFNPY7D	0
B087PZV9YQ	0
B00X9DTZ7O	0
B088KJJ1FV	0
B07BLTFDS4	0
B074SVJ8QT	0
B098TR982T	1
B00HEUNUCE	0
B0735KJJHF	0
B08BHVG1QW	0
B07VPDFRJB	0
B077D3NRBP	0
B07L95RJTL	0
B00V9AABEU	0
B06XTQ8CYL	0
B00M9GYCD4	0
B0763JD5SK	0
B079GG67HH	0
B01LY56LSB	0
B00AZO9Q4W	0
B0B2D67JR4	29
B005O54YEY	0
B00JH4F4V0	0
B005RS1VMG	0
B014S663SY	0
B07V8385C3	0
B001NFV70I	0
B00BDL4E3E	0
B001D1Q83I	0
B004MPQUDA	0
B01FF31WSK	0
B093TS6R1N	0
B07KGCZK2H	0
B00W57FM9U	0
B01BL88Q2I	0
B081SKLFXN	2
B00HQA5H8W	0
B01I3WZS7Q	0
B07TRZ91KR	0
B07L3NS8DN	0
B004VSQ7N6	0
B07HCFHFB9	0
B07X3B57SS	0
B0BC4FGYFC	0
B0785J2JXD	0
B076Z9SSSJ	0
B00P2D5PXW	0
B082VSMQLY	0
B07HJJ35LS	0
B07FZ81T54	0
B01A6YA7PM	0
B07K57PLQQ	0
B01FXONDQK	0
B07S5KG6G1	0
B00BPDGQ2M	0
B071XB6JLM	0
B017KIRDYK	0
B07B6N38W8	0
B01257TT52	0
B07L629WL1	3
B075KN46RD	0
B0084FBFMA	0
B008K7HGHK	0
B075MNQ236	0
B09V27KC2D	1
B08T9ZN5GS	0
B08FHSVQKR	0
B07G27FF3X	0
B07S7Z9YGJ	0
B00LTSZ8CC	0
B09G2B9NJH	0
B00OJDIB9Q	0
B06XN6HV2C	0
B072L1FYP9	0
B09PGL3FYM	3
B085435DSF	0
B08B44D4NT	0
B01LAAPZS0	0
B0C6TSVDK5	0
B01HMZRWL0	0
B07RVDH7WS	0
B01D048EUK	0
B0045JKIX6	0
B09KMKWRN6	0
B098NRCQ54	0
B08F1ZHLXX	0
B079ZRH7DK	0
B07TW5685V	0
B07BK1F1LB	0
B0BJVLB4T1	0
B08VJ2ZG7D	0
B00BHDX00G	0
B081JRWLZC	0
B01FTDH6WW	0
B07R9K1GT9	0
B08MMCJMCH	0
B001LRMX92	0
B01FKVM4B6	0
B07XD9LVVR	1
B0051XQ09Q	0
B00FLTYJUM	0
B07KJ5WFCN	0
B00ICD5U52	0
B007K4FAEA	0
B016XGNLDW	0
B078BMX8NQ	0
B004CM09JO	0
B086Z72RJ4	0
B07XFGNKQR	1
B079VZV4R1	0
B01D0KI2DI	0
B074N32YQ1	0
B07GT7NZTP	0
B00MP9MOAI	0
B00AM12ZKU	0
B09GW49BKF	0
B00KAESI4G	0
B00DUIGEBI	0
B002LCEM0Y	0
B01MYVCG8U	0
B09W2SJNQW	2
B071YD8HMS	0
B01E8UICFW	0
B008NIJMFK	0
B00HVS4FL4	0
B07BK6Z4ZY	0
B09L5QPY97	1
B07N18YSRN	0
B097T642RP	0
B06XK92LKR	0
B07MTFWXHF	0
B08FSNC5MS	0
B07YX7NMFQ	0
B01GD0QCYS	0
B07D9YWZRR	1
B0BGZWZY6M	4
B09PD3YWGL	0
B01H0ORYRU	0
B00CBNCIMM	0
B00DTLFIAO	0
B08RYFVMT6	0
B0BV6WNKDT	8
B09BFTFJL7	0
B00LU1888E	0
B08CBM568G	0
B00YBF4XS0	0
B07ZWRZKQX	0
B09H2XR7PY	1
B07X2XML5L	0
B006MLRIQA	0
B008MXCNG6	0
B07DNNDKH9	0
B01EI7Z72Q	0
B07QQ9PGWY	0
B08GKSVFF6	0
B08H5DWCLN	0
B07RCKJQRW	0
B071G4H1P1	0
B07WFRKHKN	0
B07S4CBQ4F	0
B0071SSGP0	0
B0928MYH3Q	0
B06XRSB6LY	0
B0897BHJPJ	0
B0735X7WXJ	0
B07TMKWCM1	0
B07DN9PGTW	0
B075T6J17H	0
B001N2MSRW	0
B08LBDSLVL	0
B08TWHPYMD	11
B07DHYYDJM	0
B0B1MGQ8X4	1
B01J9MX0EM	0
B07KK1QQ6J	0
B08GSJTVPJ	0
B08K36VN2C	0
B07S51NYWR	0
B00C93ZYOS	0
B07STMBM2K	0
B07LF2JLWC	4
B07PTYNQLK	0
B07ZBR1SD1	0
B08Y6CYRLC	0
B00IDETSIU	0
B0B136Z5FN	2
B00H9IA4DY	0
B00JWLW92A	0
B071H2GLMC	0
B07N4CQVY5	0
B0BSMLTXBW	1
B07GVDQ4W9	0
B09XWXVTJQ	2
B00AJNBPWU	0
B08YF4S521	134
B0727NJ6FJ	0
B086ZQ1DW7	0
B012R1VKHQ	0
B0047Q3LXQ	0
B077Z5YTVJ	0
B01N0210HL	0
B000FGLOJA	0
B005UWAGWA	0
B08G1GP6H3	0
B08CB7BFYF	0
B07QYB2W1Q	2
B07FFSXYTW	0
B01FT7EYEG	0
B00K36ONXQ	0
B074DZTSLK	0
B07B16X47S	0
B07QPR3J97	0
B08WBHLYB2	1
B07176GKY6	0
B00HR5Y9VW	0
B01BZOZQ7Q	0
B073C6TKRB	0
B08CRP6QD6	0
B078YJWSG5	0
B077QR2D7Z	0
B00Q7UBSTO	0
B002EAZ89M	0
B01AZ8X882	0
B0786SVQDM	0
B07MNGMC2F	0
B00AJBDER6	0
B07754XHM5	0
B07Q79SK33	0
B09M3NG87K	0
B07MM5755N	0
B07G2CMJWY	0
B07F2BSPDS	0
B07WK4PF3V	0
B00EWCY40E	0
B01G2EPUFC	0
B01C68CQ5U	0
B07D7KYNQ1	0
B081VC8KJR	0
B082K8V1Q2	0
B08FT8ZTXB	0
B01CGYB0OC	0
B00SV9RW6C	0
B093GDM2YT	0
B00E969N3G	0
B00I0NZ1G2	0
B01DSKK1P2	0
B010C8JLZY	0
B07JJ3DDJW	0
B07BN1YXGV	0
B00KB7Z6C4	0
B08HM5QR5S	0
B08G18K2BG	0
B015C3J348	0
B074QM7JZ5	0
B07TKVRMNN	0
B08JYD49HJ	0
B004621GVK	0
B09BV6T9QM	0
B07GS6H2X5	0
B000ZMA6HA	0
B08ZQP48MJ	0
B00CXGZFHM	0
B01LY7PAWJ	0
B00GV46IW8	0
B0BBLR3QB2	8
B00710MGAE	0
B004NBXMKC	0
B08BYWN9Y6	0
B001RNOJB0	0
B003FGU8DU	0
B07MGLHR3T	0
B07MQ1TBKZ	0
B00M0RIZBW	0
B000ABV4PY	0
B0B62WSCN3	0
B08WPRMLY8	0
B077NYM13J	8
B01I53DKFK	0
B0BKG5LGRP	1
B01EYBRN8C	0
B004K29Y0Q	0
B08R43LWQ1	26
B07MNSPHL3	0
B0833WT91H	0
B0BR5L8YY2	1
B01GFK3ZQ4	0
B07FNF4Z46	0
B01A9DWZP0	0
B01NAE4SUR	0
B003DUVYSQ	0
B01I38S4BC	0
B0058ZZJJE	0
B07P83918M	0
B00WVZOEIQ	0
B08CTD9VM4	0
B07XDBDJ6W	0
B00QC7FXU2	0
B00D7SD1QC	0
B00EJW228S	0
B092VT959N	0
B08MW8TRS4	9
B019TSHHXG	0
B08QVFR9NS	0
B00HFLCIHA	0
B00U9PP0OM	0
B01CQN4FY0	1
B07433HWMF	0
B07YFGMZR5	0
B087BYYHSN	0
B07JZ8LPMC	0
B01N1NCN7Q	0
B013T1OCBE	0
B01N4GCAD9	0
B01M7NKDWI	0
B07FMR7HHB	0
B0B7F884XV	1
B07SYLJ3SY	0
B0BPM97R3Y	0
B07B9K8XQB	0
B08H5T746G	0
B01AHZZVZ6	0
B07HDSHZW9	0
B00XWKGTQY	0
B01N2BF403	0
B002EQAHR4	0
B00GUJN584	0
B01BMN8EYC	0
B00RGANJFA	0
B00YDASJJW	0
B00BIQKYD8	0
B079GNZ3CD	0
B00DGQQ3K6	0
B09RV8XSPP	0
B00VMNTSM0	0
B08DCNR58P	0
B09BJWZMY5	2
B088NR84SK	0
B0167YKHV4	0
B07NNRPCHD	0
B07NLB3T5V	0
B098B2QPBJ	1
B07BFTY79L	0
B007BJPLAC	0
B01EKH0R1K	0
B08WPHLH1Y	0
B07NZV471H	0
B00TPUIMIS	0
B00S6YJ7S8	0
B01AGPP364	0
B003LMYDUC	0
B004TI12O2	0
B007FPPZP8	0
B08DVDVH8L	0
B017MP0JII	0
B08W49RQTF	0
B01I4MP4X8	0
B086X8KLRD	0
B01M0FG0BM	0
B08PW6T42C	0
B08GCXMRNY	0
B01985JE8Q	0
B01MUD0JAE	0
B07BWGZWJH	0
B00CO9GL6C	0
B08BYSCLST	0
B00EKZLC2Q	0
B01HUNO8SE	0
B07C43VQ6T	0
B08XQ32K1B	0
B00L8DX2JO	0
B08PCWT5SC	0
B07KY6QLFJ	0
B0762YGPK9	0
B016ZE8WRW	0
B07NGTQHSG	0
B003X0BUHG	0
B07H7DVK7M	0
B00EFXQTG2	0
B07YDDWCQG	0
B08Z3ZY9NG	0
B0C62L7L5K	10
B0894XXHNF	0
B00K5PAYOM	0
B00VERJSPG	0
B007A3WZR6	0
B09ZYDW9K3	23
B09PRC8RNZ	0
B01BHIGS54	0
B07T9TGRQC	0
B074CK2592	0
B00FDOD26M	0
B01LZP8VAM	0
B0851CVTNK	0
B06Y5WWC4M	0
B07WQ5FP79	1
B078GJDL92	0
B07SV3HPW4	0
B06ZYSQG1W	0
B074WBZLL3	0
B00JSNPWXU	0
B01N10BT0L	0
B0742V7CKQ	0
B07WKCCZX2	0
B08PB5SQPK	0
B00B4AC5LM	0
B0816HDLYV	0
B0BLBX752S	1
B0C2434D9Y	1
B07QKTQ4Y3	0
B0BBZ315JR	2
B07B4QNX6N	0
B074XJCLGK	0
B09HWW3Z67	0
B07938Y2RF	0
B00M8Z6WES	0
B089KH6ND6	0
B08JSM8NPB	0
B017O4OXIY	0
B087MZ6PSP	0
B00LUNZWQI	0
B07VDPVQ3S	0
B07CJMH767	0
B00GICI2CW	0
B0B94KWF3W	5
B07F1VZ5FN	0
B00ARJQ4HM	0
B086H8TWQG	0
B07ZHYSWZY	0
B079QL89YV	0
B0112OTC1U	0
B00COJ4CHC	0
B08FYFGYVR	0
B08MDXWDCZ	0
B01JOU5PQK	0
B0030ILT7C	0
B072QC5TF1	0
B0875R1642	0
B00C4NH5C2	0
B01M8PSFV3	0
B07NDYMGXN	0
B097D4B59Y	1
B07YQ5W89P	0
B0094A4EVI	0
B08WFY898P	0
B0081LEE8E	0
B0B6GLQRFG	0
B07YHHPHNV	0
B07ZVGVNMH	0
B07B7J5TB9	0
B092423LJ6	0
B08RD6BB4Z	0
B07YLJFV13	0
B07DBLWSH2	0
B00DPE26WI	0
B01MZI8UHF	0
B07N85WNQ5	0
B01B7AYJI0	0
B005LXUUXI	1
B082R8DL7C	0
B085L7QNPB	0
B07DV2WW6D	0
B08NRDTWTY	0
B08KJ93X9D	0
B07VGKGBBW	3
B07GT3W8MN	0
B019M1EBZW	0
B01FRB4R64	0
B00VZLRTD4	0
B00P88BJ1I	0
B00UV57VBK	0
B0C688JWVM	2
B00GMMQTL4	0
B088TJKZVT	0
B07X48V9R8	0
B08L8G8KNV	0
B000XUMX1Q	0
B00R11EOB2	0
B0B39RNF4W	0
B07DFF83K6	0
B01MUZ2UM8	0
B07DTGTBPP	0
B073WMB67P	0
B07MVNTNY4	0
B01F9OZZME	0
B07RG5CTTT	0
B08BC6XPBJ	0
B09QWD7K13	0
B00A1OTAM4	0
B07MCNNN7Y	0
B017UJ63MC	0
B016WU2BXU	0
B00NFDCLEC	0
B00RYGNTO2	0
B07S984836	0
B00C7WCKLQ	0
B003MZ9TLQ	0
B00XL9II74	0
B07HM7VB4J	0
B00IUAGCEK	0
B09Y63S4MP	1
B07BWY4LSC	0
B01GH5NX82	0
B01LXEURG5	0
B091H4N1Z9	0
B097RJXMZF	0
B083993TGP	0
B08XLXFBW9	0
B008M2WY6G	0
B097LJ11D7	1
B082DQ6NT9	0
B0852BKW97	0
B087JTYGPR	0
B00B284QWC	0
B078TMGPXH	0
B07MFD5CXS	0
B086HG2T2F	0
B0816CVL2Q	0
B07YXVRNXT	0
B0177FJCPY	0
B00MEVU25G	0
B071DTXM6S	0
B0718YDGGX	0
B003OYJ3DY	0
B00OEMFYF6	0
B07R7DTCXL	0
B07RW7WZT2	0
B01LXC3JE1	0
B08K8N3TGP	0
B002VLYO5S	0
B00V4SU7UK	0
B0BMQ2PD2V	8
B01DMLGLFQ	0
B09QT36JNF	0
B08LQLV1PL	0
B0921QX8XC	0
B09J8KPCPC	0
B08GZ68ZBJ	0
B07V4NNL7M	0
B07617VBR6	0
B07B4VZ9DV	15
B016C0V5LO	1
B07MZCRDPJ	0
B001E1D2YU	0
B012HL3IW6	0
B08GX46T7R	0
B07RF9SM83	0
B0899JVLSL	0
B0152JU0B2	0
B07H4CV5GQ	0
B08MF4QDPH	0
B07KBWSYLB	0
B00F4J459Y	0
B00DDY2DI2	0
B08WXCSGX4	6
B07C3MTKLR	0
B01CO75HX6	0
B08LQHMBN2	3
B00JDPCI8K	0
B08HW41FS7	0
B00L3CWSSQ	0
B0738FC3HG	0
B07SGG2NR2	0
B07VBDZ8DK	0
B08F7B7LD9	0
B07XNTHLKK	0
B09YDBC534	0
B09962QY6B	0
B0020IT0Y2	0
B078NL5PN8	0
B09S3FMHG2	1
B07CLL4FN5	0
B00QKD0ES4	0
B01J2Y8AF6	0
B01M72YTSM	0
B01CPZREJ2	0
B073R6X93Y	0
B01CMQDY4I	0
B07D5T6LGQ	0
B00KFXUKES	0
B074W15TN8	0
B00AC6UT4O	0
B07ZS8BHR3	0
B008FWKCDU	0
B08GPYGJL8	0
B0B71G2P5W	1
B01LZVTNUE	0
B07D7X9QJ1	0
B00GWJOU36	0
B0868JMYNN	0
B09SLPPGQL	0
B07NFRP8KJ	0
B003212Y2G	0
B00ZH27YLY	0
B01DS32E9U	0
B01MQ5VTXH	0
B01CO37XFK	0
B007H4AWL4	0
B078P6QC1M	0
B09FLQ8L2H	0
B07K7Y6PDQ	0
B09CLSSVKK	3
B00W4IZ4SY	0
B00TA0QXD4	0
B004IDCV8Y	0
B01N9E4GPQ	0
B01KWFYSXM	0
B07T1BY2ZY	0
B074Z52G3W	0
B00AK9B66S	0
B01MZE4YAC	0
B08BLGY6GP	0
B008CQBJWW	0
B0BKZCMWV3	1
B074QQPNF2	0
B09J8TSV4W	0
B003L5SYRC	0
B07LBD77CT	0
B01BE7N46Y	0
B072PTLN1L	0
B011ANNJ94	0
B07JMR7VYS	0
B08VWPKZZL	0
B00ZQ6IPIC	0
B00QSULZX2	0
B07GCL51KJ	0
B07V3477R4	1
B09ZXKZTWH	1
B01BN03ZKM	0
B00M28VG8S	0
B09BTW7BKP	1
B094N89W3N	0
B076Q7CYBZ	0
B07D4C3VXQ	0
B08Z7PYLLY	0
B074BC4Y2M	0
B001ASALFK	0
B081NK1ZDY	0
B0C3BPZC6L	6
B07QK1FRMR	0
B07LBJB8L5	0
B00OB3TAG2	0
B004DH2QTE	0
B00ARJRB2E	0
B01DV4Q0LE	0
B08LN5QB5V	1
B07TFYQDN7	0
B09L6NWTX1	0
B000OLUUDW	0
B00VD8YJIC	0
B078NCMJ38	0
B08JYYZXQJ	0
B08QRKBB49	1
B07559KR3H	0
B078M3YJTT	0
B07NWK76K6	0
B007YQ1HN2	0
B00IJYVKZS	5
B07VBL36NH	0
B07SNGPYYP	0
B00GJEK718	1
B00CEROF6W	0
B07DZPYV4L	0
B01IPS61BK	0
B07D9VFKB7	0
B07G7BXNLB	0
B097R93J9D	0
B00MUDFN7K	0
B01N39O5A2	0
B07DPZBHM4	0
B0BMKRMHQV	1
B06XD43C62	3
B016XUU9VK	0
B00J1PCWOM	0
B00B0M2MDU	1
B087ZSD5KF	0
B07K5L1N8K	0
B07TP3ZKQ5	0
B079V1BXGL	0
B075K69MBJ	0
B072JJQMFP	0
B089Q3P8FP	0
B00E56RUX0	0
B00N36PP6M	0
B07FJX6PQW	0
B01N52WK6J	0
B08141HFYW	0
B07C9FN5VG	0
B08762F8KF	0
B01DB0ENQC	0
B076F9YSB4	0
B079Z9MB8H	0
B07QZSFF26	0
B07KP9191M	0
B09CTYT2Z6	7
B0833TNDTM	0
B00KBSZ3H6	0
B073QTH2NJ	0
B00C7TIXKG	0
B09J2C6N1X	0
B077KGQZQW	1
B00O1698CA	0
B0BBM3PKQY	2
B087BYBQP6	0
B0BW5RSKSH	1
B00N398C3M	0
B08MVNJV1Q	4
B01MYSA7ZI	0
B07MQQ77YK	0
B08BZF6HG2	0
B08GYJHDG9	0
B08JJ1WLT9	0
B07XKZSNR3	0
B00CAE6QPW	0
B018G4X1ES	0
B01J7Y5ATK	0
B001FWWP6E	0
B073HBFZR1	0
B01C31B60Q	0
B07F1N3YQF	0
B07WWG8LN7	3
B07HVR51PC	0
B08JCTTVLG	0
B0BK258F8Z	23
B0786Y58T8	0
B07Z9NPB25	19
B00R0HR1PS	0
B00MO1P4UE	0
B09BQPGJ1J	1
B0074IR8RE	0
B07HQCG6L6	0
B013UZMRYI	0
B07GH3WRDT	0
B0119SDR38	0
B00GU4ATP6	0
B0BT8295FD	0
B08PF4BL7Q	0
B013B0F8MU	0
B083SDLMWT	12
B008BUL2FS	0
B07CHTGZ94	0
B07TTF3LNT	1
B0828GJ6DB	0
B092DF4X5B	0
B01LOGXD1G	0
B0B2PJD4R1	0
B086RS49SF	0
B07L3C9FJ2	0
B097NRWDQ6	2
B082DHS6TT	0
B00AM17JUG	0
B07L5XFNNQ	0
B08JQDY1ZJ	0
B004XWJITU	0
B08LMBYN6S	0
B08CR431P1	0
B07H5SZS1W	0
B092DVKRF1	0
B019BM7WAS	0
B00HZHTXZE	0
B082HXWJP5	0
B083XVSXDR	0
B07MDM9PWN	0
B008S3HOFU	0
B010EB5AP4	0
B07BY6Y8NX	0
B07CH3VM3D	0
B08LCXJ65Y	1
B003K172W0	0
B00GR2UMA8	0
B07D7T8RRD	0
B09442MGV8	0
B0B2VVQK4F	1
B00IJMY5HA	0
B07JMDZ75T	0
B01M62H4JX	0
B0731P6Y7Z	0
B003CEPBOQ	0
B00XMI2KBE	0
B07NPGSJ8Z	2
B01MQY36H1	0
B0876R93D5	0
B07X6KDWT2	0
B016IS2NES	0
B00MXAXROQ	0
B019PWBN40	0
B0891W3JKQ	1
B009JHUTXS	0
B077GL44Z1	0
B07MNVKLHS	0
B07S91K6T1	0
B0752XLR8L	0
B00MEGSXRU	0
B01AOWY072	0
B07GXTMG1C	0
B077K6HH1D	0
B06WD84ZFX	0
B00JFQ5K32	0
B071VKHKSR	0
B09VXT4F4P	0
B082W42SGB	0
B07SMNYVHG	0
B082D6C9R5	0
B08CK6H3JD	0
B00QBDSLAQ	0
B06XSDRDHQ	0
B014LG6VHY	0
B015HKXNM4	0
B0B3XMD1LK	2
B01NAAWLXP	0
B00C2KFG64	0
B09JCN51QR	1
B07881S8KB	0
B078NFQPZ4	0
B098KY78RM	0
B0C8C1FSYP	0
B07WHYTYWW	0
B09FDCBKYD	0
B081WX2TQR	0
B0B7D793QN	0
B074JPFKDY	0
B00M122MK6	0
B0BRYHTB5Q	1
B07PQ7TYWB	0
B074F29M85	0
B018IOBG5M	0
B08HYDS5LQ	0
B00HZ3HM2O	0
B01NCLG4QL	0
B07Q5G8PCX	0
B07YDXYMN4	0
B094GRYGQ1	2
B07W8M8GL2	0
B09CQ4K44T	0
B01DMAY136	0
B07QK6YWXN	0
B00ZC3ST8K	0
B0083SWG5I	0
B08ZKJWMQZ	1
B01BW60WIU	0
B07XJLP7TX	0
B0821CVPY8	0
B01N68OASM	0
B00BSULLKO	0
B09FSTSH42	0
B01MRHDYT3	0
B07LDSVDMJ	0
B09XR2WHVZ	1
B073R6XYPQ	0
B06WWFLD57	0
B00NEGSUN6	0
B08DFN9S4N	0
B00IUK5CJG	0
B00ULHG3YE	1
B00HNAWII2	0
B006HUMUPU	0
B073SG57VZ	0
B00DHCUWI8	1
B00WKJ9CIA	0
B01JND7T0S	0
B008971MZS	0
B017DRCM1M	0
B011126YJG	0
B07DRGZ5PC	0
B07QY16XZY	0
B075X489Y2	0
B01GR9EQ16	0
B07L8YL4F2	0
B08N65PRVF	0
B09FPVZ7N2	0
B089GQBWW1	0
B078W5BSJ3	0
B00646D8OE	0
B017MTU9Y8	0
B008I61G88	0
B074W11M4N	0
B06XCQB82M	0
B07BHS22LD	0
B001B6HY4M	0
B07RSQ1VZB	0
B07WNZNKW8	0
B00VMS3NPI	0
B017HYCUOK	0
B07FCCNNYH	0
B09SYVPC12	0
B00JVJPPWE	0
B07PZ7HBX3	0
B008LMNKYW	0
B073X38LL9	0
B08T1YDFJ5	3
B000MFBIKO	0
B07FSMYCSX	0
B01H2IWBJU	0
B091CVBDB2	0
B07RT6CDGC	2
B093CWVXKX	0
B0170ETX3I	0
B0094GB13G	0
B07CNJKP2G	1
B08LP3MRND	0
B01N58PG9I	0
B07X7VZCQH	0
B086ZFPFVJ	0
B08D6G9LBC	0
B07VRYHKWN	0
B00I3H5OYE	0
B00JX100C0	0
B06XPC7ZT8	0
B09FY9L32N	4
B00ZQAOOWY	0
B07XKGWK4G	0
B0B9DV8RTY	1
B00APLQ43Q	0
B004OT88RK	0
B07D9RLKG2	0
B01NCR6TKU	0
B09L9K9S5X	3
B075WS6YF1	0
B09175KD8S	0
B09YQF5NJW	0
B00ZB30YTS	0
B07SYK5FT8	0
B00CBU7HZS	0
B07C3JS18L	0
B07RGSV8K8	0
B01JMGCLRC	0
B09G71XDD1	0
B01NC2YC1B	0
B07MMNG5LT	0
B00GUTK12M	0
B00THLU8AK	0
B09QFBNRBF	1
B0B5DYX2Q2	1
B00NJWF2C2	0
B01N3Q6WQT	0
B00E40C140	0
B07RGTBSJ5	0
B07F1DJ52Q	0
B00ACRW0LS	0
B07GSHS6NH	0
B01CLJD658	0
B000AL47RG	0
B01D42W54Y	0
B0B8ZN8VBR	0
B0BHSP3BR7	1
B003MVYYA6	0
B083W2C3RH	0
B01N0IFHTU	0
B00PK0ONVM	0
B07BGXDVRD	0
B00IZCG1XK	0
B01FL8L4WS	0
B07VGV4R4F	0
B07H8T5MLN	0
B07ZVS5LQS	5
B00KUE239M	0
B07Z6R1CM9	2
B086ZRQDKM	16
B08G7YJ3X6	0
B08HRH56YT	0
B01G45VTA4	0
B08NDYGC6M	0
B00F778JY0	0
B07XTQD6C1	0
B00I4O8GYG	0
B010W5YZC6	0
B0838WQN4P	0
B008MUJW3G	0
B00J2EHIHI	0
B073G7QH6K	0
B07CXBMP7Y	0
B01HN46OC8	0
B000JG61NK	0
B07R8PJ79D	0
B07KR6KFHD	0
B015JNIAUE	0
B013T5R4YW	0
B0085YSD3O	0
B01F4SUF6Q	0
B079M4YYQP	0
B07L4VSD5W	0
B009PPSRLU	0
B08WX1245Y	0
B085DJQ1D8	0
B07WQXK8TD	0
B005LCEUNA	0
B01LXP21HI	0
B075ZC7KW9	0
B07MYT1SJP	1
B07W4JQB33	0
B09HZBG9WK	0
B07Y8CPZMS	0
B010EQQD1Y	0
B078MQHM4B	0
B07HXRXWZW	0
B01MXNT3OG	0
B00H4V1JEO	0
B00ENMEURA	0
B06VY28NJ6	0
B0823FSXN2	0
B0BMFLBP63	10
B0BBM8TRC5	2
B07RW91Y63	0
B095VVQHYN	1
B004W3Y18I	0
B01M4L7DG5	0
B00JJR82U0	0
B002VJJVVW	0
B01AHFLD7G	0
B0797M69Q5	0
B01LZUXZ4E	0
B07XFBYDSW	0
B00HUOI15A	0
B07VV3LDG1	0
B01730JM0I	0
B00BR1JGMO	0
B079FFG4Y4	0
B01I5QV9IC	0
B09QNFCPXQ	0
B073RVMJ19	0
B00D7BQQKM	0
B099CLYZS9	0
B00NTNYTXE	0
B06XPD1PDG	0
B09MWJP4NC	0
B00M50A6D4	0
B08P9GZ5X1	0
B09XCDYD6M	0
B00ATEBTY8	0
B0BLCRYV5G	1
B07FR8ZXWP	0
B00BJO72MA	0
B008S1AAUI	0
B07D2BHGLG	0
B078N4FDXK	0
B00AW2AFL0	0
B08LKH4L4H	0
B01G4I016O	0
B07XSBV93F	0
B0714M9MCQ	0
B081YVZL29	0
B07GNJPL1J	0
B07VCVP17K	0
B07HB3YZVG	0
B00AXU2NFW	0
B074QTDD9T	0
B00H7J7EEW	0
B07D5VND6K	0
B01N8Y33RM	0
B00K72F76I	0
B09XDRG3SL	1
B0829BCPBV	0
B0847PC89C	1
B07TWTPZLD	0
B01LDVM9FS	0
B0B1CJXL7D	0
B093WHGPCW	0
B000KCUL8Y	0
B076FRLFLY	0
B09WRCJJBW	4
B07HNRL92B	0
B00DF1EFLQ	0
B072JKVL59	0
B00PHNKMPI	0
B07N3JH2L8	0
B07XK97MTK	0
B01M1AJ2W2	0
B09M9GVF85	9
B0778WYJQ7	0
B07SST9C8Y	0
B077YD29GT	0
B001JDMNXE	0
B09RK2B2TF	0
B07QHXP43J	0
B087T4SHF2	0
B018SFD12C	0
B01LY8HS06	0
B008JF30VO	0
B07WDD28K5	1
B00354WGYQ	0
B07MVXN22J	0
B074JMTF2Z	0
B01J3Z05R0	0
B08J7XT8DN	0
B01LQE8GYU	0
B0038QRVKK	0
B08JX5YN8Q	0
B013R0V8BE	0
B00263HJPI	0
B071ZXPQ8J	0
B0BTCQM882	1
B007OPB3E6	0
B08PBPTBJT	0
B07YLSRXLB	0
B07DKV589B	0
B00F1X4BZG	0
B007N2NQ5Y	0
B017BEC4BA	0
B01B49279C	0
B0857BVJXK	0
B00E3W8K9O	0
B00874WB4O	0
B01A9J02C2	0
B07YLJMKPQ	0
B079HR56GD	0
B013F9WGTU	0
B079K17TS8	0
B00AY4AR9G	0
B0779J393V	0
B006JPNAPW	0
B01CUYLSHC	0
B073S2SGFR	0
B071CXBHGX	0
B07HMW2MKN	0
B087JL1W4P	0
B09NPT74FN	0
B00L44WON2	0
B07L8MNBJR	0
B07HC5LL2H	0
B07MYZ9QFF	0
B07BS4CRLH	0
B0C6XSFWC6	4
B07CNF35BF	0
B07L45HM4M	0
B07B46F9RK	2
B01HH8JAQ2	0
B0BX2MY8K9	2
B07MV28VFM	0
B0013NN0Y6	0
B01CB7VLHA	0
B09916M12X	17
B005HH6R1M	0
B08FMM2ZXW	0
B07PBJZR3P	0
B00HHZ4CFK	0
B07PVQVW7F	0
B01MSZQ4YN	0
B07F1VQ3N6	0
B07LDFS2G9	0
B0161ZC8FW	0
B09MM5988V	0
B011YVRFRE	0
B08PTQYNQH	0
B00BYRQDH2	0
B09MB348HV	0
B00394EN2A	0
B077SV6MZ8	0
B00D1N6R7I	0
B07K35ND76	0
B00KDN3OYI	0
B00P22QV90	0
B010WQ9YJY	0
B006U9GLH6	0
B08X2GN8DX	0
B07G5VQY2X	1
B0BXGVM87B	0
B003X0BXTQ	0
B07SH9J4H1	0
B00E6BV81O	0
B004LHHYBQ	0
B07SQFLSGJ	6
B077TBX7SW	0
B07BH6Q3G1	0
B074DNPSR1	0
B084JKY4S5	0
B00I4PV5IE	0
B08CBC7ZPD	0
B00KCT8SQM	0
B09LPVK41L	1
B07KRCV467	0
B06X1GP1RQ	0
B001GUP0WG	0
B000GHKKM0	0
B08T64S23Q	0
B08JPMKSK9	0
B00CM3AJEU	0
B07MZL2FK2	0
B01AC3GD8W	0
B09824LKR9	0
B01MQK4RYQ	0
B00TADVSZO	0
B08R8BKQ3K	0
B07D7MVS9L	0
B00L1TIJ16	0
B01I3PL3I6	0
B01MATJ9JR	0
B07F5CWX7B	0
B09PBP4DY3	1
B01LG9U9UY	0
B007S01TJQ	0
B073VDPHKG	0
B00CFF1YAS	0
B079DV3CH7	0
B074V9WDRH	0
B00KSC3AUW	0
B07JWJBHKJ	0
B07DRJX781	0
B01M8IDZYY	0
B0056QQNEA	0
B0115ID9T4	0
B003LWUKAO	0
B00A3Y0M06	0
B00ZUYI166	0
B0757CX9MS	0
B007JO0K6O	0
B0942VLZC9	0
B01MSBR29K	0
B07CNHGJ35	0
B076NLY19T	0
B079VQPVY1	0
B09N7YDF9F	2
B07YH12ZFD	0
B08D7JTHSK	0
B07Z6HZGQQ	0
B0725Q1G7S	0
B07NV7NBPH	0
B0916NM6JB	0
B003UNX4Q6	0
B08DJDG86Y	0
B00IOXZ41A	0
B00ZOYB6BE	0
B019JTI5C2	0
B07VBVVDZH	0
B009QTWCUW	0
B08L7S1ZV9	0
B07RM3F5QX	0
B00NO5XTEC	0
B093C8JCDG	0
B08PQ1P7TY	0
B073XHY6B4	0
B01M67Y17G	0
B00MSGAFZ4	0
B00WIP1VXK	0
B0B7RW2X31	0
B01MUAOA2G	0
B00EEB267Q	0
B07QL4NV2C	0
B0946RXHYJ	1
B00JEKVT8O	0
B00J0GMF7G	0
B078M1RTK1	0
B07GBD39N4	0
B00NOQ34BE	0
B00WDVYA8M	0
B07K13FGJ2	0
B09WX21XY8	0
B003INECMS	0
B0080238KO	0
B00G4ROD42	0
B00XY685QS	0
B07BSVLDG5	0
B00FWPRO48	0
B07CCPYHC5	0
B00UVQWXXU	0
B000YGB6WQ	0
B01N1V19WP	0
B079KY7JSQ	0
B00092DAI8	0
B004VGE49M	0
B016GYHXSK	0
B015M5VTN4	0
B081JQ1QK8	0
B09XHGGQ1S	1
B01ETNQT9E	0
B07D74DT7C	0
B09T38CND7	3
B01N1MFO07	0
B07L9Q8G9M	0
B01B2MT28A	0
B06Y3MM7BR	0
B01N23LCFW	0
B00M1EJ2L6	0
B008DWOOYK	0
B01MR61OTW	0
B007KAQFWK	0
B0B457FN69	0
B005YQ2H6U	0
B075Q4P9PG	2
B07D7R9FMG	0
B09BZ9JX6M	0
B00CMB9T9I	0
B01KW36C3I	0
B0831PB3QL	0
B071HV4YHM	0
B07BWR7CFC	0
B08P8BLDQY	0
B00DH7DDQ6	0
B013QIFKNO	0
B07GPK2YPM	0
B00OOEB9CQ	0
B07FGFHQJQ	0
B004W6MB8M	0
B07T96VCKK	0
B005EDC87Q	0
B00JBOV0AA	0
B0B2HX22PM	6
B01M4QJS3Q	0
B01DLD88D8	0
B00MV2WVWK	0
B07STTSWJB	0
B07TX3FG1B	0
B00D7IBX94	0
B015H35CZM	0
B07ML5J6NB	0
B00B4S7UFK	0
B07X9K1DXJ	0
B07JVDM9VX	0
B071DPGH71	0
B06ZYHF8Q6	0
B07S82CMY3	0
B08LCC7W5T	0
B00U49CC6C	0
B01N7735RM	0
B09FX8XNFP	0
B00UKERIB0	0
B00GKHJZ3A	0
B079NX86JC	0
B06Y4BRB3V	0
B01D9PAC6O	0
B09K59TL3K	0
B0147HMB80	0
B07YCNPJ57	0
B07MC3NZQL	0
B00TTQ62WG	0
B07DRJYKFK	0
B09WTM3QKQ	1
B0BNCGQY4M	1
B07CRKYZF5	0
B07DDZM3LS	11
B07WS5SYTN	0
B09LV89TX3	0
B08MTRV8PY	1
B07D85GZ4L	0
B00XDQQEMQ	0
B01NBPUE2R	0
B09DKZS8T4	0
B075TKXDDY	0
B075VMCZNF	0
B07Z8H8QQT	0
B06XJYRNG9	0
B016L4OGXK	0
B07YR7GCSG	0
B00MAO9JRE	0
B00ZYY9BVQ	0
B07ND2MRTD	0
B008QD6S1I	0
B07YG8FVFL	0
B07BFBQ6X5	0
B085RP5CX8	0
B071LMHPHN	0
B07215TJTC	0
B08K7C5WCV	0
B07BJ58793	0
B0733JPCPH	0
B0BPD3RDY5	0
B083P3R4CR	0
B002AKJ2HU	0
B00MXUH6KC	0
B07N8ZFPKF	0
B00HND0HCS	0
B0C36VHHG5	0
B071R5ZCR7	0
B01N19VS3S	0
B001MP8GQM	0
B01CYA9FR2	0
B0B7H2PZZJ	1
B01HOAPC60	0
B00COG20RY	0
B088LZD147	0
B07BWDC34M	0
B018RUK11C	0
B01E0LDY4I	0
B08NLRHYHR	0
B07BNH5CM1	0
B07ZM38SYG	0
B018ODOTBU	0
B00NP7LKSQ	0
B00I3DJXIG	0
B07XKB5DPJ	0
B071468DHZ	0
B07YQ9NQZV	0
B079QJPY64	0
B0016JP9GE	0
B01CX7JDV4	0
B00RKW35S0	0
B06XF5JSKN	0
B00WV24YY8	0
B07GQ8HKWR	0
B019CYY72G	0
B09B7893B9	2
B07TSJ8P9L	0
B08GM5TMYB	0
B003IKNYKC	0
B00ZAIAZ48	0
B0B49YQVFH	0
B07GPSYDPY	0
B08TBY37MK	0
B01ACHH7M4	0
B07DQFKMNK	0
B00M2U1N8O	0
B07P14P6Y2	0
B00D9NYITO	0
B08HSWMMKD	0
B0BSR7HCDX	0
B00IGGLYL4	0
B08HVBWCKW	0
B07T176VN1	1
B08TB21WX3	0
B00L4Y0UX8	0
B07F5W2DVL	0
B08JH28MY9	0
B006WC6CSY	0
B075H3HRNW	0
B00NQ7O5TQ	0
B00IG3U6KW	0
B004VADLB0	0
B078NGQXFF	0
B01CKISYNO	0
B01GHS9PUE	0
B00I4VZAHK	0
B004DHQY88	0
B06XPFN37M	0
B01FGHNEDQ	0
B074WMSF8D	0
B07QV8146L	0
B07DQD9ZXH	0
B0034KQCT6	0
B00BLZWMG8	0
B089DMMH4X	0
B00JW0AYXW	0
B08GHDQLPK	0
B07SRT5LYH	3
B07KC4TBFY	0
B08FTKF6C1	0
B00VWSAON2	0
B076L97422	0
B08LYQTPJP	0
B09DZKRH2N	0
B0BNLLJGZX	11
B09DY9Q2HN	1
B07KC3CWJY	0
B00Y5T5P34	0
B00SNUTVO0	0
B07DNYYC41	0
B09C5HH631	1
B075MDK3RF	0
B018RA7IG8	0
B09F6XJBBV	1
B00F1U5FC2	0
B07MCJBP8X	0
B07V368FXD	0
B00CC4CXMK	0
B09535B844	0
B00MWOQ83A	0
B071FQVX5W	0
B08TVHKLLZ	0
B01GLGINO6	0
B07D1DGM33	0
B002WDH1EG	0
B09H9HJF6S	0
B01G2MFEXW	0
B07964K2LC	0
B07BN12RKY	0
B07LB662D7	0
B008M4M91O	0
B01MR7221N	0
B0B4F395GL	0
B0B9W9YYHW	0
B00P7D456A	0
B0958R4CNB	0
B08L7KT665	0
B07TSP4NFG	0
B06XDGNT44	0
B07DGSBR4W	0
B0B68X2DMM	0
B08CZ4MTH9	2
B00VJ4R7CK	0
B07HBJG7QJ	0
B01MYPGMMU	0
B07Q5LXGQQ	0
B0BW84X65T	17
B091TDBWJ7	0
B004V2W7NQ	0
B0788TRFMQ	0
B076TTNWGT	0
B00B92GAU2	0
B002KNDDZO	0
B00F1BR6GE	0
B00EO4U7GA	0
B007R0THF0	0
B00DDQAJXQ	0
B00S7ITM06	0
B00BNV16GM	0
B01AKDBTM4	0
B00LVAZ9UE	0
B00FHUP9P4	0
B07ZZ7R4ZP	0
B00DCSUTDK	0
B01AN1PXMK	0
B009V0E5I8	0
B0742JP347	6
B09Y8TZ9RY	1
B07H4HNMGP	0
B00Q773UM0	0
B01M4OSK10	0
B06VXD518D	0
B07VRR18PT	0
B00AALPZN6	0
B00OI543HY	0
B00WD45UKG	0
B01E0HDLUO	0
B010BPGX2M	0
B00RLDX58I	0
B0BGGD6Q3Z	0
B072QCBBDS	0
B01BIP02PS	0
B00BUVBCBO	0
B00YJ1V39I	0
B017HLUREI	0
B07R9Y26PY	0
B07X581BN1	0
B07P7L8WLD	0
B07WXKYFVT	0
B08ZCFG1XQ	0
B07LGPPT5Y	0
B09LSLL992	0
B00TUN7HRW	0
B00GBI5FU0	0
B07VWSQQM7	0
B00L48URNW	0
B01EV7WDGG	0
B07Y9T7R11	0
B01F7U6U6A	0
B08JQ4TP8Z	2
B07GYZ3WY2	0
B071F1T9S6	1
B015J7JA1I	0
B07BPBFPSB	0
B000GL1DMW	0
B008NOG1QM	0
B00R651WUY	0
B07SN36K14	0
B093C83FV9	2
B09QMBXNNS	0
B071P4JBMY	0
B00GTKN1V0	0
B01GLR1ZFY	0
B00L3E4IMS	0
B004Y4C3N0	0
B009JXK00O	0
B0192E1FM6	0
B076JHHSYZ	0
B077MVH7LD	0
B079DYYZB3	0
B004I5BVH4	0
B00CRXCEIE	0
B0779X9K1Z	0
B09MQJ4VSM	0
B079V8DXGZ	0
B08KW8RM1R	0
B000HZ8RY4	0
B086GTPQFB	0
B00V023N92	0
B012VRHU6Q	0
B0BBL2VKZ1	2
B01ETF09I4	0
B001FOR2DS	0
B07QPN8D6X	0
B08KHQSQL2	1
B01CNE24VS	0
B00MAO7FRA	0
B005AMPVJ8	0
B01G3IA9ZI	0
B01GHP3KSU	0
B085TRHM8C	0
B0749G748C	0
B01KKNHYPU	0
B09ZPK9XB6	0
B01LVTQ7X0	0
B004QNUTPS	0
B0995KX3YF	0
B07PQYTYGD	1
B00KWKF2H4	0
B01MQUIWZ8	0
B07B6B769R	0
B00PC8YUSI	0
B00BF21TO8	0
B0BLV7NVQG	1
B0002PUNXM	0
B08Y8TRKGV	0
B00GJB00X6	0
B019EPD7P6	0
B01HXXUVF0	0
B088BM8MHT	0
B001E1XIYO	0
B016P7KBAU	0
B07SFH1PGJ	0
B0711R22LQ	0
B07ZJWVGTD	0
B09MDDBCJN	0
B00NC2TJ9Q	1
B010NBUEG0	0
B07J5SG8L1	0
B0BK6YR2BG	0
B07958KYVL	0
B088HCZB24	0
B086QKCK2T	0
B01MXDCBGH	0
B00DVLWS4G	0
B07D15PX5X	0
B00K1M7OO2	0
B09B3LHZ1W	2
B0732QMMQ3	0
B07K6V257Z	0
B00UVB4496	0
B007T49VKK	0
B01DMLGW5A	0
B08QVDXTZ1	0
B00H8ZGHH0	0
B09PDVF32T	0
B0818WDMZN	1
B08CXRD64S	0
B0157AFKMA	0
B015UJP7AS	0
B075NQCWZ2	0
B0B1CXB6D9	1
B004YTFIBY	0
B00B4PXQ0Q	0
B09TCFH9K4	0
B09VB2RLNS	1
B074VFFT8H	0
B01M4JEPDR	0
B083SJS7XN	0
B073747NVL	0
B0848DYRJQ	0
B01EAYT3JA	0
B096Z29DJF	0
B07KLQDV17	0
B07FT8Q1L1	0
B07WHFN38F	0
B0188F4ZE0	0
B078J57PWJ	0
B0072EAUTS	0
B09NS61SVF	1
B08XX9V4S4	0
B017DEAJVU	0
B00C0ELP3K	0
B07PL3L31V	0
B09H3VT8JH	1
B01MUBVR4C	0
B071YFH67B	0
B08M8P55WZ	0
B07Q56WFK8	0
B0091SXXQ0	0
B074X7S7GZ	0
B015QTXUM4	0
B00YE1F5TM	0
B015M4HVAU	0
B081399M6W	0
B01K1RHUB8	0
B09PMHVQNW	0
B0BCDTVSX6	9
B08K3KWSX1	0
B0BX335YXD	0
B09YXYLFGN	0
B08FQSMQDC	1
B07GX5SM4V	0
B07JZ3M9W2	0
B09CGPF6B9	0
B01FF52VOM	0
B00CP4OAXM	0
B07G593H3K	0
B00QXN2L82	0
B082PTDN52	0
B00H4CZCD2	0
B0854MTQLF	0
B004I3O5RO	0
B008R7WT66	0
B07K25C64C	0
B0BMPWQLFP	1
B00TPW9ZS2	0
B00IRKEW90	0
B08DJBJD1Y	0
B00M1IOKPA	0
B00HAHM7Z2	0
B07QJLY7P4	0
B01N9U1K4J	0
B06XX33QYT	0
B01LXLYE3U	0
B0B3QVKXCG	2
B08Q73LQMF	0
B08DHQNLRV	0
B07MJ9R7W6	0
B0BCWXGVBL	1
B0B7LBKWNL	17
B012FE45Q8	0
B085C6RS8M	0
B08M9MJ4BZ	0
B07PWWVBV1	0
B01CDFPFTU	0
B01I0UX756	0
B07L91XZL6	0
B08YRHDQDB	0
B01C2GN4GG	0
B08CMPNSKW	1
B01CZ2KY7Y	0
B00YBJYLNI	0
B015IAP272	0
B00SVEUWVY	0
B06XD8V93Y	0
B07W7DX2NF	0
B091PYS9P3	0
B0BLT6WCJ4	1
B06XS19MBC	0
B079KSTQ6N	0
B07WYG5ZJ2	13
B017UT2WJU	0
B07VLYC9RQ	0
B08NDQ4SR6	0
B075G32GC9	0
B09BQPQFJ7	0
B083RCFPLY	0
B01M65ZMF2	0
B06Y45LVCS	0
B01GX8NN06	0
B0092T67B6	0
B0948ZWSCV	0
B0062F4YAY	0
B07V2Z96KT	0
B08RXXL8FX	0
B09KT1VRGN	1
B00NWU4VGE	0
B0149SBO4O	0
B00DQMF2W0	0
B07TSM177T	6
B07F2T95N2	0
B00IYV3HF2	0
B08HLN6K5L	0
B09GV1WFJF	0
B07JVRSX52	0
B09D82VVYT	19
B08NHHDBV3	0
B016ZTNK8I	0
B08VX64B53	0
B07X1X47B7	0
B01EQS51P0	0
B09L6B8SXK	0
B07BMS4CFB	0
B08K7GXXNB	2
B082BY8WWB	0
B00UJFJECQ	0
B003VW39SE	0
B07FCLQXNC	0
B01C4U3GX6	2
B01N5XMKPM	3
B08T5N4X9J	0
B00OF4ZY9Y	0
B0119U5Z90	0
B072NF96ZH	1
B019XHDR82	0
B0152V8BNO	0
B01CDOF6WW	0
B08T5V6Y73	0
B0791LJ9B3	0
B08JJ4VKHS	0
B01MZBPYQW	0
B004LYLVKO	0
B00FJ2D73Q	0
B0B7NJ57WY	1
B01N5WOU7X	0
B0B7ZCQCW8	1
B08MDY1MK2	0
B01ACOO1A8	0
B07VWS7VW9	0
B07NGN1FM7	0
B000ZYGHV2	0
B004STYAPK	0
B072J3RD8H	0
B07PQMX1PW	0
B083SKMMBQ	0
B07RL698FM	0
B09PGZYC9D	3
B00Y0NIUC8	0
B08V8TPG51	0
B00G9283YI	0
B00EI4B73I	0
B0839MRLYJ	0
B08JBM68BQ	0
B07PKN1GVW	0
B00I8QTFLS	0
B09JKDCFHL	0
B01NATB7XO	0
B01AUGWKB0	0
B01D1XIJI2	0
B07JHX99VT	0
B00PL5U1HQ	0
B09ZNTDVBC	0
B005GYCPQ2	0
B017DV016Q	0
B07R6V1FZN	0
B00A1MN6JY	0
B018GVSYFW	0
B004X0PSV4	0
B091KVVVG5	0
B09VNVGHD3	2
B015PSL8XY	0
B09TP84JZ7	0
B0B2W6CY5F	1
B09V4HTK23	0
B00AXX26YC	0
B08WZTGRPX	0
B00O2QM0MO	1
B00GS9JLX4	0
B00SOJ312S	0
B0815TQH32	0
B00HK7RY8M	0
B08P3B3RLW	0
B0037KL6R6	0
B07KSCRYSP	0
B06Y61TFW6	0
B01AAANELG	0
B08FXGD1HP	0
B01I5M43RU	0
B000TJG29U	0
B01I0Z4ESA	0
B00UZ8GHXQ	0
B09XF84RFM	0
B01ITWQYZ0	0
B0050HEVF8	0
B07JX8C7T9	0
B00ARN2VQG	0
B07H85NTRW	0
B0145UKYJ2	0
B000R2JLGK	0
B0925FJ95R	0
B07WPCZVCJ	0
B08LMP6ZFG	0
B079Q78Q9N	1
B073YL4P2Y	0
B08T2VV3GN	0
B004W6QOVW	0
B076XXT4JN	0
B09KS6G93P	0
B07GNYK3BD	0
B007VBXRG0	0
B09PH7M86P	1
B00NJ6ANVI	0
B07LBF2G1B	10
B09PYFV4WP	0
B0012F40M6	0
B0BFD6CTX5	2
B00NJXNC46	0
B07CQS555G	0
B08WM7CVLC	5
B01830T892	0
B0788N93Q1	0
B0BD8R76JM	0
B00VL5AU62	0
B07QTWYVFD	0
B07WC9JGGL	0
B07B1WL7NK	0
B00NG6U7W6	0
B089NHRGVF	0
B0778MDK7H	0
B01G1S5VX0	0
B07HSYYG89	0
B07D8J2PCM	0
B00EEFLOIY	0
B0059K757W	0
B083FCY348	0
B07WP22DDH	0
B00B7K9YF4	0
B07KJQLD5N	0
B08CSM6BFS	0
B06XRD16DJ	0
B08K953ZTD	0
B08FBL48D3	0
B0BMZ5THGR	1
B084Z2XBMH	0
B004DJUH0C	0
B00R4V44AU	0
B003UM73EQ	0
B00PTYFTCG	0
B00UVBSQVI	1
B07K74H4SF	0
B01EVLMEI4	0
B00P36YGFQ	0
B08Y76YBLQ	1
B09R41ZGDJ	0
B07ZHXZVFL	13
B00IMMJ1E4	0
B081JLJ67F	0
B0C9T669NZ	0
B01M5CMPVH	0
B01N9QZETS	0
B00IT3F1V8	0
B00D74P5O2	0
B007IWEADG	0
B08P2SXC54	0
B06W53VB7Q	0
B07DTM7QGN	0
B0885YS157	0
B07RL62NSQ	0
B077SFP2LV	0
B000S6OKOI	0
B09B8WH5FV	0
B00KKZLCXO	0
B00VSKWQLM	0
B08KT91J75	0
B0788DFRW6	0
B01MUPJFVL	0
B07STHCRFP	0
B084BT5DGG	0
B07P32ZVHG	0
B01N5G1HPO	0
B088YDF1ZS	0
B0084HZUAG	0
B00VHU5RP0	0
B01M185G4Y	0
B002BH3XG8	0
B081ZQDHPD	0
B07SHRY3QF	0
B085ZLWXPT	0
B019GC9IYG	0
B01M8JT6HV	0
B08R3J6GRL	0
B07Z4LR1K5	0
B097HD92KD	0
B002B565AQ	0
B08GC7TXV9	0
B001ARORL0	0
B074SK7TCP	0
B07XZJPZS8	0
B076BSXWFR	0
B0039Z6A34	0
B07G5G3ZBD	0
B082DNSCHK	3
B0B243L7BR	0
B01A06WXLW	0
B017WS20W8	0
B07F6W3FPK	0
B0091GVUEE	0
B007VN21EW	0
B019Z2F1WK	0
B07HB5WMLB	0
B07M8S862J	0
B0BYF8NSGK	0
B079FTLDJD	0
B00AU6DUOW	0
B01EFJSGMK	0
B08FD2CN3M	0
B07PB9RKHT	0
B0044XFW3Y	0
B07KJWZVYN	0
B07C8KGTZD	0
B00D8WW0XW	0
B06VWVWQ4L	0
B09PGP75YN	1
B074WJ7L8X	0
B0837PKLT5	0
B01M18D1WR	0
B00IKF7F3C	0
B00MV1LRI0	0
B073S8FY7W	0
B01DFUYR8W	0
B08R9TG3D8	0
B00ORYG4KA	0
B00KZJMDEM	0
B09QCQ4CNR	0
B072N6Q76V	0
B081RGCMCN	0
B008P4EK2C	0
B092FKVTW8	0
B093GTBS9D	0
B07WMSCLMC	0
B075J8NZR4	0
B017PXKF1S	0
B07CKXWBGZ	0
B087JCY4JV	0
B092PWQ51Y	0
B08ZK6FSTX	1
B0881KQ8JN	0
B07BJYCGS7	1
B0B8NB7BF2	1
B08L8PV9ZW	0
B07FNYX15W	0
B01HF9B57U	0
B0B48MS3MJ	0
B006BDF18Q	0
B07B9HXY23	0
B019OOLDO4	0
B00I3GZZHQ	0
B09KC3WN6N	0
B008LWY08C	0
B00GSD7G1E	0
B004CGTHQ6	0
B08J7Z5VWJ	0
B01M2X52SO	0
B08F4RRH3L	0
B07ZFX8Z8L	0
B01BSV2XOU	0
B000BCGQLE	0
B008MMJ27K	0
B071NVS2WR	0
B07JGSQ9Y1	0
B01DL5R94A	0
B0083AGKB2	0
B07QGCTSFC	0
B081B834KB	0
B089MCC8DB	0
B00BZ9VP5E	0
B07L9YNRGQ	0
B07SZK2VCL	0
B0BQ6XY143	0
B00I05AHVY	0
B012CHLXZY	0
B000WG7VYK	0
B003GZ5D3K	0
B08B833J56	0
B07M677S66	0
B09WC256N7	1
B07MD54RM5	0
B09PMPGNVP	0
B082WYBLQ4	0
B07NGYPSMW	0
B00AQ45OS8	0
B08XZ5P31M	0
B06XSVHF97	0
B07Q5D64XH	0
B001HDMCWI	0
B074ZPMGVQ	0
B01M1HUE8L	0
B097XJ93RQ	0
B00RLL39FE	0
B01IPXRK6K	0
B08PCCYRHF	0
B075M44VWZ	0
B0BCDWV76L	1
B08C7BKKDZ	0
B07RN2FM99	0
B0043WVFEQ	0
B07P854VW5	0
B09BV15ZB2	0
B07BPXXGBW	0
B0074N5L1O	0
B009LB8CX6	0
B00I69TUOY	0
B07N56XK88	0
B07GR7GQQQ	0
B001H0FVWO	0
B07HG6ZD6P	0
B00N27ZROW	0
B00I7U8XFY	0
B01009E0GU	0
B078DF49QN	0
B016MYC0Z0	0
B077Y6TRFD	0
B000X03SEC	0
B0837HQMQC	0
B015PW25J6	0
B00K8E870I	0
B07MLJZP4F	0
B00GS5SHCE	0
B08HHHYMXK	0
B078J369HZ	0
B09TQ2LLVT	0
B07VJJ7LB5	0
B0B1TNGQ6Y	0
B00FHW5F8S	0
B08J295KCZ	2
B07BN47V5K	0
B07QMQRKXB	0
B00485BFUW	0
B07RHKC2DZ	0
B074PV5NLZ	0
B009CZ49TC	0
B0031QPH80	0
B008P19ZZW	0
B06X1D5LF1	0
B076SR2XCF	0
B076HNNXQ3	0
B07X1RSJKV	0
B07HFZV6Y7	0
B07692TNSV	0
B07D76CLYB	0
B07Z9GVGDF	0
B01FPCJ3A0	0
B07H35MCT1	0
B07GB2XZN7	0
B08D623TN3	0
B07H938693	1
B09KZ5CJNK	2
B0753W8FYL	0
B0757JW42N	0
B074N8JH9G	12
B001OZQDXS	0
B07H7215PV	0
B08HCNGM1G	0
B003Y3JXIU	0
B07CGLPT17	0
B07C3K2T21	0
B008VJL9XO	0
B07J4W3YPZ	0
B07TPJ3N5T	0
B003HKQX4C	0
B071H73N2S	0
B017O04O28	0
B08MDBTPLQ	1
B083961LP1	0
B00SLFIZGW	0
B087614HS9	0
B00KR6GGP0	0
B08CNG7YGJ	0
B07FL4G45V	0
B00JUILN3G	0
B09HCGHMWZ	0
B07K88XQDV	0
B07Y6DGSJ1	0
B01DNVE8O6	0
B083B8JP7Q	0
B093DJ2P1H	0
B01D24L2MU	0
B01HHT7YMS	0
B088H7R5WD	0
B07PFSXWX9	0
B006Q7U60K	0
B09X7GRRRS	1
B00IFFK62Y	0
B09MCCJS1B	1
B01N3JQEK8	0
B08B1JMFQM	0
B075RXVJK1	0
B08GRNH3HH	0
B01IPZ3YNQ	0
B072J8WB1K	0
B01JU3JO4K	0
B071LPMK9R	0
B01FKVMC9A	0
B0746PCHBB	0
B075FDS7ZL	0
B08S6Q2DM2	0
B08LGV2MN8	0
B0869JV9NJ	0
B01FYQ5JL4	0
B00PX5NP0O	0
B088P5XQ3L	0
B074WKC9N9	0
B081BHJZWZ	0
B00FG9F0M8	0
B07CZGMNML	0
B07D9PD8Y2	0
B095HGG3RF	0
B07BF4K2M6	0
B0897FWZG1	0
B00HJI65ZU	0
B0BGGGHQQJ	12
B005FVCA8E	0
B095WKMX9S	0
B005G6T2UW	0
B0CCV6544C	0
B07HFMB1B5	0
B07RZY7T27	0
B002ZB7FK0	0
B09WJ344S6	0
B08P5QVTJR	0
B01C34NAGQ	0
B0BS5D6MC7	7
B07JPZ2QJ8	0
B09PSR5KDL	4
B017SPMSS6	0
B01N0UG43U	0
B002ZVGLIW	0
B0915XD17Y	0
B0BCHMS67C	0
B09J8KXLXB	0
B07MKFZ8P4	0
B083K8J7PT	1
B081JX4QHY	0
B0051BOYXM	0
B0BNBNJQLC	1
B0848G3LG9	0
B00R0RTO12	0
B09S19KM5V	1
B07R7SWR71	0
B08VKJC2QR	0
B08NPPRPKR	0
B08Z8SJG6V	1
B07G1R52J3	0
B09JGLG694	0
B07THZBY89	0
B08FYSYR3Y	0
B07HRJVGP2	0
B00O6GKDI8	0
B07D44PR5R	0
B088W9Z8H5	0
B00L9YIA8K	0
B078PY26VB	1
B00DBCM1ZG	0
B08CGWGQ7T	0
B07G5N6F5L	0
B07718SXMP	0
B00TKUEDY0	0
B09BTH6QZN	0
B07WQQYG4F	0
B00MNOSGZC	0
B07992LGZ1	0
B00VRC25PS	1
B074FJHDHY	0
B00KGHGK4W	0
B00MZETN0W	0
B008ODNQLU	0
B078SY555M	0
B078G41G7Y	0
B00CXX6YXO	0
B0BW3VF1J5	1
B091KBR2M3	0
B08147ZKK9	0
B0BRMF88D2	0
B008EKJGF8	0
B00I3ILP2S	0
B08L51WNLX	0
B075YQF5FQ	0
B00DY7UUOM	0
B0BHL5WQYP	0
B004RTXPF2	0
B07N4F3H9L	0
B074BXC1NH	0
B07KB1L2ZY	0
B00HN6WQFQ	0
B00F4LRS9Q	0
B07TYXDJ5N	0
B00E9KCNKC	0
B011JFZ20C	0
B07DNX2C8Y	0
B07YZ4NJQZ	0
B08X2KM42Q	0
B07C9Y3626	0
B07SDCFRQM	0
B08HZCYC23	0
B07T4VYHF4	0
B003VWBVNY	0
B005N7DHVY	0
B07MVZ3FZT	0
B07X98VVRT	0
B0897FPQXP	0
B078P8FQL4	0
B00I3ZPZ9U	0
B08MK6L5WX	0
B014S7K90Q	0
B09BCKBMJD	0
B06XL1BB29	0
B07351HYB6	0
B017DVOWWA	0
B09834SSYB	0
B07THMZZGM	2
B07L866XPP	0
B07LGR9V7G	0
B073XVDCQD	0
B00491S4O0	0
B07BN5V4DQ	0
B01MZ1J72R	0
B08V941V3S	0
B08SHZK5V1	0
B07QW2V2L8	0
B071GBLCQM	0
B00KG39NGS	0
B00OO5U9K8	0
B008E95QXU	0
B08QMHK8YF	0
B0087TEKPW	0
B07TC3DRF2	0
B076MBKC6S	0
B0112P42QE	0
B07C5VHXRM	0
B09284YH9T	0
B09FFLZXRQ	0
B07C3J1VSQ	0
B08NW535KK	0
B07GF3YT1X	0
B00FS77NN2	0
B08FJ4C1VP	0
B07VDB8PXV	0
B004BDWANM	0
B07DL6FDPX	0
B00AEA6FV4	0
B0188Q8BSU	0
B07STYTW9W	0
B00GR28I18	0
B00NF9UF1C	0
B01LNH2V0A	0
B00KWNJC8Q	0
B00BP8G6EU	0
B08KT4YXTQ	0
B007UXNPPM	0
B07TQGQQRW	0
B07LBPD6WS	0
B09TSP98KM	0
B07BSPD3ZM	0
B016DRH9O8	0
B0799B8G69	0
B08QJ5K69H	0
B07G1YG9KS	0
B08RN3H5P4	0
B00PRN3PUC	0
B08WJWYM4R	0
B005LBX712	0
B00QICB45E	0
B00J6EZEKC	0
B07R22GDMK	0
B07KFZNK8H	0
B077F13DH8	0
B077ST96P7	0
B071XWKPNQ	1
B00JM96CI4	0
B09TQX6X5F	0
B07RQW6GJC	0
B00MAY8WYU	0
B08ZNQ6BG6	0
B08YFCZ7M4	0
B005DFNXB0	0
B07CZPYNM6	0
B01CYVM2MQ	0
B00X0HLCN4	0
B07L935RYN	0
B07NN77QT7	0
B00Q9R3IDE	0
B007FM4CK0	0
B08DFX9YRY	0
B0754DG38Z	1
B01NCMLKN3	0
B01FOL6NYQ	0
B0B3M52JYD	1
B07FQD9LL8	0
B07SC22GSD	0
B07SQB6KFG	0
B07KP58PN9	0
B0BQBHLPQQ	1
B076WXBW22	0
B08ZJ34YDN	0
B0B4K9TNT3	1
B07C3YHL16	0
B00451ZNR0	0
B00NVEO4HC	0
B07QZ3HQFF	0
B01MTRBDAG	0
B00SVT8NSI	0
B071P3WDKP	0
B0756T54WT	0
B06XR95P7Q	0
B004L1ANJW	0
B01FON9H5G	0
B0050SBGUK	0
B01MYH3XG5	0
B01GEZZDQ0	0
B076DR9KXP	0
B07TG9NMKM	6
B00DOEPTBE	0
B07DWW8NMX	0
B07CKG4Z62	0
B07Y48MQBV	0
B01ESA6XOE	0
B08J97VQSZ	0
B09289MDRM	0
B015H33HPE	0
B071KFJ53W	0
B014JHF31U	0
B073XHSPZL	0
B0BC2XDW5H	0
B07H2KCBMM	0
B07J5MQ9XN	0
B01CSPFNTC	0
B01DLNTWVU	0
B06Y446S29	0
B004L3A6O2	0
B0013O2RXA	0
B014WBF62Y	0
B00CNVQUEY	0
B09R39KR1D	0
B08L9DLPS9	0
B01D3KEWBG	0
B00V8S63SQ	0
B008RNFGA6	0
B07M6WQ878	0
B0B21NPQ9W	1
B082S4YY11	0
B06XQML91R	0
B09FDW6HKX	0
B0743JWVBH	0
B073QVLJ1H	0
B07QJXXCSX	0
B01GLGNVSY	0
B077XSS9K7	0
B08NXFBBTC	0
B008PTNCFS	0
B07NNZS1T9	0
B07X3ZD326	0
B00BLZWK7O	0
B07FF1WHSF	0
B07DZX22MB	0
B09DCPYLHZ	1
B016YVULZM	0
B01LQ60FB0	0
B08YFN2VTP	0
B013KRFC66	0
B09QGD2ZPN	0
B083TD2B35	0
B01N79LL67	0
B092HZTCBF	0
B00ISSVF8M	0
B0786VK7G2	0
B01LBRNWPK	0
B00GX3WL96	0
B00QSO8V7G	0
B07PMB8BXJ	0
B081TC1X6X	0
B07D6PSKH7	0
B079TF3G6Y	0
B01C8R19IY	0
B014MDT4Q6	0
B005WJFHS4	0
B06ZYX9DX6	0
B07FZ7NJ93	0
B07X2M75XY	0
B08LPD5HM1	0
B09TN7FXJW	0
B07T313S7D	0
B07H6X1ZB4	0
B01FKMIJ8M	0
B00JB155LI	0
B07MZ2XSYC	0
B08DQWGMLZ	22
B076WX7HR1	0
B00VUWDBQM	0
B0817HM1TP	0
B09SZ67P9Z	0
B001BZ2DRG	0
B07TTZSSRZ	0
B07YPLRRPD	0
B011MY68F8	0
B08FX63SD4	0
B004DULTLC	0
B00KG3TF7U	0
B07KJYMYZM	0
B08534H39B	0
B07ZQGLRH4	4
B08TMCCH72	0
B07H4N7BT9	0
B01G5XDC5U	0
B01LWS97KZ	0
B07KTZJ9Y6	0
B06XQ2C7X4	0
B082W438G2	0
B09YG2PWTM	2
B01CF1WGSA	0
B00UR790NY	0
B0741XJY5Y	0
B014H2CT5K	0
B087BJ8MWJ	0
B07Z41K188	0
B07TMRKCY4	1
B076JMS9G4	0
B07FSZYRY2	0
B00IM78PIM	0
B01B8NIB80	0
B004N3BS24	0
B07F34WT5S	0
B0771TD4GN	0
B094NPJZVP	0
B017X3O7CI	0
B07HJTD9FN	0
B09KNMQT7H	0
B087PNCHCL	0
B01LYEUBLZ	0
B07XXS4WDT	0
B00R7GQOJ6	0
B06WWDD8TD	0
B00IFDSNMQ	0
B00AR4LKZI	0
B07VNC4QY3	0
B008VPX08U	0
B01KN0VA28	0
B01LYCGRDR	0
B00NT7AA4C	0
B06XC4QMHK	0
B09X9TW6XQ	0
B07YDKWQ7K	0
B08T9MX1T5	0
B00XVS2ABU	0
B00U1VDSP2	0
B09MDBBV5C	3
B00ZJPXAEY	0
B00MMYD5FE	0
B08SBW8KL7	0
B00L31CXLO	0
B01H5NESYS	0
B07VDBXWJZ	0
B01E9BC69I	0
B00NECXE0E	0
B08VHGRPNM	1
B07MHT7RX1	0
B01MS4GRDV	0
B00TQIUBVA	0
B07NSG9FKD	0
B00MC3LNPY	0
B0746S4MPY	0
B01D9ZKRC8	0
B00WL8CD4K	0
B09CL35GSY	3
B00JF0JYCQ	0
B00W7FEEDK	0
B01082J47Y	0
B0185KFIZ8	0
B07MM99Y4L	0
B07YN7D82Q	0
B01EQYI45S	0
B07KPT4463	0
B00HFEP7HU	0
B07K1KSQ1Q	0
B007XPIWVY	0
B074J5V14J	0
B00PIMVDQA	2
B07VXMZXJF	0
B000I21K0Y	0
B001EWEPY0	0
B07Y7S3WCY	0
B00GRV1WVC	0
B0855LN1VN	1
B075KXNBNF	0
B08L8JF923	0
B000X3415O	0
B07DYHPWGN	1
B07FM8P65N	0
B07235VY3D	1
B07PHXNP69	0
B00HMN9QM6	0
B00EDIPGJK	0
B072FPFPDC	0
B0B12VJFNG	0
B00NXBXG0Y	0
B00FN4Q7GO	0
B01M130UBN	0
B088BFQX1Y	0
B0877B9T5G	0
B07S5QGCYP	0
B00JHEK726	0
B01I48CMJG	0
B07NSNFXNH	0
B07ZK2RX98	0
B06XNP7N6L	0
B00AZT1QFE	0
B07G579P15	0
B095LZT1TH	0
B007STP182	0
B006H32MDC	0
B079T83RGX	0
B00K8QUTJS	0
B0925MMXXY	1
B08PV3LM26	0
B07VMHRBLK	0
B0B4C6Z3GP	6
B008FYR32Q	0
B09Q1FV56X	0
B00WJLAIUK	0
B07X2ZNGCT	0
B007XCOKJA	0
B09ZP1YSD9	0
B01MTF0C43	0
B008FVQR8U	0
B0055J81NY	0
B00JVKLY1Y	0
B08MZCG1KF	1
B08SBSKXJT	0
B00ZB0CZ6Q	0
B07RVLHRX3	0
B07XSCTX4M	0
B07H99TQ95	0
B07NJ5K3MQ	0
B0BFRVK7MR	1
B01LAGRB4U	0
B00PJ8UVMA	0
B00L9DO7GU	0
B082Y53T95	0
B07NQL7G8T	0
B076M663KT	0
B07PQL5Y6G	0
B016CXITYC	0
B007H57TGE	0
B09ZLPC4LL	0
B00BEJDN00	0
B077QM3PGY	0
B00B34737U	0
B09MLB5GXF	1
B07PK3SHKL	0
B01I0D6KY8	0
B015CLXLQG	0
B074ZN9V7J	0
B07DTJY6WR	0
B00HGT2SDK	0
B07F7DQMY1	0
B01D0B0J60	0
B00LNN512K	0
B076NGMZV9	0
B07L9TK71B	0
B005DSPH4I	0
B00Q6DM8IW	0
B01M4L5MKD	0
B07HT6S5L9	0
B07544FGSX	0
B09JWG3MXR	0
B0798TMK1N	0
B07YYJ55YN	0
B002Y3W85Q	0
B09DY2C13R	0
B00MAVJ13O	0
B00RELXFGO	0
B07XTBRKGY	0
B07ZF2QWJ1	0
B07FD9FW9M	0
B07Q4BBZ3G	0
B07P581PNR	0
B073DG7Z13	0
B00R7CMYH6	0
B002RCQ0X0	0
B07GWF1N28	0
B09N77JJ5Z	0
B0749SS7ZM	0
B005V32ZDQ	0
B07V8C4KYC	0
B00E87F2CW	0
B07W74MXB7	0
B00EVBQ6SO	0
B0839HZWTF	0
B01JU0SQFG	0
B01N6DUC4P	0
B07Z3R1P7D	0
B013PW9BWC	0
B08VHR7474	1
B00OV69Q3Q	0
B071HSTPDV	99
B01E37SQ2O	0
B0B1499KM4	1
B08SNNT9YT	0
B073YCQHC1	0
B01N6K1MFR	0
B07JLRMJTD	2
B07X3LLR9R	0
B00OAP858U	0
B07JYBT28N	0
B073PWM5WL	0
B01AN383J8	0
B0053EOYBO	0
B00SYDCQYS	0
B009V0B37Y	0
B06XYN5XBD	0
B07SHBDQG8	0
B00FAX1FYC	0
B098CZTBPG	0
B00UMGROZQ	0
B07P7SG6S4	0
B07JPXMWQV	1
B07BNZC2X3	0
B077XQJT9Q	0
B0BLTNDKJ9	1
B07RJPY3B8	0
B01LWA3BGA	0
B00J5EISBK	0
B07S9QMH2D	0
B07HNVF1B9	0
B08MT19JM3	0
B093B5N2TY	0
B09GLV5TPP	5
B01M08CGU4	0
B00F61KEOA	0
B01GCG7FYY	0
B07YRM79CR	0
B018A251Y4	0
B00X5KA1OW	0
B01JJ4SYBO	0
B0892PYRWJ	0
B07B9PGLMM	0
B0148DNSRG	0
B0140VF19E	0
B077J573J1	0
B0734SHQH9	0
B07HQVX8L8	0
B09MJFPPVW	0
B01EIFSBA8	0
B00LNNSECY	0
B07CP61SL4	0
B003EYUS10	0
B0BM9HQPTW	9
B09CPMRQW5	1
B08P6DS2C2	0
B089Q4BMRK	0
B00H9C65L0	0
B00SMDTDHS	0
B06Y1BTT3M	0
B0073FRXOQ	0
B091PHWNVG	1
B099ZNLW3C	0
B07ZFNPKK8	3
B0B12H7G7V	44
B016C5HO4G	0
B01KU1DY7E	1
B06XQSF4YB	0
B009VN8WMK	0
B09JFJKVTN	1
B076HMYGZD	0
B01ABLZSUO	0
B006H3ANMO	0
B07589C9TH	0
B08K2GR5GY	0
B07D766PN1	0
B01CTWWJ1O	0
B008ZGEWNC	0
B0845Z58ZX	0
B07PZW6Y5Y	1
B00CB8IRHM	0
B08F231P4V	0
B01NB095O9	0
B00AA78DNY	0
B079Y7B1V5	0
B07G8Q67ZY	0
B08HVC1VHT	0
B071YMK81F	0
B00U8TGSQS	0
B096KKF8QR	0
B07969M4GN	0
B07BST81BG	0
B0876BP8LJ	4
B01N2HMFX0	0
B07MLYHCDC	0
B07H8YRDDB	0
B072JW5YXC	0
B08CGCG1DJ	0
B00E1SJY3Q	0
B0753SKDL5	0
B0BHNQBS3S	2
B0124SWSN2	0
B08V1L294M	0
B07RM4HYFS	0
B004OC0AVO	0
B06XJ51B39	0
B07SMRQW78	0
B09LGTT3CM	1
B01M6DWDYU	0
B0762ZVCBD	0
B00B3SMDJY	0
B076TW4Z8Z	0
B007PK5QWK	0
B0978Z38WT	0
B07GRC97SK	0
B076RJGTKD	0
B01MUEF415	0
B000BHNHYS	0
B07G5XL3W9	0
B07213B98H	0
B0836QNGLK	0
B09123PFJ3	0
B0B76KNTGB	1
B00ODJESWK	0
B07F1KD7KQ	0
B08PNQ8SGL	0
B01B5K9FYK	0
B07WP35SDH	0
B088GSQC6V	0
B0C6F1Y793	28
B07GSVNGZ2	0
B006OEKEIO	0
B01I9EWAVA	0
B06XCZ7CF7	0
B09HH7MHJX	0
B0745VCYQ3	0
B071WGDNK8	0
B01DSWNCCO	0
B01F4SHBMC	0
B00GJQWZW0	0
B086755PW7	7
B013JQSXDM	0
B00UV414UA	0
B08MDRTC52	0
B07SPRQ8H6	0
B005BHJPEE	0
B00W851WFC	0
B071W1LMX7	0
B07K9ZHCDF	0
B00P2NP258	0
B091MWM4G4	0
B08WGX441B	5
B00U7BTX8W	0
B0BDGN9PNC	3
B077BTCFGT	0
B0773J68SN	0
B01I9FCSZ2	0
B0C7GLJM6L	0
B07L3XBJFN	0
B0C3Y55GW2	0
B08HMHZFTP	2
B00O3GTX32	0
B014827ORM	0
B08KTTW23C	3
B002CSS15O	0
B07M8DDYM2	0
B017IRGGKA	0
B00XDQUYHM	0
B07F9ZH3XV	0
B083JNXSHJ	0
B07QYMBPPJ	0
B08B3V5HCN	0
B00JA7EI0W	0
B01N7VOAHR	0
B07Z8X9Z5H	0
B01EVDXTM2	0
B00RV6KPJ2	0
B00IST0P14	0
B0071529RY	0
B00MMI0OM2	0
B00YPJ94X6	0
B09785C9ZC	0
B017Y3J7DG	0
B00JL6O6IG	0
B074V57VDW	0
B07BVBQL67	0
B098KTG6P8	12
B07MRJXC16	0
B08X5WH5BJ	0
B09CK7JPR5	0
B07K9Q17CW	0
B08R9ZHPBZ	0
B07QHZG6VN	0
B09CPBQTBZ	0
B08BXWBLSX	0
B001W02UMI	0
B01N1SJRFN	0
B07J3C2Y2X	0
B085SYGDW9	0
B08ZN2X8MH	0
B09MK7FQPY	16
B074C584QV	0
B0798KXJBQ	0
B0B2KRKYD7	1
B07BBHH9FD	0
B08FB83Y6L	0
B016N7HHDQ	0
B077T9SLR4	0
B083SHVLQF	0
B00GTCNXW0	0
B006Z6SPTG	0
B09YRD52YC	1
B07CJT3CCH	0
B00O4IUA2C	0
B09MLJRXW6	0
B00YBCBAEI	0
B079LM93NL	0
B08GFYJKNH	0
B0764JZF5K	0
B0B45XZDFJ	1
B08P4N7QDN	0
B074BH4P2W	0
B00JUGNRMS	0
B081JR79QH	0
B00E9LRNXI	0
B07ZQNTX4F	1
B073PTNXC6	1
B075632CZC	0
B00UMAAT5O	0
B09KZK4Z2B	0
B0923VMHBN	0
B076MNPJL5	0
B07BZCQ2N7	0
B085MB5X1Q	0
B00VCAU732	0
B08G8FY295	0
B077WRYZDY	0
B07W73CSSH	0
B07PJM41ZB	0
B09LRS9TQP	0
B07LBRKLH7	0
B01LY6YP9R	0
B088PM8Q6Z	0
B01I45IARW	0
B00GUSBBQ8	0
B077CHNXWD	0
B072V7ZV46	0
B075C5BKKZ	0
B092ZJL5B2	0
B06XTWV796	0
B01G6R4E0C	0
B076FJ219R	0
B01IC51E4K	0
B08LQ7R32M	0
B0BFXM96QG	5
B004SWJ2Q4	0
B015W5V984	0
B005C2ZSD0	0
B00GYQQ7PQ	0
B0969XKQ52	0
B07NQHLV4H	0
B004JLMIVK	0
B019AVDN5S	0
B07SN591GS	0
B00EHRJTVS	0
B08FTKCPP7	0
B00IFF837O	0
B00DUOPJ22	0
B0014COEXW	0
B08DNYFHRJ	0
B06XQ2G2QD	0
B01AXPCK0E	0
B07458BCZV	1
B00V8IL52U	0
B0C252HPHQ	0
B01KSEFQL0	0
B07MBLQH4Y	0
B093CKZBMH	0
B01A6WNTIG	0
B0712482PZ	0
B079V6RCCQ	0
B004YRJL96	0
B083Q1ZGHC	0
B07CJ4LGX6	3
B07WHPWHDS	0
B07GR2B96Y	0
B01EWWS2OC	0
B00YEPTRJ2	0
B07BVQ9ZB3	0
B00K0LTUXW	0
B01I0RPAAO	0
B08K8RJTZP	0
B0067M4YUC	0
B00ADEDDFC	0
B091FV1X6T	1
B085VLZTCQ	0
B075YSHVNP	0
B0753BLZQ1	0
B00R0GDX1A	0
B00OXUM0CE	0
B07YCH7LLL	0
B0811DGPJP	0
B07T4X7LYC	0
B07M5H39J6	0
B08GC3GVDB	0
B09V6JDHNP	2
B0043KOM5W	0
B07KPNSC31	0
B01L3AU83E	0
B01CK85JIM	0
B07D9G1KPH	0
B07GVDJSSK	0
B0766CWCBH	0
B01CNOCQIO	0
B0991GX7MS	0
B071G2Z18Z	0
B08CSJFSS7	0
B07VX7HHVQ	0
B07HF56N2H	0
B014UYL1AE	0
B07WNTX4PR	2
B07KCHX13T	0
B010X3HBBO	0
B08BJMT9M7	0
B00GFZZYVY	0
B00GYZO1MI	0
B088H68L15	0
B01AVHOM8W	0
B00DEY3B6E	0
B0797NDLC4	0
B01DL7UBT8	0
B087PTBXFM	0
B06XTS9QDF	0
B08H5GDT7N	0
B077NGWYMB	0
B083R5X74J	0
B07DJBLTGN	0
B08CCDFWRL	11
B01BWAW5GI	0
B07CLTP3B4	0
B00KQE3UXY	0
B006LATEC8	0
B09JHJBGCR	1
B071WPGPCT	3
B071ZLNJWF	0
B013RSPZZQ	0
B016ZLC9IS	0
B09SS262CG	28
B08LB1ZY96	0
B01FM1NM1A	0
B01E6VUOFY	14
B07NBPF5XL	1
B01JTSWY5M	1
B07S8X2ZMN	0
B09X6K67M9	0
B0177S36IU	0
B07SKCXJ9G	0
B0168Z70GM	0
B01N6AS3D5	0
B00JBOB3BQ	0
B077ZL47CK	0
B07W7RFXCC	0
B08PK5P7G8	0
B004R1I3YS	0
B07GW33SR5	0
B01M31UDJN	0
B07B8C8833	0
B007XIPI4A	0
B00JDPXEBU	0
B00CMPGLC2	0
B07ZJ33CVZ	0
B00RUB159C	0
B01LX0PMYA	0
B01IDT3HMW	0
B08W1X4DXG	0
B071K9RDLR	0
B01MXVW2VN	0
B00XF10OJ8	0
B077SVD7ZF	0
B07BVMH555	0
B09R7K6864	0
B000GHG948	0
B088QJFWCM	0
B00WVELQ0G	0
B000ML01G0	0
B09HNL3C8H	0
B078R7P1SW	0
B01DTM9RR2	0
B07CJY657K	0
B002LV3ONG	0
B005M28NN2	0
B015GXVR7U	0
B015X0J34U	0
B005UDSCVQ	0
B01900HNRI	0
B08SCMMXSS	0
B09N8Z1DRN	1
B07S2XQP9L	0
B09TRNVPWP	1
B072BLX1GT	0
B072VHSVF9	0
B08D3WK3Z8	0
B07S18SX1R	0
B00NOAYWIE	0
B07DM9KJ3M	0
B08RMPRN4L	0
B0B8YQ4DSF	1
B09SPR9YH5	8
B08NC34PVR	0
B01M0TPKFC	0
B07S944KKV	0
B09P7XHRFP	0
B08VH6W5TF	0
B07D1C3BTQ	0
B09K7XRD16	2
B015GIC3P0	0
B079M4HMH6	0
B0050VKU1S	0
B08JNYSK1Z	0
B082PVZ7W2	0
B00E0WLRR4	0
B07ZRDDXL4	0
B00PV0J12C	0
B00DQZ5UPG	0
B019Q0SCN6	0
B08P8SHDWB	0
B07WR8TMXF	0
B08B8HN96X	0
B09T24X7JK	1
B00KTEZVJ2	0
B08KGFDC2P	0
B01ALGSAUO	0
B01AXHVD6E	0
B01HINW2NO	0
B0B49WMKLH	0
B01MRO3ZDK	0
B00HUA419E	0
B09WYJS8N3	0
B08GX981MW	0
B010H7XUCU	0
B074NWXDKV	0
B07Z8GWJMF	0
B0BW16W3K8	4
B089989ZXF	0
B082D8YBJJ	0
B088P43333	0
B009DU2KMY	0
B0BFGML1WG	11
B07T6TP4W2	0
B07TG8KWF9	7
B01LXD6CYS	0
B07WD1PBC6	0
B07GJVY8SW	0
B09Q3211PD	0
B002ZLONS2	0
B07XXSRRXM	3
B01M9DO7T9	0
B098WP6FNN	0
B00IOQJDTQ	0
B01BHGXX9U	0
B019RK81HM	0
B018WS3ISC	0
B008U5VMR2	0
B0042GI5DM	0
B08K8CSS8G	0
B07Q4TS2J8	0
B077XBXHXD	0
B00AZE80WG	0
B08Q7KGRVV	0
B01BCWTYMO	0
B004H7M6PY	0
B07TZZ6WTT	0
B00WRGC81Y	0
B07ZZJZ1LJ	1
B07T4CTCT7	0
B0BBM7SV22	0
B0BGHD8BJQ	1
B07GXGXSM6	0
B01FX6V9OQ	0
B07SLPBF4K	0
B07WCN4J3D	0
B0B6Z9XVLF	2
B0160CNU5S	0
B004JSXRI6	0
B074QS28G3	0
B073HQCC61	0
B00KPOXBM0	0
B00MN7TVJO	0
B01NCOZY22	1
B07L9FYRB4	0
B07K5LMCR4	0
B00O97R0JY	0
B09CLN8DWH	0
B088GZ3JPC	0
B07B132RD2	0
B07KCBWDJX	0
B07STM3GLG	0
B00HMFD8LO	0
B06XX88DVP	0
B08R8XFFCF	1
B071VW1P56	0
B01BX02JTA	0
B016APTYV4	0
B08L3BH96Y	0
B00PUOMH70	0
B071ZDSLY3	1
B0149YUEDU	0
B00M9G7F06	0
B08TBDGBTS	0
B010NLUEE2	0
B08115WBTG	0
B07X2VXQ7R	0
B07KX721SM	0
B0071OKQ7K	0
B07VWR2MW9	0
B00GB5LEGW	0
B072BH1NWG	0
B08HV4YKWJ	0
B00CZ6PQWO	0
B08YDVSH8R	1
B07JHQ6WK4	0
B0913DGMQ1	0
B004OT4HBG	0
B017UTJ5IG	0
B07LF9Y1VQ	0
B07JX68J1X	0
B07TXDSMDW	0
B0798GCCPJ	0
B07LGH4NCP	0
B08T4MNX3K	0
B071CKBMNB	0
B000BW93C8	0
B0071OXD0W	0
B0B8N65K8Y	4
B01A6LFYK8	0
B01FXBTP9M	0
B08V88FV87	0
B07R8YWPX4	0
B00K5ILP5G	0
B017MQ9IG6	0
B0189MZZI2	0
B07LH6Z61G	1
B01837UN5S	0
B074XT2TDR	0
B06Y423MRM	0
B089K7N64M	0
B00F003W0U	0
B08RS3FJR6	0
B01N6718D9	0
B09N13JW9N	1
B07GGR1N5D	0
B071GWFG9S	0
B097QFNSBG	0
B01DBOEH9Q	0
B08RMXQ5V3	0
B01M8LLSFX	0
B00518IJCC	0
B008YI5N5C	0
B081B5HW9J	0
B06Y6432HM	0
B00PY3UJX6	0
B0BCYBSMPC	0
B011O8XAN0	0
B007NG7XFY	0
B00OJSOSDE	0
B07J1GXJK8	0
B076WZK79H	0
B08L5SYBHZ	0
B0033YLOW8	0
B07RJLHQQY	0
B07XLNR9MF	0
B004IZ1FK2	0
B0852N3D9G	0
B07M7LPFG5	0
B01HPD53DI	0
B073D29SZC	0
B00V0GQ9E4	0
B094KTLR89	0
B09N3N4RQK	0
B0BWY9K6WC	0
B0814F45G6	4
B00NIN17DK	0
B07PJNZ82B	0
B00RB7WRTW	0
B08F1Z551M	0
B0BDGD35WH	1
B07H33Y11B	0
B07CRL4WZM	0
B075NYHQB1	0
B0BG6C6T4F	0
B00LIWS0SS	0
B00QFR7M1M	0
B01C4IWFC6	0
B08GQSNWN2	0
B00E0WNNN0	0
B001GSKVOA	0
B0BTXB1QBK	1
B099X6XHNH	1
B07Y5LHTYM	0
B00FQSE9W6	1
B00FNPK0O8	0
B07RG1HB87	0
B003WKY4ZC	0
B08N15QQ7F	0
B09WN5Z5HX	1
B015EHXWX0	0
B07ZFH1T6W	0
B00HDD1Z6K	0
B08K77FWGY	0
B075R9MDMK	0
B07Y6S27M1	0
B00NIK8W9U	0
B08CR9PY46	0
B07ZWJDDQ3	6
B00405R7ES	0
B08B2YG584	0
B08K3JJM2M	0
B014OA5WSG	0
B07MF4Y8MW	0
B077QSV25X	0
B08DLGP3VF	0
B08PS4LZZB	0
B005I0I6YE	0
B00BEY2KWW	0
B002JINQMA	0
B097GG68S3	3
B01FECS1OU	0
B00FBWN88S	0
B09KXQ5FQC	1
B005P7QBP6	0
B00UVKY0P0	0
B07BMDP6LX	0
B01C682NJY	0
B07VZZ5HWW	0
B00OVSQ8DU	0
B01EWX7OU4	0
B00ZWQ6V78	0
B00HFYA2O8	0
B072DYQXML	0
B07Z43QMKC	0
B01428RQD4	0
B008U0WIDO	0
B07MH9SXQY	0
B078X1HFBS	0
B08BFCN95P	0
B00723ZCCY	0
B07LFZJ8XY	0
B09C5YM573	0
B00K0C9TKU	0
B0BWJZZ69B	4
B00KS7U30M	0
B098GR2HCV	0
B09FJ3NHQ9	1
B08GN887NJ	0
B00HZTXDZI	0
B00855ILT4	0
B00PSQSXMI	0
B01J5RWQGY	0
B0157755OG	0
B083FM1WLK	0
B07BTHQZ6R	0
B010S7WZ4I	0
B00FYYSLQM	0
B083L5B8PG	0
B09MQHC28T	4
B0058XF84W	0
B08M43Z1PZ	0
B07M8GCLL5	0
B00NIC2CRQ	0
B00B55OUJG	0
B01N9USJKO	0
B0170HVV5I	0
B09VPVNRNN	2
B094CFZ3GW	0
B07Z68RWPX	0
B00PU4R5H2	0
B00GP4EA5Q	0
B00ZZHVBMY	3
B07XLWPQCH	0
B00EE2ZQTK	0
B00FNL11PO	0
B07CDDLJQQ	0
B002VPOKOE	0
B01N5UXWS8	0
B00WTGHBTG	0
B01F9DUCLY	0
B07S6SHGXX	0
B07NPR6TYJ	0
B018PVP406	0
B08C2WRX7F	0
B06XWPK85F	1
B00VTECDVU	0
B08C9FNPD7	0
B00454GVLE	0
B00R2J35BI	0
B07B4L735L	0
B0BZYQC4B5	4
B00O586A7U	0
B079RKL3JV	0
B01N7KN1EZ	0
B075TBF7PY	0
B093PY2YWC	0
B0CC981SWB	3
B005CRPTHK	0
B07SGBNLFD	0
B00TE35EZK	0
B076HC28LY	0
B00O3MM2WK	0
B00RKJKPQ8	0
B08Q2MD1XX	0
B0BC89PMSZ	2
B01ERZRI6C	0
B0BGQKYNTN	0
B01N9UMRAK	0
B07W6Q83F5	0
B08965CTGN	1
B07WDRD92R	0
B096NKFBSQ	0
B0058XRNSQ	0
B0063QJV0A	0
B01MCRW1TU	0
B006R9RNGM	0
B07W99SR9R	0
B08BKFHBYN	0
B07FC41YBN	0
B096VYCKWS	0
B08T5244KF	0
B004LWZXQO	0
B00E0VIB6A	0
B093QR1F1K	4
B01JLRJ2CY	0
B0748Z1DT9	0
B0B24TC7CK	1
B00GNDPUE4	0
B0C698343V	1
B008RJZX1M	0
B009ZR3Y70	0
B07884XZD2	2
B07MVQBB6Q	0
B00F52B0TI	0
B07JLR5LC1	0
B07CBQ2H38	0
B07B9N1ZKD	0
B07D1YHT3C	0
B01M0LY5GH	4
B07KRB66CL	0
B005D7HSOQ	0
B00HG5M186	0
B07VV6XF84	0
B00B2AYG5W	0
B07KYBDPND	0
B06ZYWGSMR	0
B00P269GNY	0
B00TTX53FQ	0
B00KMS0ST8	0
B08BKGYJBB	0
B0936HK8L9	0
B001U1KKIA	0
B09Q3124CW	1
B00DNNZXCQ	0
B07DGY3GYT	0
B005ERKJK0	0
B07ZBR4QJC	0
B00753BX6A	0
B01BXW2E4S	0
B013XLH5CI	0
B074WJN1GD	0
B06XKG8ZVC	0
B07FT54Z4G	0
B0171DD4K6	0
B08Q7VZK7Y	0
B09XBG3D2Z	0
B0BYT47WQR	1
B09F3FZZY3	1
B07NFBSB7J	0
B081RL6NJZ	0
B071ZRSKGZ	0
B07BDPN2M3	0
B00SSGK5T4	0
B08RQZVN7J	2
B0073YAN5S	0
B0067LN6G6	0
B07PCRXPQ6	0
B082FBWXB1	0
B0BF9SZPS8	1
B00M14SL4A	0
B08DNJFJ2L	0
B07SLX7YCG	0
B00WWIG1O2	0
B0BPHKB3CN	1
B081L9L83X	0
B07R1ZVV4Z	0
B08RNV8PRL	0
B009HGHCCM	0
B00B1Z3YN8	0
B09JLWX5ZD	1
B08399WKZF	0
B0BKJRD437	1
B07G9YQB3F	0
B087CYC9NR	0
B094R1R987	0
B00UI96TG2	0
B07S8KZD34	0
B07HHH1GX6	0
B06XDFZS3C	0
B01MFG6BFF	0
B07DYGRSK7	0
B004IN9TKW	0
B003W2IAUU	0
B08J82YGJP	2
B0B2ZRRX54	0
B09DTYSRNY	0
B09DSQX6QW	0
B0BW2VRHPF	8
B0963V1PYN	0
B00KT435WM	0
B09GS6F3BN	0
B003GBYRFY	0
B010MQMJQE	0
B086V274JS	0
B07YD4MK9Q	0
B01ESLKZTW	0
B09Z9K4GHF	0
B08HPM5PX1	0
B08LGBTYZH	0
B0755YCTX5	0
B07CXMNX94	0
B07TS515HS	0
B073N14S6P	0
B01ARO7EIO	0
B004SCKWS6	0
B07YGQ2373	0
B007HC8WE0	0
B006FRZB2E	0
B07D5YF55N	0
B00R2TN4EG	1
B0BP85HYKD	0
B00KOM44MY	0
B07NWLBKZR	0
B078RMWD7C	0
B00IM4Y188	0
B07593L7BR	0
B0011S0BRC	0
B07T5K299W	0
B09J8JMPMY	0
B08GC3F4MC	0
B0889G1KCN	0
B08PFQGGBF	0
B096BWW4KH	0
B07QTPYJH3	0
B00A9ZQE4M	0
B01IQVAVDK	0
B09CCT1DQP	0
B078JJKR3T	0
B08LVHX2JD	0
B01C80ZR70	0
B07BVXSDHY	0
B07XY22VBK	0
B079MTQGPY	0
B01DL96ES8	5
B0BDQ4GKPQ	1
B075LYNQRM	0
B08G8YW5F5	0
B0BZYN5JJ8	6
B07RKRQPRP	0
B07BN7WK6D	0
B09HXC7V76	0
B00B84VS8U	0
B00OPSFHL0	0
B0093CLGOK	0
B09N6PQPW7	0
B01LXLOK4F	0
B00PD714LO	0
B07JBD5VM6	0
B09PVNDMP6	0
B00BLQ99G8	0
B07H7BHH23	0
B086LSL9CP	0
B00S8MWGFE	0
B00EV90UD8	0
B077H339DC	0
B07YRR3QWQ	0
B08Y739MQL	0
B07GYR4ZWK	0
B09DJ9H1WB	1
B01GK9IITO	0
B0B28759D4	10
B07T9ZCKTD	0
B07RM79FCS	0
B07H9F4CDT	0
B00DQV4UUG	0
B00YMKUEZK	0
B010C5IKYK	0
B006U3QP4Q	0
B01184WD5G	0
B09WXSQS6Y	0
B07BF68SM4	0
B081YXFRBN	0
B07QFMNWF4	0
B007T67XM6	0
B00JGBA5M2	0
B07D8LHCYP	0
B00UCRANIK	0
B075JNWL1T	0
B005GW1TK2	0
B01N4N2JIE	0
B003CP05B4	0
B0BHNNQYX8	41
B00JO5DQOE	0
B079G16FQV	0
B01GY5F6A8	0
B00V6RQQIQ	0
B01JOCH9L2	0
B08BYK7YPD	1
B078J7HTCQ	0
B00LTY074K	1
B01EYHVNO6	0
B08Q3P44Y2	0
B089K37YLH	0
B00QHEN140	0
B004624W34	0
B07GSLJ6XP	0
B0B4VDJZQX	1
B07MM8XR7W	0
B001COD30W	0
B06W9FC5QJ	0
B07LFPLW9L	0
B0795KN358	0
B0B7JXLKDL	2
B074N76P71	0
B01MRJOT0X	0
B00AUCQ2YQ	0
B08CZ745L5	0
B08GKV2M6R	0
B077XY5KVH	0
B00YBJZDL2	0
B000FHRBK0	0
B00JUB829Q	0
B01HQPJCP0	0
B08DY1SVCB	0
B00JQAUHA8	0
B0BXGDVQG7	0
B09TR933RK	2
B07N5M93TY	0
B07GZQLDD1	0
B093DGP8GR	0
B09S9T8XHC	0
B09HBCHWBS	1
B09NZMQKQN	3
B07WVQYL85	0
B00UJNRGD2	0
B014AAAF5U	0
B07JKFWBGF	0
B087LYCM5Y	0
B07H2MMMR3	0
B09V7ZPFJK	0
B07DR7N9SF	0
B00KZL5WKM	0
B005OAHK1I	0
B08NVWSRB9	0
B08J4DS9MD	0
B07BGHLSJQ	0
B0BF4XKQJQ	0
B004ANLMNM	0
B089MDZXKP	0
B071KRWC6J	0
B08BN14TJ6	0
B00PI431KY	0
B08542FH6Z	0
B00O1XQJDO	0
B09JWBKRLX	0
B07JKR9YK1	0
B08DL4SL2M	0
B0097R1XW6	0
B00MAU9XHO	0
B07875VPZ7	0
B07D8PNDPX	0
B089SSMDL2	0
B07RWD1T9D	0
B07FJN1L37	0
B07662FPWD	0
B075DY7QP9	0
B07G7VMZKP	0
B07D9T97W8	0
B01JMB8P4K	0
B01N65HES6	0
B01CDUKAPO	0
B01N5THH73	0
B09QJ5PBQ1	0
B076PQFK78	0
B0BBVSTWRD	3
B085NLW3KR	0
B00BPEHQNY	0
B08CZ9TVQT	0
B07B8T819G	0
B00I6AX99A	0
B08GQF133K	0
B00XZ592M4	0
B00LEOX31O	0
B078WGFMZ8	0
B00LMN36Q4	0
B018GUB2LG	0
B07Q8XT49R	0
B08R76V1Z5	0
B06Y6JM1RM	1
B018NSK76C	0
B07DD796Y9	30
B075J6WJ3C	0
B08HQ8FWNB	0
B09PXGHXJ4	8
B00GAFW71O	0
B004RF2TLC	0
B00OU4W8R0	0
B07FPFB5CJ	0
B0B51N5MVM	3
B08DR3F868	1
B0757ZRV1C	8
B0BL174DPS	0
B07YLGYQVF	0
B07DCMMXKB	0
B09J62VDXJ	1
B0058JY5N6	0
B07ZZKRVWF	0
B00LOU5NGQ	0
B09BMJS3XB	0
B08K7JLDX1	1
B08CD6ZMWT	0
B08LH3TNQQ	0
B00NPLTC5U	0
B0742C2SL9	0
B071D1BG83	0
B089GJ3PPV	0
B074WLGNNR	0
B09791HQDX	0
B00SLOBCE0	0
B0992F13GP	6
B00AT8IWWQ	0
B07S18SQ2D	0
B07BPXV95Y	0
B07BPK3ZKS	0
B005NKJ98Q	0
B00DZ0F214	0
B07RTHG8PX	0
B079Z1JF6S	0
B07QM7ZG7P	0
B00E6RPFLW	0
B00967WBW8	0
B01D452V40	0
B089RKD8D5	0
B079YNH3J3	0
B0C2PWDS5N	3
B073Z3BDBY	0
B0895PYHTT	0
B00DFSKH7K	0
B010CVMDWY	0
B004EW5S3O	0
B0B181TTCN	0
B0899R2Y27	15
B07DZTNWHQ	0
B07XM1LX8L	0
B06ZYYM68N	0
B07DYDV86C	0
B0731ZBRC7	0
B07FYD48CT	0
B00RDZOACE	0
B08PY3QVP6	0
B06XWKWTB6	0
B0B4S2KDKZ	2
B07W79S26S	0
B07B6MXY2K	0
B08DHRSLK1	0
B07PSMCZF6	0
B00BSTTVAW	0
B00C2NMOEI	0
B08D3KTYKQ	0
B01F3TQGI2	0
B0BBZXJYQ3	1
B008GVOHFE	0
B077GCHSLN	0
B00S92EQHE	0
B07CZFSXCX	0
B07L7L51BT	0
B07Q3NQZ7T	0
B07N9MNZ8N	0
B078J4V3BD	0
B08SHPND37	0
B087LT3RKX	0
B08X7J3YQ6	0
B00264GJGW	0
B09SBGYS9B	1
B07JYLRHGW	0
B07C9SGH6Q	0
B07BGX74YD	0
B015LCMLQM	0
B08FQR5L3S	2
B08BL1Y5QG	0
B00Y2DHIC4	0
B00HSZ4B46	1
B07C2NMC4J	0
B096BWXXM8	0
B073H78ZW2	0
B00OQXGUNI	0
B07HCCD7NJ	0
B07CSHR14B	0
B07Q2W6VMH	0
B094J3XL7X	0
B00I57ZH9Y	0
B00099CVKE	0
B00CM5OO0I	0
B0BG2VXJKS	3
B018UVOLYG	0
B00KOBOUYW	0
B00VDSD4ZQ	0
B019XKZ51G	0
B07ZH7WJBT	0
B00RMPXWWE	0
B086GLDMZG	0
B0921S85TZ	0
B08P2FMYP5	0
B07X2BL9TS	0
B088M472RS	0
B01AB2BIUM	0
B005BWBNIK	0
B07YS42V3G	0
B00HF15S68	0
B01F6X2M92	0
B015ZKNQUU	0
B005TVJTCK	0
B08YDDJHJQ	0
B01EZW7L8W	0
B07Q3VH8PM	0
B01GJTZGAO	0
B0055WZTRC	1
B06WWCJ7SY	0
B00IO30BMW	0
B086T7FTF7	0
B003JP3AAA	0
B00DV9F9S0	0
B00I31UPA8	0
B00SK4DGKO	0
B08R3HH3LZ	0
B009169P7I	0
B000KGKDGU	0
B07CZW4N6Z	0
B016DP11M6	0
B08RCTF5X2	6
B01KVCLZ2I	0
B002MPPW0E	0
B01B4CYUO4	0
B09XTH4FCV	4
B00ID8SCW4	0
B00Z119SKG	0
B075K64VMB	0
B00AO35N9G	0
B09RW44XXM	0
B08F8PVCDL	0
B00FYV8U16	0
B01KAHF2GE	0
B003NCVDTE	0
B071RBCCBC	0
B08MFM58BB	0
B007R03A76	0
B09XVCQPPN	1
B00QWTGMRS	0
B078J46WPW	0
B07YJNZZKH	0
B08NVJ1R32	0
B07YCY9X6D	0
B07C2SYY6Q	0
B09M3QCXLS	3
B07QH7MC8Y	0
B07RZW7PK2	0
B07SKMGF9K	0
B088YWFQ3F	0
B07DCB85D3	0
B0711SRTFW	0
B09C5VQ6HV	0
B0035QV39I	0
B004VM5WDI	0
B07JLVSBMH	0
B01N39XXO7	0
B0753BXK4V	0
B07MTFG1CK	0
B071RMZSVS	0
B07PFG7M9R	0
B07PXPCFM6	0
B09XDXLWCC	0
B08HRLPY5R	0
B082NLM4PZ	0
B075CZ7V94	0
B09W9RGLV5	3
B078GLXRYJ	0
B07THTQWMD	0
B078X98VHP	0
B0159YYV6K	0
B0751F5QQS	0
B08M43YMR9	0
B072Z8SDJN	0
B0BGNTX2RW	1
B09S6JFMT8	1
B0731F7NMY	0
B0711Z8Y79	5
B09B1MTCM7	2
B07TWKDFL1	0
B01N4H4MEV	0
B00741S5SW	0
B08CY25CRX	0
B075696TSS	0
B007ST6M9O	0
B07K7R28L7	0
B0722HX61L	0
B093C1QR6W	1
B0793LJTB7	0
B00L4595QU	0
B01KXZG938	0
B08H4VQWNX	0
B00SUXG4A4	0
B07GY7QRS5	0
B00HLAJ382	0
B07DJ4JWQD	0
B0765ZC2T6	0
B007223M5Y	0
B08KRTVCSY	0
B076N75SMD	0
B076P6QCK2	0
B07GRLFT56	0
B07ZM7XV2C	20
B002EZ6EY0	0
B017AR318S	0
B07KX3N26Z	0
B087L7L7LZ	0
B003VBJBIM	0
B00W1QTQQU	0
B07D2XKSP8	0
B08FQS2KL9	0
B009WEVQ7Q	0
B00N9SW1A2	0
B09YQC39N9	1
B077GFQ7Y1	0
B0017IMERG	0
B08Z3JVM8V	0
B003KZDHDO	0
B06XZLJFQQ	0
B001C16OXI	0
B071GCKPQW	0
B09LH3GRF3	1
B00U04QN8O	0
B07MV3XDYC	0
B08VTTQKF2	0
B004EYQWYG	0
B076CCG8X5	0
B08NDWWRJP	0
B01MYBQ5DH	0
B00YXPAUQM	0
B08TLS9CSH	0
B09Q635H8R	12
B0B2151QX6	0
B07GP1VR1W	0
B00E19RHUC	0
B074FYKXHM	4
B00SOK3K0U	0
B08DF24BQD	0
B01011Z2HI	0
B00N8POT8I	0
B08L8394KH	0
B08R7VMYPF	0
B00HWZD6RA	0
B08LLBYFFV	0
B08PRY1ZX7	0
B01M59K07R	0
B000GE1L80	0
B07RTGHL78	0
B01M4J03WS	0
B07F1NT266	0
B09C88GDY6	0
B01NBWSUJP	0
B09ZTWSM7B	2
B00INBW5L0	0
B0781S42NP	0
B07BW5QN2K	0
B09WMWGNSC	0
B07N3Z8CX7	0
B011MDT4LY	0
B00SXJQAOU	0
B077C6V771	0
B015IPKV96	0
B00IGU7GHQ	0
B01B5KF9OA	0
B003VYXIIS	0
B00NLJKGSS	0
B01N1UWCK6	0
B00FQE72D8	0
B01LXKK3K7	0
B01M03UHYC	0
B08Z6Z4THH	0
B0789J6XVF	0
B01LYEQZGW	0
B002X791ZI	0
B09FVGLS53	0
B00G4TS6HK	0
B08X3H8TYS	0
B0002M6JB0	0
B0028T044S	0
B006NZGUAK	0
B01IWJG54U	0
B004FN1OUI	0
B01GSTJMFU	0
B01N5M5GOP	0
B01FWLGLVI	0
B01LDMKGNY	0
B088W8LZ9H	0
B00VASA68M	0
B01NBN6SDQ	0
B09LZ4PKDY	1
B01N3B82PA	0
B0BGPSH9GN	1
B0725NL65K	12
B093Y8KDQG	0
B00601KOAY	0
B083QYVRJR	0
B0026KD9PA	0
B07V4661ML	1
B00PZU1J5A	0
B0BT8WNL4Y	1
B00DNHSMMK	0
B00GBQ8EAA	0
B07DQRYFMQ	0
B07FXCTPYT	0
B07HRSR7LL	0
B01549RLF8	0
B07MDF6BM9	0
B072N5W4SH	0
B00YYLWUH2	0
B00X9GSM8O	0
B011WEZ4G2	0
B01EB250SO	1
B07L55C4XL	0
B07HJZRMKV	0
B07PK31PGX	0
B01N6GJHKM	0
B08CCZBPHB	0
B07PXWGJDD	0
B01N8XUH7C	0
B01MCXV5CD	0
B07CY2NGV1	0
B0774ZK98S	0
B00RV8GFI0	0
B0767V7DVQ	0
B01M8QVCKR	0
B08P1MZ7PB	0
B00F8A1IS0	0
B00LFW8VNK	0
B07RBMK4RB	0
B0822VN6ZX	0
B002QQ8IGE	0
B017L6ZOLK	0
B07WTWRG43	8
B095NSTW81	0
B09BYMSH7H	2
B085VPNRMM	0
B07NVY3Z41	1
B01B57PPHE	0
B0761PQWRT	0
B01L8VJ4CY	0
B0033AI30I	0
B07KM1VYSN	0
B0856S1V73	0
B08H276HQR	0
B01N2NONWS	0
B07T7KZ2YL	0
B00MPNQS38	0
B0BGBZ7WFL	1
B0BG95Z7WC	1
B00LMFQ2UO	0
B0087RGAGQ	0
B09431HGF7	0
B09HJJH9RV	0
B0874QXK9M	0
B01A92Z4YA	0
B07PDQK98X	0
B003L8EUU4	0
B07Q74RT62	0
B00IPLRT9G	0
B01MY8AI9R	0
B08T7MX5M5	0
B09521RMTV	0
B09NJKBVV5	2
B091YKHMN8	0
B017USQWHY	0
B07CLDTDF7	1
B01018MER2	0
B07DCRXPBS	0
B00KRFY2HK	0
B00O7JQU54	0
B000H3DLE2	0
B010Y9U2MW	0
B00X30J32K	0
B01EWSDSAY	0
B00B4334DW	0
B008PBO61U	0
B072C2FT6Y	0
B07QLSVCHM	0
B01N9NXW1W	0
B00VY0HML0	0
B01I1B4SVG	0
B074531PW9	0
B06XPK1G1L	0
B08LD4JM7D	0
B071NV42PX	0
B00642PLFW	0
B018IK64X0	0
B0795BQPBS	0
B00UGR56QA	0
B09K42XJ1Q	1
B01A7DPPVI	0
B092VH8WL2	0
B01GCMDSLM	0
B0075243EU	0
B072DZ1LG4	0
B00D5PBX6M	0
B00S0JLGQ0	0
B088DK255P	0
B00HQTBEUI	0
B07PGMGTTH	0
B001E8WJCO	0
B087164KYL	0
B07R3YS1TV	0
B075WXF961	0
B016OV9GQ2	0
B00HFUHV64	0
B01ICJEW9U	0
B087V45Q7Q	0
B002UDCVMK	0
B0714F5GQC	0
B07N686XYS	0
B00YBBS8E4	0
B0159QMTEE	0
B06VV945WT	0
B0779Q3818	0
B08HD178S2	2
B07HSZ1KX9	2
B00BM4IBW2	0
B07MVTYJGT	0
B005I6Q5MS	0
B07XJ99N4S	0
B08VFT1JW8	0
B0039NMEC2	0
B00OWC7ICK	0
B00HHV5MZS	0
B00LXUMD38	0
B07MTXG184	0
B076KGZSPS	0
B00I69CDTS	0
B07WJ17JML	0
B082W7ZSBL	0
B075WGDB1Q	0
B08FM5QT8P	0
B07D7479DF	0
B0757S2NN1	0
B000PAOHCM	0
B07SS71FVJ	0
B00MFEAV8U	0
B01JG1JUTU	0
B00TYWBKCW	0
B00PLQLXTU	0
B073SFQGC8	0
B0CG1ZCQRM	1
B07Y7MK6W1	0
B08HK3LGWR	0
B00DWJ66QS	0
B076BZWST5	0
B0859TL6QX	0
B07V25NJDQ	0
B004YZCZ3M	0
B08HDK36ZJ	0
B097T3X5XW	0
B07J9LB5SH	0
B07DQ4VC5M	0
B07PW3S495	1
B01I42AKS2	0
B0B1DJH84N	2
B07M99MLY7	0
B073Q1MZNX	0
B004NSHIUU	0
B018YNSPTC	0
B07D52QGKT	0
B01GQ3W9RG	0
B07D6SWSR7	0
B07D4KHYNC	0
B07T5D5F6N	0
B075R7JN8H	0
B07SLP92YM	0
B01C5FCEHO	0
B08VGMBB16	0
B00518H7QQ	0
B0072YS9VY	0
B01FB6HYZG	0
B07G281N23	0
B00M1PJJ6S	0
B093RXN8YS	0
B01HIQM5A6	0
B07656XWVH	0
B00IN582G8	0
B08K8HVG2F	4
B07G7WYLQZ	0
B0030B2PAE	0
B08RS4XXVX	0
B083DL8FP5	0
B074CFZGPD	0
B018B8O094	0
B00CPBV8BC	0
B08Z2S4Z7S	0
B00J6ZIRCS	0
B07VCR41CW	0
B014CXCZB2	0
B00F0R67MI	0
B00NTNWX1Y	0
B07GXP4TR2	0
B085RGSZX6	0
B075R6XR3Y	0
B08SQGJSXS	0
B09VYRTLYG	1
B06XHY42HB	0
B00O12O126	0
B07DCMJP91	0
B07QGXWGX6	0
B01594LNMA	0
B079ZLFPNB	0
B01NCYEMAW	0
B07MQX5B9R	0
B07PX481V7	0
B01ACRHJSQ	0
B00JFE58RW	0
B017USO3AW	0
B07HDXK1DJ	0
B00DUSGEV8	0
B004VA58KW	0
B06W2LNCH3	0
B0160OBY3Q	0
B074DQK589	0
B01LO92I78	0
B07P9LPCNN	0
B082HP1KRM	0
B00KBSYW32	0
B07TWCB4LJ	0
B00QTJTISG	0
B00LNH37SG	0
B0041CU67A	0
B001JKRIH8	0
B016O9V8OM	0
B08M7DK22X	0
B07D1KH5D1	0
B0124UKJFY	0
B09W75YM4H	1
B07WHS1G9W	0
B004MKYM12	0
B0BPLL9ZNG	2
B075QKML27	0
B084L9BHYV	0
B018LDDBP8	0
B0754G6PRQ	0
B07Q7M1Q6D	0
B00WLW8JMG	0
B08BFN12SW	0
B01H578N9A	0
B0753Q36Z4	0
B083WL5KY3	2
B07H43677H	0
B07QLMR3GK	0
B0BPP55Y29	1
B08PQJKB8M	0
B07H6YVRH2	0
B07KRTKHS5	0
B085Y7XRCG	0
B01GGX4K0K	0
B09GL5GCSL	1
B0C1GTKLDT	2
B00JQGH5BG	0
B08JPR9H1Z	0
B087RK8QF2	0
B000WNUZWS	0
B01MQRR1NH	0
B07D1DBYG2	0
B09V7YZYLD	0
B07XZ554X6	0
B010N5FQTG	0
B005GXX4Q8	0
B083BQJCBL	1
B00OGNVZYW	0
B07T8131FM	0
B01JOCALL2	0
B01B0HR8YM	0
B008TS90G0	0
B0029XGDUW	0
B0711R28G8	0
B07MGHMXR3	0
B075MPZ83R	0
B01CXZTNSY	0
B07D4FQM2K	0
B00ALYJUZQ	0
B0057DPXIE	0
B01L10KSU4	0
B00DE9MOPI	0
B01LXGIH15	0
B08JYN5TNR	0
B003O28U1M	0
B07JGF8XZX	0
B088LXZVNL	0
B08JH3CJ6J	8
B00REMOJ7W	0
B06XYLNSRV	0
B000FL4G9U	0
B00GY6QLSE	0
B01B5DLP9U	0
B00KME14KY	1
B0046A83ZE	0
B07N5G369T	0
B08KW15Z6D	0
B01EXCPCXA	0
B06X9KYZM9	0
B007RBBKR2	0
B093KTZXJC	0
B07GB6H1ZW	0
B09P8D9QRS	6
B013IZRXXU	0
B0050ALJCI	0
B083DW426M	10
B08KJQ34RL	0
B0082JRQTE	0
B00JDVFLVK	0
B077JZ4ZNF	0
B01N987E8J	1
B07LFVHKSR	0
B07PNBDWWC	4
B083S6NC25	0
B07GC2P9ZV	0
B08JSB899Z	0
B01JBSFARO	0
B06ZYQBBW7	0
B09VG9W4JL	0
B07DXMG5DK	0
B07Q3GXZV8	1
B075PGJ5QT	0
B09KLWDHMZ	0
B081243K5K	0
B08MVJ9Y9Q	0
B0059O9DNM	0
B01AKQCJKM	0
B089QPCVG9	0
B082KKFMW5	0
B01N6GQYJ5	0
B07MTCMD12	0
B07WK3YHPH	0
B09989WDG7	1
B06VSQ5XGN	0
B08QR9RP2S	0
B00313J5E0	0
B00MJYP67M	0
B07CQ82N2T	0
B07N68HF2L	0
B08L6626RL	0
B078488ST1	0
B0BB2W5JXB	0
B07SG8YGXJ	0
B01HIM44FY	0
B08CVQBMQM	0
B08WQ6VW22	0
B077D16MP8	0
B003IT0AZA	0
B01MQND5R3	0
B007X4GAYG	0
B00VKXZYKC	0
B00V1K5X4G	0
B07XX6XZF2	0
B003YS44UM	0
B07MX9TGXV	0
B01MXF59W5	0
B098JYFDRK	0
B08R7755DM	0
B08YYKH2DF	0
B00IWQOVI6	0
B07TF6TY47	0
B089DGDY8Y	0
B07C5YL8T5	0
B06WWNJ3XZ	0
B00B5POFGY	0
B005MEP2XY	0
B00ZGG5GAW	0
B096S4HG97	0
B0BHTQQ1Z7	1
B00P8JKCMO	0
B07SMQ6D26	0
B01BEPFQWQ	0
B00GTIIY4Q	0
B00SM0KQ54	0
B07DGK57YG	0
B08M648961	0
B000V5G7VU	0
B0991XTXMB	1
B09CGMFBPW	0
B002RO2R3K	0
B01HQB1RYI	0
B07F2JK8SH	1
B01FUVSUUA	0
B01425XZIW	0
B00TIGMR30	0
B07PQB2MQQ	0
B08NJQ9WGN	0
B004GOJW0K	0
B01HFCDUK2	0
B00BUM0P02	0
B00MGNHRZU	0
B071FGP7N2	0
B07P5TB7CB	0
B00BBXDIE0	0
B0BCF8QTSC	34
B08HRY69MH	0
B08VS57FYW	0
B08VNM392R	0
B07JCCMKRP	2
B07CR9BKTW	0
B00E4Q1XYI	0
B087823R6J	0
B074RLSFKX	0
B07S7Y73TB	0
B00IY7LDTI	0
B077GC58Y7	0
B07LCWWMKL	0
B071FWH8GK	0
B00CXQ12VA	0
B01KT4LD20	0
B0979K8T8N	3
B07VXNBSGY	0
B014W6FKZW	0
B07MVD2P8X	0
B07K6J7HH7	0
B005K2N334	0
B07B7ZK89H	0
B07ZKFFPG5	0
B00AYS986U	0
B0888C4SVT	0
B07Z6J29Y1	0
B01DBR8DCK	0
B079QH1VLF	0
B00TBTCRP2	0
B013P1706M	0
B01FYFPJWE	0
B018URMSHM	0
B01AYOJ4WG	0
B01DBQ0E8W	0
B00BJN6GKU	0
B07NZY723R	0
B01N0P7UZN	0
B08N1F2PPN	0
B017Y4OHG2	0
B0722ZQR54	0
B0B3JDL7CX	1
B07KYW5RVS	0
B099PJ69N4	0
B07BNBJCDF	0
B015780W34	0
B0BPLVJK14	1
B00NLF0X30	0
B08SHTMWGG	0
B01F1KAX7I	0
B001SASISC	0
B079VM3R4Z	0
B00Q88RNEO	0
B07B8SMNZY	0
B00Q7ADAK4	0
B00LFL72WW	0
B088FGHKZJ	17
B00GJ36ZCY	0
B07ZQMZY18	0
B082PKMSJ2	0
B08GLR16SF	0
B00XWLCCY6	0
B00LI6XIRC	0
B07X212PC4	0
B07JVRW3MV	0
B09TR2HLSQ	1
B00PVDUOO8	0
B00HQA385G	0
B07TRSZP3G	0
B00XB32OLQ	0
B08B3NJJG9	0
B09CKQ8FJW	0
B00L33ODK6	0
B0798MRCGL	0
B078S5S175	0
B002C0CB0I	0
B0B9VFPNF7	5
B07Z4QH6XD	0
B01MPVZSR0	0
B00I3YQ5BS	0
B07CMMSBWW	0
B07VMCY7LR	0
B07Y2ZMGSK	0
B07CVH5Y1T	0
B08W85Q8BZ	0
B087NQBNV8	0
B09MFN7KCJ	0
B07PGBF8HV	0
B07CRSXVFR	0
B01AOYO8A4	0
B0BRB7CQZ5	0
B00Z5PZON8	0
B0BHQC8266	2
B07NZ8NM7T	0
B005WUF46I	0
B01DKCWP4S	0
B089LTP8WC	0
B00AZBNXCG	0
B073X94K8R	0
B081DNWHSN	0
B00307MBF2	0
B009V4F5R4	0
B01JJ4CTHO	0
B09C4KLG2L	1
B00SAQT1WO	0
B00J362F6Y	0
B0972SXG3T	0
B09BPSC7MV	0
B003955TTA	0
B08BP2XRPX	1
B00AQ5VXE6	0
B0130M6Q7A	0
B00ZG2NSNS	0
B071W3KJV1	0
B01N0QMCFT	0
B01EEA47GE	0
B007Q0DGOY	0
B07LD3BZQ7	0
B017DJ7JGI	0
B08DTYWM86	0
B005HGWHM6	0
B07G9LNB4H	0
B085YCLPMC	3
B07MSJWR1P	0
B07QDVWKHY	0
B08F2R3P9M	0
B07VXCWFD2	0
B003JQK318	0
B0741WJCGV	0
B072333FB6	0
B00OES4A7S	0
B07WMNW459	0
B0828VXVFK	1
B08R6YXXHC	0
B07YJV15W4	0
B00IMGP432	0
B08MT959MY	0
B00YGKGE2I	0
B00MIQFBGW	0
B002J6DXLQ	0
B07KDN7F5C	0
B07HFLT82Y	0
B00194CZFO	0
B00Y21U0RQ	0
B00BLQ6NH6	0
B082BGG9J5	0
B07HCG9ZK6	0
B00Y1TRR7K	0
B08MF2YZ98	0
B09255FDBS	0
B005RFQ0BG	0
B09FGJNXZL	1
B00OI0V502	0
B014TDZBV6	0
B074347KJG	0
B00NUB0X26	0
B0B58CVB3K	2
B003E63ZTA	0
B00GPJ1AHC	0
B07F3P6N1Q	0
B07VK4LMCT	0
B07KQM11QP	3
B09V5N8WF2	0
B07ZM5K28H	0
B00HWZDM7E	0
B00CDLDL3M	0
B095233S9C	5
B0172LC6W4	0
B00U8MK2U8	0
B07ZKS6NK5	0
B088GY7KHN	0
B007SNRNKM	0
B01EIKTVGQ	0
B0744CW2X1	0
B0041RS3KM	0
B07QSHQMY5	0
B01M11AVZ3	0
B01GK6CO0G	0
B08ZRQZ71H	0
B01NCWGCC4	0
B07QWL9PB7	1
B01DU5TK1Q	0
B0752HZ974	0
B08MW98XK4	0
B07M6QLRQC	0
B00LWGNIZU	0
B01L6WQMV6	1
B07KJBM9XT	0
B09PLRHYH9	0
B00BGE2G3I	0
B00NFLV94M	0
B08D6J17MQ	0
B00YHB7ZCO	0
B06XGPDNG9	0
B0029F282C	0
B00FFY4FU2	0
B08C2PFX32	0
B0085LZMZE	0
B00MTTZTKG	0
B09N3VQXDN	0
B07N15HPC2	0
B076T85MYY	0
B08JG9KPQZ	0
B018FQQP2W	0
B00CN4T656	0
B0B9MW2BJ5	9
B095CM4F2J	0
B00TA4QNGW	0
B01F4I0KLQ	0
B01LWCOMOJ	0
B079SXRBZJ	0
B07N2VXJK1	0
B00YB1G40Y	0
B01AD159O2	1
B0BG88SYFC	2
B07PQFCTKW	0
B078W3377B	0
B07YJLPJ3R	0
B01HPQSN8M	0
B08X47PSXQ	0
B0748D3JHK	0
B016J5VZ4Y	0
B07SC9FT2L	0
B015GJ3BS2	0
B07FQQNX2R	0
B083QCCL7C	0
B07RJ6RJZZ	0
B074YB4QMR	0
B0C38SD83T	3
B09C2JSNKW	0
B00V4W1OCQ	0
B003VEGQEG	0
B0BW96VF8Y	0
B07QLKVCYC	0
B07CNP4ST4	0
B07RCYMNYY	0
B07KFWKRM4	0
B08S7DBH4S	0
B00CE2T1R0	0
B00DQZ7JEQ	0
B07STVLHJ3	0
B07H3R1K88	0
B071L8VR6Q	0
B088WWXD2P	0
B07F6XVCMR	0
B07F2DWG6M	0
B00QW3LMYM	0
B08CH496PS	0
B097Y3HBFW	0
B07W99S7P8	0
B0084HE4NA	0
B072MTZB1H	0
B00K35H2MQ	0
B018IWT92G	0
B001B78AH6	0
B09PYHYL7F	1
B07GZK9NJY	0
B00DUKFCXM	0
B00GOQ3LD2	0
B01HLRMH8W	0
B00PWZY89M	0
B007MS9ZMM	0
B00YR1OBLW	0
B00SWP9RKO	0
B088ZQYJ9P	0
B019ESBZZC	0
B08P5G5NK8	0
B07MCBRS47	0
B01AQM8MLU	0
B07G35V9ZL	0
B07BYZPMDJ	0
B074VBGMY3	0
B00MO6C4JS	0
B00U69DKHU	0
B00EZT4M38	0
B0174AFLFC	0
B08WRCJ1LW	1
B07KBDTSM4	0
B0773GVFJY	0
B071YR7VYC	0
B01GXT33CS	0
B08GXCK1BV	0
B00Z9X9KTK	0
B01H2O0JIE	0
B008DVDM26	0
B00KYM1AMQ	0
B071L6XDH4	0
B004Y9DBU4	0
B07DGNFY72	0
B07DGR3B1D	0
B07PLJK5GS	0
B07PQJHK29	0
B07BFJWFXX	0
B08GCB882D	0
B08F4935SX	0
B07BDHKF3L	3
B01G0M783I	0
B002MXY9MI	0
B08T4F7NCP	0
B07VC6DPB3	0
B08B4ZB5J9	0
B0067VBPCI	0
B01N1EUHY5	0
B01GJPBVXE	1
B00I1KGTC4	0
B0B493C4R4	1
B00863IR0I	0
B00IK4Q3P4	0
B00EZKSFGM	0
B07YFYJC1N	0
B07GJHQCJD	0
B08KXRB15C	0
B00K3NDCUE	0
B0716QT2X8	0
B07VGMDN5Q	0
B007Y0JEXS	0
B07BTH18CD	0
B0776ZV79T	0
B00RL8DQWS	0
B09MQ26J7K	1
B0146NG1ZE	0
B00OIS8TSU	0
B01IOXUWFC	0
B07PTZ6KXC	0
B07167BLRW	0
B07STZDRWG	0
B0716CNB7X	0
B004NBH4RY	0
B08JZ49XCY	0
B0032RW8DA	0
B085XQD5YD	0
B0032FP0IW	0
B006MI7V0Q	0
B07VGKWWHY	0
B0714MFHP6	0
B07DD7HNP1	0
B0018R18HS	0
B0BLWGPKVH	2
B07N4XPCZT	0
B09B9SXDFV	83
B07MZ66NH2	0
B089GV13GX	0
B01ET3YH0M	0
B07W3KRR4G	0
B07J5RFSRL	0
B07V1XLVN5	0
B089DHRBYK	0
B0BXBDDRP7	0
B07M7X88L5	0
B06X3RRJFY	0
B099JMY619	0
B004JYCIDU	0
B075N4Q8MP	0
B00UY06MFI	0
B08QZYQ45T	0
B01MS9DIYB	0
B011U9KC48	0
B07C7VFJX6	0
B07YC72GQ9	0
B00Q2LA5V0	0
B077J6DKSN	0
B0058XKD8S	0
B0192R3ODG	0
B0B243N696	2
B07BK3TPQ8	0
B08C78VZ66	0
B075H9CX53	0
B07XFPWNHN	0
B08SR1ZBDL	1
B00JRAN4CU	0
B077HNPNQS	0
B07PT7RZC9	0
B00HQ7EQ3W	0
B000H69A5S	0
B004QGXJA2	0
B08SHFRD7K	0
B07Y2X6ZD9	0
B07BSQZ6P3	0
B07F243JL1	0
B07HFBLY3Y	0
B076V6R5SN	0
B07PNP2BFV	0
B074RF137P	0
B01JNA6NVC	0
B072Y5LZPC	0
B009EMNMWS	0
B08BLL9GVC	0
B09WY32M6G	1
B019IIXTX4	0
B07W65XXYM	0
B07T9PRR8S	0
B017BQRMB0	0
B07FYTKD8V	0
B009X3EG1E	0
B0937KMGDV	0
B077TF1W28	0
B094QC2R8Y	0
B07PRW4YG5	0
B00ATXM8QM	0
B09W61R9HR	0
B07NK8PMNJ	0
B072N2FKT5	0
B07Q7XRFRL	0
B00JRVL8UO	0
B07PM1Q83K	0
B0184CEN9Y	0
B01LOCM42O	0
B0B1JJ4VNF	0
B08QYXDW85	0
B00WHV4H40	0
B07WXN9BPK	0
B06XHFN18R	0
B00GBVSN4C	0
B08RDF5RYN	2
B07S3DS6P4	0
B004R1GHW8	0
B0BG9D6DDZ	1
B08T7CYSLQ	0
B07X8YW716	0
B008OQVNVW	0
B00M5KEQUI	0
B06Y5ZTD34	0
B0BVFSTPH4	2
B0BZJB5ZYT	0
B08V7MNMYX	0
B07CT89YY4	0
B07XM5LF6Q	0
B01C5PBLTG	0
B07L6M83WG	1
B0B2CQM9XP	0
B06Y61BFFB	0
B01GW0U3US	0
B00F2273GK	0
B00G3BNHAA	0
B00QH3G91S	0
B001U5ALY4	0
B00YHLU9L8	0
B071NMVD64	0
B083V6BT3R	0
B006209JPE	0
B00QVKC5Z6	0
B07D75PXJC	0
B09YNJN2JL	1
B08BLVXQ3M	0
B010BU85E6	0
B004IFAMXS	0
B07CTQ74S1	0
B079JJD1QQ	0
B07R7641GL	0
B09FLNTSPP	0
B01HCF61C6	0
B08393WQDR	0
B07WWK1CVX	0
B07K7B7CRF	0
B00KIHK6MM	0
B07Z4WT83F	0
B0BHNJWYY6	0
B07CNCGT8Y	2
B003NVFJ9U	0
B095XDFXWY	6
B07H6FMTNR	0
B07TCH6NKF	0
B0126IX1RW	0
B00B9W68BI	0
B00403MWDG	0
B006206LL4	0
B085NNYBT8	0
B089SNFCH1	0
B010MAWX2U	0
B07GS3C1CY	0
B06XXMRG3P	0
B00ZRGVO8E	0
B0763XD8JP	0
B00JGK3QRY	0
B07G446DV6	0
B0919S184F	0
B06XB9MHSN	0
B0C32FHQ1S	1
B00RW2U2WU	0
B08FYQ9DHD	3
B00L9DURC8	0
B09FLD6GBZ	0
B086XX9FKQ	0
B09H72P3JJ	1
B076BBF81Q	0
B09S6HJFP4	0
B075CJR281	0
B01IHIG762	0
B00LBL4LNE	0
B08FDVGYL6	0
B08YYHDJD1	49
B0042G9RNE	0
B08T87NQ6G	0
B06XFQWP92	0
B0962V3P3F	1
B07Q87M8M8	0
B0013LZJM4	0
B07PKJGKZ3	0
B089DZT2C7	0
B004DCBDGG	0
B087PNX5ZT	0
B08LCZNP3M	0
B006091H84	0
B01681NKBU	0
B07F9WG7H9	0
B07J3SXM84	0
B01MQIF3BA	0
B01BUJDTDE	0
B01CO40MUM	0
B0BDQY7F2Q	0
B088P7X65H	0
B08L4B2TZ2	0
B086X5F41G	0
B06Y2734Y8	0
B07YCLX3S5	0
B076LP154C	0
B07NM89HZJ	0
B07QDPDS84	0
B093QNN7F5	1
B01N0IEEWN	0
B00AC61FH4	0
B07XM816YD	0
B000NV6HIK	0
B07BMTW3DP	0
B00EJWX5N4	0
B01FCNB9T0	1
B01N9F4CUU	0
B07R2MXFJS	0
B0BLRXC38P	1
B00K6T68C4	0
B01BTEPIP2	0
B07L1Q2HCQ	0
B00EOB0K0G	0
B00EU7QYEK	0
B01N4NHQPU	0
B01MRKWVLD	1
B07BNZH2L7	0
B001RCUVO0	0
B01LXD5CXX	0
B01LXQWS7F	0
B095RYBKTS	2
B01DPWQVKM	0
B0137DXSXW	0
B085WQM7KC	2
B07PKPMR29	0
B07NVDCTZ3	0
B07V3ZPQ4N	0
B07DHKDB5B	0
B00C411DJK	0
B007P0HDBW	0
B079VSTJ2L	0
B07JF522XT	0
B099NDDRTG	0
B01EKDRVIG	0
B07MP31ZCB	0
B01429V0FI	0
B0038YXC00	0
B007RW5UTA	0
B0812XM645	0
B01LW31VV5	0
B08889S4MW	0
B0B4VQXFWT	0
B0BWD9T482	3
B0071IBN2S	0
B079GWQ9P3	0
B07MTDZFZ6	0
B076PXP4F4	0
B01015PD46	0
B09QKGRR37	1
B09BBDM2PN	0
B08G8DLQ2T	2
B07BQLD1DB	0
B01JTN576A	0
B074P14KB3	0
B07CBS2JKB	3
B00N7KJMOU	0
B0049518OY	0
B07TLJP4NL	0
B00F6QTGH6	0
B09ZY4SR7N	8
B096R6CTFM	0
B07D7T3CH7	0
B07SR188X1	0
B00CDKIKL6	0
B07DCQL3FJ	0
B01BCQ7F12	0
B012HL2TFS	0
B07WD47DW1	0
B06XF9F3QT	0
B079HJW49R	0
B07FRZFR9R	0
B01MXPF31Z	0
B005JBUVJK	0
B077MQ5Q8L	0
B08GFG27MN	0
B005SFPHO6	0
B07BTRNMTH	1
B07YSZ4RYX	1
B00YUUM70C	0
B06XC37M9G	0
B0054450FW	0
B00AHH65SM	0
B093SQWKKH	0
B00N5L68XO	0
B00M3BHVEC	0
B0812CV544	1
B06XJVJM7Z	0
B07KWF96QT	0
B09JZCSZXJ	0
B094P16T8C	1
B086L9P9SX	0
B07C1D72CY	0
B006CRE8EE	0
B009C95YY2	0
B086WYZLRQ	0
B009L5PN9S	0
B009SNFSI4	0
B007XJCCJS	0
B07GRYQ3GJ	0
B00L3FMBGM	0
B0BNHJ6TS8	0
B008YCRG1M	0
B01J99IQIA	0
B01B6QGTMY	0
B073FC5MJH	0
B07YJP7N3M	0
B006U1UXU0	0
B01AF3XLQ6	0
B07121CNTS	0
B00OS4IAT2	0
B00ECF4P78	0
B07H4GXJ9N	0
B01JWFZX78	0
B01L2PNO86	0
B071SL5CD6	0
B01H6PFVB4	0
B07H5P9TFK	0
B00AL2B8UI	0
B07NR6YQMQ	0
B07ZFG1SMB	0
B07RLFJFY4	1
B00OYJQNKY	0
B01HECM82Y	0
B07QJX3JM6	0
B07H16CD65	0
B08T5X8TKH	0
B00V6L15VU	0
B082LVMQXP	0
B01N5V0OMC	0
B001ANYHPA	0
B00CON9HS2	0
B00CZA19SU	0
B0792MF3JN	0
B01G6DJ7JY	0
B00AEIMO16	0
B012FEAVAW	0
B07CXV945J	0
B07Z96FQP6	0
B01N51Y5QE	0
B09X2WF9KJ	0
B07KKLXVSY	0
B07NSGHSFG	0
B000IBZRLI	0
B0915YSY61	5
B09LJFRX7R	0
B01JTMIRFY	0
B00HZ3RHVA	0
B00FZ7DSAM	0
B00G91MVG0	0
B018MUFW2A	0
B004DEQP1W	0
B00KJCWGLU	0
B06Y523W5R	0
B014WX9VCS	0
B0007XD5P2	0
B07847JS3X	0
B014GADXJO	0
B08ZK3Z2XB	0
B01NCBR8EZ	0
B091BZDKW6	0
B013OW004Q	0
B09BQ5QQT4	15
B07QQ56Q1T	0
B018AAX6D4	0
B09WHBG31C	0
B01M72RCL7	0
B00C7419KW	0
B0762JYNLV	0
B00MEB90FY	0
B0090B6644	0
B00LP3JZ5W	0
B00DUK7JQK	0
B07PGPDZR1	0
B00E5I0TWC	0
B09CCNJS8T	0
B019DL12AI	0
B0182UMI36	0
B09Y5KSS8X	0
B072BX4GQ4	0
B0B9JF7D34	1
B01126YTZW	0
B07KQVW8MM	0
B08GS1N3KR	1
B00JVN0JTE	0
B07JDH8LXK	0
B01FGB6ZDI	0
B01CSFJX8E	0
B07CCZW5WH	0
B004KDXE1A	0
B07CJQV4Z9	0
B09N739YF1	0
B07557RZYH	0
B005C96GI4	0
B071XV4G9M	0
B077VVHYMN	0
B00MG3IIW6	0
B07KG7422P	0
B08GGXMPNP	0
B07MYZ4VXM	0
B0BQXDLRK2	0
B09S9XD1NR	1
B00XYYVUFI	0
B00VQRTQSS	0
B00NQ0S4SQ	0
B00HF6K5ZM	0
B078WG6ZKY	0
B07J69HRTJ	0
B089VRF5FM	1
B07CKHV488	0
B07GFCB8QJ	0
B07Z5QM1MV	0
B07S29T59J	0
B0B6FDKGTQ	16
B07445XNW2	0
B09DKLCQTL	1
B07TCB9YF5	1
B075M71RBT	0
B07D5T7TTC	0
B08FWY1CYH	0
B0B522NTXF	1
B07P3FMFGJ	0
B09FQGHM85	4
B09L668B8V	2
B095SBYBST	0
B0758C6S44	0
B09XJBXFQ2	0
B0043VDE3M	0
B01MG09BAD	0
B07BPYBHZY	1
B075SZND75	0
B000CEEW58	0
B001CSZXPG	0
B01IS5DLY0	0
B06WWBFQKN	0
B005UQWUDY	0
B009L4UCRC	0
B00APG8WV8	0
B0936Q3GYN	0
B006G34CZ4	0
B07Q2P643M	0
B01AB1DP9K	0
B07T9LQR6M	0
B0007P4BH6	0
B076CW5728	0
B00CXQEOBA	0
B07ZKQ3T9Y	0
B01IGXIBCG	0
B07GZYPQBH	0
B01KG3A74Y	0
B00Q8YW0XM	0
B01N5TUML8	0
B01MQXR4WG	0
B084FW7CY5	0
B073SDNQ67	0
B07L6RRJ47	1
B01N0T3E0B	0
B0C5KPNG6T	1
B00DSXU9JS	0
B0BRPYGM46	1
B08SQ7MMN3	4
B008GRD3O4	0
B01MDT7W5W	0
B099FCZVV3	0
B09BQ74GP2	3
B01N9BUROF	0
B0B7QW79ZP	4
B00D3RDY9G	0
B07PHVD1PY	0
B07QXT62HK	0
B06XP363RD	0
B0792XWRG3	0
B073PG2CT9	0
B014K51YHS	0
B07G189848	0
B08ZN8Y2W1	1
B00EK4QET8	0
B087ZN1XJ9	0
B09N7DMZFZ	1
B00D87CLU4	0
B07BPM9FFD	0
B07QCVPD1S	0
B00FTBA2NU	0
B01HB6WLPW	0
B07J19TV6B	0
B08DNZ3MBV	0
B01M4QQ7WX	0
B00V3YPM3M	0
B00NCVF95A	0
B075JPPFJ4	0
B007W1YFXI	0
B00CG5TMF6	2
B003XVO2ZW	0
B07FCFM592	0
B081YW2D3N	0
B001ARY832	0
B005JBI520	0
B08PS8PMC5	0
B07TQM5GQR	4
B079Z8SPS9	0
B001P9D4O4	0
B00LHVGZPK	0
B08BLQN3LK	0
B096W5DWD6	0
B00B5GIBTA	0
B01G9BEO5U	0
B08PZC1HMF	5
B083DDLD48	0
B07TXH89F4	2
B00LV8CGHU	0
B01KJIPMX2	0
B00EAPRYGE	0
B003F6RIRY	0
B01FKMFY80	0
B00WMR9KTQ	0
B0118F69M8	0
B07FTKS1Y6	0
B0B12RRWQ6	1
B00BDAJBGA	0
B00G4D0UIY	0
B077J6G48C	0
B07BF96LM4	0
B0159I8MWA	0
B00GX6DZV6	0
B0BY8XWVFM	1
B07L19Q6YB	0
B01EE938NI	0
B07JCGSGHQ	0
B00NBWAZ18	0
B0843CHP6K	2
B07VN23R1J	0
B07Q1138F3	0
B0083IWRZC	0
B07ZJFZCYG	0
B07QH4D67N	0
B00OJQOW28	0
B004KNWAUQ	0
B00STWAAOC	0
B00ITF3WDA	0
B07JKVVRPQ	0
B00JPHJWEE	0
B075483WF6	0
B07T5SYHGS	0
B075F6PX8W	0
B07LB4TYS7	0
B09C296XZQ	0
B00U0HVSKE	0
B09QXVGM4K	1
B08HP841YN	0
B00ZF7ORR0	0
B004UE2LZY	0
B00LT0YVI2	0
B074FWWTNS	0
B08YCRWQB9	1
B07MV1S6TR	0
B0185U1BSQ	0
B07N4MSC1Y	0
B015ONUSYU	0
B00O58I6GI	0
B0108UWN9M	0
B07GBRLF61	1
B07VJMSBCT	0
B01MY1FOGI	0
B07T7YV6XL	0
B00TJFITYQ	0
B08V89JLZT	0
B09ZDZ3ZZJ	3
B000RAQAE8	0
B00ZZMT2AC	0
B00KWKHR54	0
B07D55Q47H	0
B01GH8STAQ	0
B09JVPNMLM	3
B0991RZZKR	0
B08K89KJRF	0
B008KKNURC	0
B09WHH3K3V	0
B07L64QHBC	0
B015W67OM8	0
B06XDDYDR8	0
B0771FD6W2	0
B073W5FR72	0
B07D5GH22L	0
B07LB7LJ7F	0
B01N1STDWF	0
B00XVA6528	0
B091CS86N2	0
B079M5NW93	0
B07JCF4RXC	0
B07QW3GYSP	0
B00LEX48JG	0
B0722ZSMT3	0
B07FKTNZ59	0
B00T9MJQXC	0
B018EZ5KTS	0
B08C594FXL	0
B00A81MNVK	0
B07PRC5NT7	0
B01FR8QBCA	0
B00BQ9TV0Y	0
B09DS4GVMP	0
B00YC1X6HM	0
B00TZXYDQK	0
B00KMA7YAC	0
B07CDD3P89	0
B073RCHW5X	0
B07DM2WDLB	0
B089728K4N	0
B0191JTOPM	0
B007QSQKX0	0
B07S82K6GS	0
B0CCSKDSZP	1
B07L72Q2KK	0
B08K7531QM	0
B08FXDV7FR	0
B017X6NFZU	0
B077V8Q19X	0
B07SRRVLY3	0
B07S2RBGK6	0
B00KPT2U54	0
B0868WKMPM	0
B08NDXJQQB	0
B09BF79G92	1
B001O50X0C	0
B09PH72JM2	0
B00FRR91J2	0
B003N4NCIM	0
B08GXDDH1J	0
B01CJ85XPW	0
B08QM6KT59	0
B07KN4ZXLQ	0
B00Y7YJM1I	0
B09L44CJJL	0
B07CQF1NQK	0
B07QBCXRTM	0
B07YXCMP2X	0
B07DQTJG3M	0
B00R7DDNZC	0
B00GV31VS0	0
B00180EPBQ	0
B08CDSJVV8	0
B0792T1C9R	0
B072L7FFQS	0
B00LALJYKU	0
B01J72TRE6	0
B0BHZQYWZD	2
B0743JB8JY	0
B07S3DKXJ1	0
B00EDSQETG	0
B099161534	0
B07NDHRKLB	0
B017DPSOJ8	0
B09BVYP6H5	0
B09H33QTFZ	0
B07Q49Y7QZ	0
B089K8Q4JX	0
B004OW534S	0
B017XA5L9Y	0
B07TCQWJQJ	1
B09CTXKPDX	0
B000EBM4OK	0
B00K32MI1O	0
B005QVLMC8	0
B08HW4N6JX	0
B0987XVHLZ	0
B019HGNHIO	0
B07N86966H	0
B01DH8ISG4	0
B083JZNSFH	0
B00PFL8060	0
B06Y1VCC1M	0
B000MJX39E	0
B00H95E48I	0
B09YC9M85V	0
B01GZ84BPA	0
B08CS6Z9BP	0
B083JP2WZQ	1
B01H5D1TOK	0
B07NHTCM9S	0
B07PGP8Q7X	0
B07VVBRM7R	0
B00GV3FJ6U	0
B09B74DT5J	6
B01MYYXW0P	0
B00VF0XDSK	0
B00ABSADH6	0
B00KLJMXZK	0
B005UGSYES	0
B07DTWC1J5	0
B008XDZ1DC	0
B07C7ST49T	0
B00CUHU0PQ	0
B004TITMKI	0
B07TWRWLPR	0
B08RNC8FR7	0
B002JCBOMU	0
B09KC473XZ	0
B087WP1C52	0
B09QKNQZC2	0
B01M70CKOE	0
B01N58D4U8	0
B00F8ZH8NO	0
B08C5JSXHT	0
B01G3QDC54	0
B0007D4UD8	0
B078BPWWPX	0
B07RXXMB3Z	0
B074TTQLS9	0
B08C2H5CY1	0
B011MDIFT6	0
B07WWY2F9W	0
B00AZHA3LO	0
B005I3VYKY	0
B075GFV7GV	0
B07LGJ7M6R	0
B082D5RTCD	0
B08NCQ8SB6	0
B07DWKVQBT	0
B07S9WWGNL	0
B008RPPFJG	0
B00TS5A9Q8	0
B083BBQH72	0
B0C6J5J3JX	4
B09D1ZLHBS	0
B00IHVTQ5O	0
B08TM91C69	0
B001B1PL06	0
B000BUKJ78	0
B07G5XQZYJ	0
B08CZBLWR1	0
B077F2P7KV	0
B0159FZXCU	0
B07YFLTBV4	0
B016OY7DS2	0
B0891ZVSDC	1
B089LWWQWS	0
B0111AKRO6	0
B07S68K83V	0
B07YBKGFRF	1
B00AMU0B7K	0
B004QPK4CO	0
B00ZQ6BSEU	0
B07PYW3CY6	0
B0817XCZGK	0
B088C28NPW	0
B09877ZZGS	0
B01D37WUFO	0
B08ZJB5H9R	1
B07RD9CRKN	0
B00TLM7P8I	0
B07MF4W2XN	0
B07GL8G8ZK	0
B07121QBLX	0
B00AZNU8B8	0
B086RTTJ3Z	0
B0756C4C1R	0
B08B4LMPKN	0
B017HY3OH2	1
B00J57W9ZS	0
B07T7WQ9JD	0
B01MSANJZW	0
B00BOWLZAC	0
B019ZO1IQQ	0
B076JMYLN8	0
B07PGTD7SX	0
B06XY6JZMN	0
B00WKRDQGG	0
B0771YBQJF	0
B0B3RSGP9J	6
B09SP6L92V	1
B0BZ48X7JB	0
B000B30PFG	1
B00BXQ3N0O	0
B00DU0KJIU	0
B01CS9S3K4	0
B08HQLG93X	0
B07S4DZKTT	0
B005FK7UXK	0
B08BDR1TMF	0
B01I6XSMFC	0
B072PSPNJN	0
B007W57ISI	0
B07QKS9PKN	0
B08J45TKF1	0
B09HMXWF7C	0
B00BPGY6RG	0
B0951Y2XQK	0
B01F4U0AUK	0
B01MRV8F5U	0
B01CDPE25I	0
B00F4VS14W	0
B002XFY8IU	0
B00JBIM42E	0
B09136THV1	0
B08DXMB3TP	0
B01FTJGG2M	0
B08PZ44532	0
B0748RP43W	0
B00F50IFMU	0
B07CNMTNR2	0
B09KWY6SNJ	0
B09PMC1JXD	0
B07H4M7Y67	0
B01KIJ8MAC	0
B0185T83NS	0
B00TPRSP74	0
B00JGC61W4	0
B075K686LC	0
B09B3Y3QXC	3
B085HJ1JBD	0
B017MRH2YK	0
B00AQLURD8	0
B0BKZF78P4	0
B07DPSS35L	0
B001941YYM	0
B01KF1HC40	0
B07PG8KJ7H	0
B07NPM563Y	0
B07GWGK1WD	0
B008TUQHUU	0
B07YQ443Q1	0
B016RS6MS2	0
B07NQC2WJG	0
B071FGPCZB	0
B01EK73E74	0
B08NC7PPF6	0
B00U85JMM4	0
B00HQLUG1Y	0
B091XVG3P3	0
B08KG8RYMK	15
B00R54UYV4	0
B07K4WXSFD	0
B005AEG4KG	0
B09S3745S2	0
B01LYJ32VK	0
B07G78K99P	0
B00AW69BGQ	0
B017VQ7ZJE	0
B074L9F7XG	0
B00PIM60NQ	0
B08597F6J3	0
B01E6X0BB4	0
B07D5LD4C5	0
B08HT1H3PD	0
B09M913X64	0
B07FMSX2LP	0
B07MNJMZYD	0
B0796MSWX7	0
B07SNPQCJQ	0
B07RKL1BTT	0
B07SMPKSZH	0
B006HCB5YK	0
B00221Q41E	0
B0816H68WW	0
B07DGSWGLV	0
B09HKM9RLD	1
B07BYBNJJX	0
B07D16M9WV	0
B00VX5UJ2U	0
B002KQ6CBS	0
B088WYFQSS	0
B09N1M3LTG	0
B07H4HDNYL	0
B0953JLQDQ	0
B0759JFS1C	0
B071Y2Y1TM	0
B079HW3DG4	0
B07H289G5Z	0
B00QSKEKN4	0
B075T8J69M	0
B00QKMJI50	0
B01LOVMW8Q	0
B005N74M68	0
B00T3M8HHE	0
B0CC2HKLKV	0
B079997S9B	0
B003O2SGHU	0
B01HGMQVQQ	0
B08HCSR88W	0
B09PGD2LYJ	0
B01MXW2WY0	0
B013CKHYH6	0
B0059E6HQS	0
B01BMEJTLI	0
B007Q0KWD2	0
B07FY96JMG	0
B0049B20LS	0
B007TQZJ0O	0
B082NM9QPN	0
B0041D0PB6	0
B07VRQYMNC	0
B07TXQF52F	0
B08JL8ZDX7	0
B00PJEIDYC	0
B017PGJBPG	0
B08L5M573Q	0
5000000064	0
B01DKKHHPC	0
B0183JS15K	0
B00SYMEPK2	0
B00RZXCT7W	0
B09LMZ11N1	2
B009L5WLZ2	0
B01HM7TMS4	0
B01N6KNP5A	0
B00LBOVBFW	0
B00C7PAL3C	0
B07SKWSLT1	0
B07PMMB284	0
B01C4P5RN8	0
B07KS39YDT	0
B07MFLWGKZ	0
B09PTKKFTZ	4
B01GO2VTRU	0
B00MAQIOI2	2
B06XDG81G4	0
B09WX7N5Z3	2
B00TXBRG2W	0
B07JCR1TYV	0
B01A62101O	0
B00QLEI65A	0
B005IXMC4G	0
B01B7OY5Z8	0
B00LV56CNC	0
B01G9BREKM	0
B08X4DXC9L	0
B003BLOS1W	0
B01I8VS8S8	0
B083NBMV6W	0
B07JZ26FFX	0
B00SX61JO4	0
B09639KT5Z	1
B014WC69DI	1
B08XKLLXYL	0
B07VNRHL7S	0
B07BVRGM7H	0
B014J9VXLW	0
B086LJCQPP	0
B01528U6Z8	0
B07GPZ1MSS	0
B016JMPWXM	0
B0BTMDP176	0
B00CHRFC84	0
B0C2KJHXYJ	1
B083K9516B	0
B0711S1NDF	0
B075J257N5	0
B004SGEFNU	0
B094V5NSXK	0
B00BKX9CP0	0
B07JF64D7S	0
B00MJ8ONSG	0
B01KKIHM2K	0
B01M66SL38	0
B07FSNQ2WV	0
B00ESH5B1O	0
B081WF64NM	1
B01ARQC8OW	0
B087N3Q276	0
B01JMJLAAS	0
B01GC3M394	0
B01JQVJX4C	0
B07YF9YZPT	0
B07BQRXJDK	0
B00ETHZATQ	0
B07N382VSY	0
B0BWMY1NMG	4
B00R28TO7I	0
B0997SX354	0
B01LGZ4J18	0
B002HK2DJW	0
B07KYFTQ72	0
B01NH53UF4	0
B081P4CJHH	0
B071CP75ZN	0
B00HQ5I194	0
B09JNTFZTR	1
B078HG9KCY	0
B08M39BTBZ	1
B01GXV4YOM	0
B000POJH8C	0
B07WPM982J	0
B0739P14SB	0
B07X8H4KRJ	0
B07HXV1BR4	0
B00KTAFY0C	0
B00GYIQAOW	0
B07N38GNC8	0
B00P9EMZNM	0
B0CG7J7TF4	0
B08Q7JJJWT	1
B00T3IJJQQ	0
B00JLRJB3U	0
B01F2LV41A	0
B07DMM88R5	0
B07KS1RYPZ	0
B00YEOP8VY	0
B017K3117A	0
B07QGN3H42	0
B09Z8V8V1W	0
B07H1C5MVN	0
B076XSPSKZ	0
B004KSQH0A	0
B007VUJXFA	0
B074DKGBW6	0
B0091CZ936	0
B093DG7T77	1
B00U6Q7EZM	0
B017LC2C0A	0
B096X8TTHJ	0
B06XCYFQ75	0
B07PQ98TZ4	0
B09MKKVNS7	1
B082KQRDCX	0
B00SLIQVY2	0
B01LZ6STWE	0
B006UN6MJO	0
B09PDSPLTC	0
B00GN5NQFW	0
B0058CJ2E0	0
B0C3JPT32P	6
B00Z1EJ9KM	0
B005B8SCV0	0
B07B53N6Z2	0
B08TGRVGV4	0
B01455DYMQ	0
B00SLW3MFE	0
B00GGM7AL8	0
B07Y42STCX	0
B00800AZHK	0
B09L5CS3LD	0
B072J2YFSX	0
B01H06H7VQ	0
B013ZTT8WI	0
B00SK4E2SY	0
B00E9C7W10	0
B01MYZSQ3X	0
B07NF999GW	0
B07BX1YMSF	0
B000E8H8QW	0
B09H6WGYLN	0
B07L1M6YHD	0
B0BYVFWJ35	0
B00B4JLLAE	0
B00Q3DITDS	0
B07P5536GX	0
B07N7HBDBF	0
B09TZJHDG1	7
B00B9ACZD0	0
B0BC4JT1Q6	1
B009UPAGSC	0
B00M0CXXR8	0
B006WTIZDM	0
B09GFGFM3J	0
B07L14F3V4	0
B09MFKBSV8	0
B0012XIVT6	0
B00J64ZG1Y	0
B00YTLOQ92	0
B0052YJCD0	0
B00L297Z56	0
B07RBTBNSC	0
B0827QXZBR	0
B00KKCDCX0	0
B005XWYL3C	0
B089B6M81B	0
B08LKQJ5NM	0
B01N1GR5BZ	0
B00ENHTI9K	0
B01HJVJXMS	0
B0BBH9LKRZ	1
B07CSH4HZP	0
B07Y85HB9J	0
B08CR9R1YV	0
B07H3CH4MV	0
B00VSE9MDI	0
B07CNW6FF1	0
B09T91X9KV	1
B00R7BX6JM	0
B082HMGVXM	0
B00JPQBFQ8	0
B0099NSYPM	0
B00HFEP1W6	0
B08CZNMBDF	0
B00PSFKBGK	0
B076KRZ4ZP	0
B00VKL2ZIS	0
B07JBK5KBV	0
B019DRXJRQ	0
B074QKQQ8V	0
B07DVBW2C7	0
B0036UZNBC	0
B001FKOD1G	0
B00T8PDW62	0
B0C2PF55R4	1
B009L3BG4Q	0
B08FQR5LSJ	1
B07CXL9BHV	0
B071S1KG1S	0
B0987R6RNC	0
B01KK0SMU4	0
B06X3YXJNB	0
B07ZY34DL7	2
B09MF2BJGZ	1
B09QZD278S	0
B07NWGHT52	0
B0838227K3	1
B00FJRISO4	0
B007UNSFO8	0
B092ZR7T92	0
B084WW1GHX	0
B06XGD8YQF	0
B078HFLTY8	0
B07QFRS6QF	0
B01521BR94	0
B016IBK2OS	0
B07T7NWMXT	0
B013GDNG94	0
B07YNRHB8V	0
B01CF57RM6	0
B07D8M8LMH	0
B0050B14CW	0
B07D6QXW1D	0
B07C8N1F7X	0
B0821T4BP4	0
B07G5M4T15	0
B0BYZX7B1L	1
B01GOF6RP6	0
B0010AWD9K	0
B0BR16YNRD	1
B00M3ZXKO8	0
B015GIPYXI	0
B09Q57ZPQR	1
B000XRCBGQ	0
B01167AQCW	0
B08MKYFX85	0
B007PCJ638	0
B0171S3MH6	0
B017JFZJ04	0
B014UQDTDY	0
B01CNMV1OG	0
B0BS3XDHTZ	2
B01D5NKTZY	0
B09VGXN6YQ	2
B002S5GPWW	0
B01M04NWFL	0
B00J0QNX7C	0
B01LW7MKQP	0
B074CF2ZLW	0
B074KTDGQG	0
B003WT14QU	0
B08CTJ1XWG	0
B0832XXLR9	0
B07RM245RQ	0
B00MZHSXTQ	0
B00GYCD280	0
B07YTR5FSP	0
B001QZ6XPE	0
B07V354798	0
B08R34MFDV	0
B08ML8YGDZ	0
B08T5LZ9GC	0
B00BRX9X3Y	0
B08K8HVQN4	0
B07CWP2973	0
B0184CXPFC	0
B00CBQ6VHM	0
B075PZ6PH7	0
B0751QBLHG	0
B07CTBCWGS	0
B00IYT0Y5K	0
B07KS34X7R	0
B07567W92F	0
B00MBI4LSG	0
B08GL3PRDN	0
B005G4X1LA	0
B08CMRZHKW	0
B07CBB346P	0
B07X7FBWDD	0
B07M9WZZQJ	0
B007JAT65E	0
B08PDVGVS9	1
B08L7CQMPH	0
B07X3Q2CSL	0
B00RCYWBYU	0
B07D13CSSL	0
B00PUDO184	0
B000VYZ69K	0
B07DM8V9LL	0
B07R6TNVBB	1
B07TWVQBHG	0
B07HBSCT2D	0
B00PRCZSLM	0
B07FRC3CZT	0
B06X9XGZXK	0
B00HSC0D0K	0
B076HG3VYJ	0
B07H9R3KLW	0
B07RP71WXG	0
B003PC3KES	0
B00FS70LL8	0
B0751L4FC5	0
B005GCCTHE	0
B000UY11HM	0
B083M956QK	0
B075K4CFNP	1
B007CTW64U	0
B07VMJNKWN	0
B00ZV4LWQQ	0
B01N540WPB	0
B00RQE7H22	0
B07GRDTPTT	0
B00M433WT2	0
B00C1WV6J4	0
B09LQDQ12Q	0
B0058Z3AT0	0
B079BY2BFV	1
B0874342KN	0
B0B6BHND47	0
B001947GRQ	0
B00DFMGJ1E	0
B01C3EPWAI	0
B0BGSRVYFY	1
B07PFNXTJN	0
B01H36M5D8	0
B07CCKQDKT	0
B07FNVRZ9K	0
B09S3C1R7G	0
B002L6HCJI	0
B07848Z7F7	0
B094MR4N67	0
B008E5J9O6	0
B08D98DXN3	0
B08FM6CPTL	0
B08R8YBDHH	0
B010Y11UGW	0
B004Q7AGHK	0
B08816HF61	0
B001F7OMY2	0
B07MDMYNM9	0
B00JI530RS	0
B08LZQJCWZ	0
B072JM793W	0
B009XGBDO4	0
B00GS5AY84	0
B01MSDYCMJ	0
B00FYISA4G	0
B0892JBCTP	0
B01N4EZRV5	0
B086176KQB	0
B00CY8PW9U	0
B0798H8MTZ	0
B0842C7816	0
B007K6FOMQ	0
B0B6FZH11D	0
B07K3SMCXL	0
B08KG6BYM6	0
B07CL2NDDN	0
B07PW4T131	0
B01N288WI3	0
B0993RL2V5	0
B00XA7HN78	0
B086759W3G	0
B08S43H5TN	0
B0B7B4L8CS	8
B0BBYJ2M87	1
B014R4H5SE	0
B01EGNVTPQ	0
B01N2YT7HD	0
B07NVRHG7N	0
B084ZGW146	0
B00H78KBIO	0
B01A8Q5S5W	0
B00K59DVAM	0
B0822ZYJT4	0
B07HMGT45G	0
B072BCZ417	0
B07BHJZKGN	0
B00EHYJI1C	0
B00AUEL1EK	0
B01HBRDWRW	0
B07MD8DRXQ	0
B00R6YFN9G	0
B08GS2F8CY	0
B015K1JOCS	0
B096GB9VNJ	0
B0C956M8ML	2
B07CXN7BJL	0
B00M6FTJS6	0
B00C7KEHYG	0
B003I65R42	0
B07NSJ2Q4X	0
B00LXU3DOQ	0
B00CPM8O2M	0
B07942493D	0
B07HYSVQFG	0
B07R498VHD	0
B07D9CDMJD	0
B071GTT78S	0
B07H3PRND6	0
B07N5PC4MG	0
B0794WGH1K	0
B01GIKJ5CE	0
B09QY5BLY8	1
B00PU4R7UW	0
B01HM7TB1M	0
B07D34J4R9	0
B01N0KIOHX	0
B09BP4S3JL	0
B07QT7ZD8N	0
B0047IMOM8	0
B0B5SD3BG9	2
B01MUGZ7DV	0
B07888F1WF	0
B004EUYZSA	0
B0BQGG6SY2	2
B07MCD8S7J	0
B07RPNCP2C	0
B08S6WG8LK	0
B096YYFNRX	0
B00UCRF85I	0
B01C9O7S4A	0
B00J9T69UI	0
B0113RCR8G	0
B005CTCA3Y	0
B07VPK7K5S	0
B072Z8KMY8	0
B076H7F9MH	0
B00PS31ZVC	0
B07NPDNY6V	0
B00PX9PWRY	0
B01M2ZZYBJ	0
B003SNK9CA	0
B01LRQ18V0	0
B08DHG7TR9	0
B06W5GXN8N	0
B00M82WXMG	0
B0C4HXWZCH	2
B0112JKI5O	0
B09VLT9C6F	5
B07LGJNYB7	0
B082SGQR23	0
B00NHVB1PC	0
B07MFRSDDK	0
B079QW5SQ5	0
B085LBDYCJ	0
B004V2967G	0
B08G48GZQN	0
B09L63GLJJ	0
B0048ZBQ92	0
B07FMYDFB5	0
B07HXK3RPL	1
B00ZOYPMUA	0
B09THJ3Z2Z	0
B07H7CQTF7	0
B01N230VY5	0
B01N1YG81J	0
B0029F256G	0
B09C3646VT	0
B08575XD22	0
B07H5194J3	0
B00K8TSNPC	0
B01H10Q9QA	0
B08SMH8SXQ	0
B00JR9WYAO	0
B004988IKS	0
B07ZQNFQSG	0
B000ZKAMJ4	0
B07FYCNCN1	0
B09N9TSG9Y	0
B06XWHTQKQ	0
B086CV4YVB	0
B01IWYFEGA	0
B004NZ6G5G	0
B085ZSY9HD	0
B01E3VE2UA	0
B00XVS2632	0
B00EZKS0T4	0
B00S5DWA0M	0
B06WD5JZQ2	0
B0B7L4FGH3	3
B01GU9OFLO	0
B00KL2J3B4	0
B016MAFEOI	0
B082NG73DG	0
B07CLHFRDS	0
B01N42PI0P	0
B00PDZS11M	0
B088R49TH3	0
B07P7P3Z5D	0
B07B48V7VZ	0
B06X914K1P	0
B07V2NQVT3	0
B0123YHODG	0
B00LGXYDYE	1
B076X37ZFK	0
B07CZ23NNG	0
B07BL5KZSD	0
B07VRSRM2C	0
B08TVBG424	0
B079QTY31G	1
B0BD926PGR	6
B09NLYRYNH	3
B089W29JKC	0
B08CV7M3JM	0
B0BT6P9QZW	0
B01BEMQ0I8	0
B0BFL4RS8R	1
B016RN9NFG	0
B07XRB2C63	0
B00WZOUSFG	0
B01EI8XEKM	0
B01GB1D0MQ	0
B00K91PCG2	0
B09PDWZT67	0
B071R27VFQ	0
B0711SPYVF	0
B073H33LX9	0
B01H43H0MG	0
B0746NQMBL	0
B077XFRY7P	0
B0BN8K1VKX	1
B08XJZYRJ9	0
B07BSSDJ6N	0
B07B9J56J9	0
B076P1BYR6	0
B01BCRC3RM	0
B07C8CWDTF	0
B07D4B52LL	0
B00YG9J7DC	0
B07BQT65X1	0
B0BT7ZY4M3	0
B00I04GL42	0
B083BR74MW	0
B076PCBRZY	0
B004V4P3Q2	0
B073PNZF3T	0
B07L4PGSCB	0
B01BBZ48AA	0
B00EUHM5YI	0
B09CB82RSW	0
B07D42V3RL	0
B00RE3167W	0
B075F615WT	0
B012TW283S	0
B097C8Y2RB	5
B08ND9KLXF	0
B0749MH7QM	0
B00HBWID22	0
B07TL3T21R	0
B09KQXHM17	0
B08SVWYNVK	0
B00SJ7E6U6	1
B07S2JYGH4	0
B0B8G7W6CN	0
B0160IE8QM	0
B01KIKLVVS	8
B00LI2LX3W	0
B09NLNC225	0
B083TWB2Y1	0
B07Y69VBN9	0
B00W48ER78	0
B015R3RF70	0
B07BRVF979	0
B00GP1HECA	0
B01DCLCQB4	0
B00GRIZZ3G	0
B003X4KDKW	0
B07XKY2CN1	0
B07SVX6M24	0
B077Y56XW9	0
B07N1T3YHK	0
B07R22PR28	0
B01AN1LLGW	0
B00HG1BI7U	0
B00L899GFM	0
B0097BI3DE	0
B06Y4KW77Z	0
B07H48Z8D6	0
B00FL7LMZE	0
B09MNBGGXS	1
B00BQMZCN6	0
B013D9LUBC	0
B00I8PMHBE	0
B00827JE5U	0
B08RXX1DSD	0
B00H6NKGDK	0
B087NHH8KF	0
B00Q7R0YXS	0
B076K5R3X1	0
B01E2UZG3Y	0
B00LNRTTHY	0
B07FM4KNW7	0
B00GFQXQKO	0
B07CK6926V	0
B07R4XC7ZQ	0
B0BF6BL7WM	1
B01MQMRIDR	0
B0030FMV1S	0
B09BXTTM39	0
B07RQBD7MY	0
B09NFPQN6N	0
B07PDFLD3T	0
B098RXBPB8	0
B006JUWIZ0	10
B07N1MYBZ3	0
B000BRCZBY	0
B00IEZ1FZW	0
B07G215675	0
B00EJOEVQC	0
B07VCZL719	0
B00646DUJ2	0
B00MV70FQY	0
B07WZCJ81L	0
B07ZSDWSZZ	0
B08YJCQGN6	0
B00MWEM05A	0
B006VRTY94	0
B07GNHHPNX	0
B06XHZ7WDQ	0
B06XWB3P4P	0
B008LYDKA4	0
B00LI4QKEC	0
B00IJ4E2CG	0
B07VHGJF3T	0
B01HXJK6JK	0
B07RHQB44T	0
B077R8B358	0
B082X7G6YV	0
B00YB2JID8	0
B01483LXZU	0
B004IARD2G	0
B0941K2584	0
B00KI26ALI	0
B00EI79DPY	0
B0833ZRGYT	0
B077F34VZN	0
B01MSAOP8O	0
B01DZNDQWC	0
B09JT9FMKB	0
B0893VW327	0
B0815V4P9W	0
B0BCF7J9M9	5
B01GXQPKNG	0
B00TL4NS2I	0
B0072E9TRC	0
B07GV779YL	0
B07W5RD3BW	0
B07LBVN3ZS	0
B078W92WV1	0
B005ZDJYWC	0
B016IO9QVA	0
B08HN2VN8C	0
B07K3T2KT3	0
B09TS518GD	0
B0762FGNSV	0
B008RR16PG	0
B0068INUB4	0
B075G6NY1X	0
B00XP00OBW	0
B01N9LBC3P	0
B00ECIOLS8	0
B00EV1NESO	0
B007JGVTEO	0
B094FQ8K2S	0
B01JJ527E8	0
B07H278G13	0
B00QIQ7GSO	0
B004021J68	0
B07436PR3W	0
B01HAQGZ46	0
B01NCLJUJ1	0
B0BW886NV5	1
B00DH3CMU8	0
B00ATEPCY6	0
B00QC4QLEC	0
B00ENH3CAQ	0
B01HC60LDK	0
B071CMLC12	0
B01LBX9YGU	0
B07227JQDW	0
B08Y8BV4D1	0
B00E6O11HW	0
B0719CLHR2	0
B072HK953C	0
B09D8VL51S	1
B014VH1BE6	1
B07KY5W76Z	0
B00J7S6QE0	0
B09Q5GJRWF	2
B076CNF63M	0
B01EHG4T9A	0
B003EENDQW	0
B07D58YHBS	0
B06VSX5RR4	0
B07FTVCCRF	2
B07Y32DYYS	0
B0059RWYRG	0
B01KJ613TQ	0
B087FZ7XQT	0
B089N59RVC	0
B0045XZMBA	0
B06XZ2JG95	0
B07QW75LQ9	0
B019YP9XFO	0
B09ZV3RN4N	13
B00295I1M8	0
B08CC5HLS8	0
B01J278RMO	0
B094N8DZC8	0
B07MDNYX62	0
B098QNWZ8F	0
B004CO4X5I	0
B07C36MMC5	0
B004HN7KNQ	0
B00PGRV1A0	0
B08CDMDGFW	3
B07KYMF4D5	0
B07R4KTTPT	0
B099RP2H4K	3
B0B71T4L93	7
B01DKXULIO	0
B097PKF1RC	0
B01MZ4UZL0	0
B0BWRJJ5P6	0
B000KD7WL2	0
B094Z5V1Q4	0
B07HC5ZMH3	0
B071HGV9NH	0
B0BG5635KJ	3
B07SV4T3J9	0
B08938H44N	0
B07LFR1PHZ	0
B00E1LIY4I	0
B00JYOPVCK	0
B0053Z35KO	0
B0B5VN4P5D	1
B09JRPXY64	0
B082QXZC8Q	0
B06ZZDXD3K	0
B0BZFMBB6T	0
B00RL67S7O	0
B09R9FXWDQ	0
B07MJ848CF	0
B093L5MMPP	0
B0BM678MPL	2
B0757LPJM2	0
B00E4N07B6	0
B078X9PB72	0
B07WTW7XSC	1
B000WUA4AO	0
B0789F5GF5	0
B0099O1NQS	0
B07VFD59Y8	0
B094R5GB2F	0
B01H2AT72C	0
B00SX3LPV4	0
B00YTFU5UC	0
B08T6DHVGZ	0
B00IX26MUE	0
B01INVHBEU	0
B0BKYBNL67	3
B01MSJ7PMK	0
B010L2CW3E	0
B00XQPEDO0	0
B00NONW05I	0
B00FFZBV1M	0
B00CAWKDFI	0
B07YJMRDSZ	0
B00KVIPDYO	0
B07WLM8KS7	0
B076MHWTYB	0
B00EEI2CBO	0
B07KPYM95D	0
B01H2HYD5Q	0
B07N46TTYY	0
B07KW31YGZ	0
B08X12YCD1	0
B079NXVYGB	0
B095XTHZX7	0
B0834YNH2J	0
B005APU78U	0
B00FJJX69E	0
B0BJF8YR1Q	2
B07QY73HRM	0
B019DU687Q	0
B0186CXP6O	0
B005CB6YVQ	0
B07BMLBJGV	0
B0109IVD8K	0
B002MCZKFE	0
B089NDB6SK	0
B093TK4G1F	0
B07VRTD5YR	0
B01I2BXYU6	0
B084142BNZ	1
B08PB22JL1	0
B083B7S3C4	0
B07HF4N6FY	0
B09GVBCD6Y	1
B07N2RJKTK	0
B07NQ67JV7	0
B08P2TX6XB	0
B07PV6RXJ2	0
B09VRS7ZDV	0
B007OSK0HO	0
B09WLCWTS7	1
B07BGZDQS6	0
B09NB67R3X	0
B0864RBSD7	0
B00ADVC6LW	0
B07TJFM2WB	0
B0827NDMB2	0
B0828L7FJB	0
B07S6SZDM9	0
B06Y1NBKJX	0
B0BRKJ3SKD	0
B00TWLC17S	0
B07JMNLF4K	0
B07D7K3C9D	0
B01DTZM7JE	0
B084BNLWX9	0
B09SY19YJ9	0
B08TB3W7W7	1
B014DU3GCQ	0
B07RMC8YKY	0
B08576BP9W	0
B08614HJVT	0
B0B8H4V7KF	16
B01JBC815I	0
B01N1FKCQ9	0
B07PRQY46L	0
B00GSTR88O	0
B06WD8R2GK	0
B01KUUSEO8	0
B01FK59ORY	0
B07BNQT565	0
B005ALFPEK	0
B07ZCM5S4X	0
B07S6R39BK	0
B0B3KY224S	0
B00H08DTFS	0
B09L4BZPKZ	0
B07G47C934	0
B000K6OWN0	0
B074GMGC2N	0
B09HC2DD8F	1
B0BBNCPC92	3
B07TCWMRSW	0
B00DY7WT7I	0
B01EYHUTLY	0
B011INL1WS	0
B09LZXPFRM	0
B079JZ3GDX	0
B08G7YQ1NS	0
B07VZ1D6P4	0
B095XX57RS	0
B014BSE3NQ	0
B08DXV8WR3	0
B01KS9DYUA	0
B075DLN1ZJ	0
B097BK8JBR	1
B08146W9W8	0
B00T70F45U	0
B07VQCVW8H	3
B0B4JNP669	1
B07XQY112X	1
B07GLNTC6Z	0
B008LQ4VGO	0
B07WTPDKHN	0
B0B14D2RJ1	1
B06XF5DYQ9	0
B07CZ7JXLN	0
B07RZC611P	0
B01MA1YDW6	0
B00U64KMC6	0
B00PY4XCIO	6
B001MIYYH4	0
B08HBPZL3J	0
B01MXTKKO8	0
B07WP4KG63	0
B0B57PR1K1	0
B07GQ6M3P5	0
B01B3RSK9Q	0
B00R2MV57Q	0
B01BHTV4IE	0
B01LYHFVOF	0
B0725W5MCB	0
B00INXTUZC	0
B07HC6W65H	0
B079Q4GF7Y	0
B08JTYNYW6	0
B00XLCPSRO	0
B08P7Q5J8S	0
B01N6P6LOT	0
B08LPS431B	9
B09Z8YGG4M	1
B00IS00X6K	0
B07HKJVHLL	0
B07HF3RTCC	0
B07CRZ28C8	0
B07K2JJ21X	0
B00LFVE90U	0
B07GRG3GG7	2
B072L15XKT	0
B00SNKUHFC	0
B00HA13O3W	0
B07Q8V9LHB	0
B082S7GPRJ	0
B01HIV6SPO	0
B00TL15AOU	0
B07QG3WD68	0
B09K8Z4MMS	1
B09PZXZH2L	0
B0C2TZXDNP	2
B07VC81P33	0
B0796RDN1B	0
B08CR5MN18	0
B01FVXTTTI	0
B07FGCGHJR	0
B09B49PSZL	0
B0943MTYCQ	0
B07W2VQ5T1	1
B00MTHBSOE	0
B07CV2NB8B	0
B00S1JY0EO	0
B09SYCJK9G	0
B07NQC7TF1	0
B003XRKMT6	0
B004SEPCES	0
B08TMKKFF7	0
B00NVZGDN4	0
B09M83HW4X	0
B06XR9XTTN	0
B07JVGNPL8	0
B07VV9LWL6	0
B000AMPHC4	0
B07S19YKBG	0
B00CJ4LVWG	0
B01BHDRSE4	0
B079NQSKRG	0
B07WRDLKK1	0
B0775Z2GTC	0
B008J4G92M	0
B00KV7CERY	0
B08RXX9LR7	0
B0713SRLP2	0
B07H4SXPX7	0
B005OTVIHG	0
B08HKYNYK1	0
B00RV94NP6	0
B07B68CLY7	0
B08BDYGJDG	0
B0BS2C611R	1
B00UCI0YOC	0
B06XVCSH8G	0
B08MD2KQ67	0
B00AK8SFPE	0
B08G26Q7GX	1
B08BLTRJGT	0
B01MXLBXCO	0
B08J7YYRRG	0
B093B7C89N	0
B08DNHW229	0
B007VHX0RA	0
B077XN5RDK	0
B018S9VM24	0
B00AZHJOB4	0
B001F51Z2G	0
B07JZ6WW8N	0
B00DQYYTFE	0
B0013HSXVM	0
B07RG8C8W8	0
B018782086	0
B00D1R4O5Q	0
B00G4FG6C6	0
B07SXBCKM6	1
B0772WZ6XV	0
B07DWN9QRZ	0
B0757XL6BC	0
B07QLWCLDV	0
B0B7652Y8W	1
B0BN8L6L4H	2
B008RPB8CO	0
B000I0DVX0	0
B07QXK6GPV	0
B0BC82NRNB	1
B07VWQKHZY	0
B07X9SXG5Y	0
B07DV5F4F7	0
B07CVSMFX9	0
B077NT46YT	0
B0789CQ6GD	0
B07D7V4LFH	0
B0BC1HXXXY	1
B09D96W56J	0
B0081LE8YY	0
B0964FMV97	0
B077ZG1P74	0
B00HZ3SYEO	0
B094CNV5B3	6
B01COK9CWK	0
B07JLHNGL9	0
B07FNMYSD7	1
B08NVZCLZ7	0
B00JON3BYQ	0
B01N14Q2AR	0
B00V6K99XM	0
B07K4SSXCT	0
B079K9QNGT	1
B083B1Z8BM	0
B083B72RB6	0
B078HHGVV6	0
B08R5RW66T	0
B012DXWOVE	0
B00AKQ2S54	0
B007FPQ1MY	0
B01D58AAGC	0
B07PMRBRRJ	0
B019COJYME	0
B003W7OBZI	0
B074HFWL2D	0
B072R3KKJX	0
B088NLVQLJ	0
B0010KTB1I	0
B089S9C81L	0
B075YXLZKX	0
B09L11FF8K	0
B07FNTYC9W	0
B00X6PXGP2	0
B0BFPKR21B	0
B07L4BWF3S	0
B0CCD37DTM	0
B09FM5DJWQ	1
B07BRPSVYJ	0
B000FJOT1M	0
B004IPR4Z2	0
B0BRP35PQC	1
B01MDNE22T	0
B07SVG5T9J	0
B0799Q7PVJ	0
B077SPXM1T	0
B07V3V8ZL6	0
B0167YO3O6	0
B08SBHX9V8	0
B01JUJSIYG	0
B0B9VNCHR5	8
B09XMJYFHL	0
B06XKBDVP8	0
B07VRS72S2	0
B0083SBWZS	0
B074Q2L91D	0
B001MA6AWY	0
B083K58C3F	0
B08YY4DMS4	0
B004TG4WZU	0
B08YJBC94T	0
B072BXTZCN	0
B01KV15KDO	0
B00FL4GYBO	0
B078TFZ9G2	0
B09J8TSRNT	1
B0B41RG21B	0
B08R19R9Z7	0
B08MHWFY85	0
B0C6ZTP86N	1
B07M69WGBS	0
B005OAZTVG	0
B09DYNY1DJ	0
B07BHR369Z	0
B07XHGQZ28	0
B086KWHPGK	0
B07HGRT4BV	0
B00AQAACRU	0
B01C6VQYK0	0
B085PQW3YC	0
B00UP4K2FY	0
B095MYZMBJ	0
B081KQY9GT	0
B077RQ44P3	0
B016PEKDE2	0
B07458CR82	0
B0058TAO4U	0
B00NM5A3UC	0
B0077HZXVU	0
B00DIF4RXK	0
B0BFW1TQH1	1
B0921DXWRZ	0
B07932CBBT	0
B09V81GYJY	1
B07CZ4SZW4	0
B08SQ3G9TP	0
B09S2ZN85R	0
B00DR9XT1S	0
B073RYWRZ8	0
B01A9RGHL4	0
B0BD4QJ21V	6
B07B6QJRK7	0
B003AOBTK8	0
B07WG9XJDF	0
B07YCMFD5Y	0
B00T4QED3G	0
B07SJFQ2TR	0
B00AKB4EL0	0
B00EJABH6I	0
B009AH3HLS	0
B0038A1A0I	0
B09KYB7J9K	0
B01MFBT8ZM	0
B084ZWRF4L	0
B01MT6BA2U	0
B09N71G4FM	1
B000SE8FIM	0
B00J5CVJD6	0
B08ZDQM7CP	0
B07H9YVZ35	0
B00WLT65A2	0
B01M6ZMNFK	0
B07G1XRCZ6	0
B01MQP8GUW	0
B088B5V3D5	1
B08XLHY9ZZ	0
B07MZDKCBZ	0
B01HDT1Y9G	0
B085116GNH	0
B08NJLMJFM	0
B00E1SX7IE	0
B007M8UMQU	0
B0C28JK5W6	0
B06XB66M62	0
B00ZC4SRUE	0
B078NHVDD9	0
B0728LKSBD	0
B07V2JCCD4	1
B01NBE0JE3	0
B08SQX63LP	0
B014J2QKGW	0
B00PY09XN6	0
B08V59BN3Z	0
B005FW0EV8	0
B07FK1JZKZ	0
B00T42BMW0	0
B08GG6P5T3	0
B00YIZFW7Y	0
B06XQ3GRHR	0
B07V1VZG5F	0
B004GGU9NC	1
B073XTGY2T	2
B07HDZQ5NL	0
B07Q4ZWDBC	0
B007K0Y2E8	0
B078Z1V46Y	0
B07QVZJ2KQ	0
B07TFNMTV1	27
B07LCGVWK1	0
B08WWP6W6S	0
B01LWLW53A	0
B011L6VI7K	0
B07TLJH32Y	0
B006FFSVPK	0
B08MPRTG19	0
B07KRH5ZMQ	0
B01LZ5ZJ7S	0
B09T6LP25D	1
B0821XCLZX	0
B07FBJFLKN	0
B07MZR9XXC	0
B079STDDWB	0
B082X3HY73	0
B07LDRHV7D	0
B08FDCQZR3	0
B099RSBJG9	0
B01F3VT5B0	0
B00DJQS95K	0
B07ZG7CXX6	0
B07KPVC75Z	0
B003XU3U92	0
B09DSNJM2Y	0
B008XDGPH8	0
B07FXHSHKC	3
B08D8VV979	0
B089VW17CM	0
B00AM149YK	0
B07R54FSD9	0
B08XBTGV8K	0
B07NF767C1	0
B0858VZ4GD	0
B07CCFVXKM	0
B095GY32LJ	0
B01HQFW9OG	0
B0053X4ZYQ	0
B078RNFWWR	0
B00PV8121M	0
B07JGDBN8H	0
B0C4KLL71N	1
B004KSQOI0	0
B00RB96JRG	0
B086RP3359	0
B08L4Q6TKV	0
B00BUFRWZA	0
B07Q4RC88B	0
B07T45NK33	0
B09FPCHKWW	1
B010FRKXFO	0
B00V7IV60C	0
B0B6VK1XNY	1
B07R572W29	0
B07PQRJHLC	0
B08H875MMP	0
B07GKXTQQT	0
B01MRIRZL2	2
B01M3U36YI	0
B00IZEHEE8	0
B0C3QNR87N	0
B004XF7NH6	0
B07PK1D726	0
B00H9JI3AY	0
B09TTTCCXR	0
B07ZN8DS72	0
B08G27P6HN	0
B0814KVFM6	0
B00UUGFNR4	0
B07PN4KZSC	0
B00TI752ZY	0
B00QCOKAEO	0
B0BW893YF6	1
B07PZJT27J	0
B00C14ITY2	0
B009FL7LZM	0
B0B12KP4LW	4
B003WO8ZYY	0
B07RKLNJH5	0
B00L2IOVJU	0
B073HBLKRG	0
B083FN89LV	0
B0C8WM9W2N	1
B00KV9WBNY	0
B08LZJ63QC	0
B006NZ3POY	0
B01LYYFQ04	0
B087TPNC51	0
B013NP2HFE	0
B07FNGN37G	0
B00UAHJ10S	0
B0132KADWE	0
B014E96UA6	0
B08NDR6878	0
B00HF6YCBK	0
B06XK332MS	0
B00WUPFYFO	0
B01JKEGWFS	0
B07SYX58T2	0
B08H2BDM46	0
B00MWCS2OK	0
B003V4B9BQ	0
B002LZT9NQ	0
B0043EWWO6	0
B078PZP9RP	0
B0768C9ZGS	0
B08G8R4962	0
B01F1ZUDMI	0
B0814ZMK38	0
B003HFAIMA	0
B08P89RNTG	0
B00FITO44G	0
B06XRWJFXV	0
B07FR49R3H	0
B07P9XYZ9J	0
B07G4FMZML	0
B079Z4974W	0
B073SJLLKN	0
B004GUE3Z8	0
B007TSJWN2	0
B0029UTT7Y	0
B08FHNFQJH	0
B09TFHCSKT	4
B09GNZCMQ7	0
B07NSS86WW	0
B06XYN3PL7	0
B00SKWZJE2	0
B00NJ6EN5A	0
B00KPOZ394	0
B0B39BGPX6	1
B07QH5HFVC	0
B08NTPSGJR	0
B003XNTAGG	0
B09PG5T16S	6
B0868VHGDC	0
B0B3WSKVPK	1
B00WGAJP2G	0
B0B5M7N2LM	3
B00UYRM3EA	0
B0BCJN51LV	1
B07VVXNNY6	0
B00MCYSC9S	0
B09SG24KNL	0
B08926CQNM	0
B00RDU8I5O	0
B08BRDGWL4	0
B08VDZ1TDR	1
B00IY66CWW	0
B004N84PB0	0
B00823JIFA	0
B093D1RNHS	0
B085DLNZCK	0
B0BZVB5V2S	12
B0813V9XCX	0
B079LZ8PKL	0
B00XD20LZG	0
B01JM6SB1C	0
B07DGW6RLD	0
B01MXYW3DX	0
B097TKXKPK	1
B00AZE9E12	0
B0015HKBMY	0
B07J4HT1PB	0
B08HVK1NYK	0
B00OZGZPNM	0
B00FFI7IFC	0
B074Q3RDKR	0
B01M18TOEH	0
B00M09I0HE	0
B00CKXZU6Y	0
B07HC6SSZP	0
B00G0MET2W	0
B095J269NP	0
B0046IFNWM	0
B0784NX5SP	0
B00INUPODW	0
B08SF53TVP	0
B00DJTU1K8	0
B00DEVNLRQ	0
B01LX5XDD1	0
B07PD1YG5Y	0
B0B7JH3FC1	1
B07P7VNQMV	0
B07TXDQR45	0
B07M5T1M93	0
B087GHBY58	0
B001NQZLJK	0
B09P7864Q5	0
B075MPSJT3	0
B07CRVJ2LM	0
B0167ZGOG0	0
B07R6GPVVR	0
B01M1R9PGW	0
B074LC3317	0
B08L11R81P	0
B0C6LBSTNB	0
B07D7TQ43F	0
B091487TWR	1
B00RC2D4UW	0
B07DD5QGQ7	0
B00LZZIBE6	0
B07CGZ6653	0
B07CR7TQJV	0
B01978WA9E	0
B01BVDUBVM	0
B000HUTD6A	0
B00MRI955Y	0
B007E94BK0	0
B07RMTSX1V	0
B085YTZDX9	0
B07Y1VRRXJ	0
B01N9CJ7A5	0
B005CJUFQI	0
B01N1NC1D8	0
B08MT6XH3Q	0
B09HNTMLXX	0
B00BCK4M8I	0
B08FRCVZFM	0
B07T1SD5PX	0
B00C3YWUZ4	0
B00OK85W74	0
B079QKLN95	0
B077TK53JZ	0
B0C5JQNWRJ	8
B018WUTMRG	0
B00I5TM1AK	0
B08DBKHG64	0
B00QXB6WSY	0
B0083RK95I	0
B0183B4C7O	0
B07PLVK412	0
B07JG2ZNTT	0
B005DN2O30	0
B07PN6CDT5	0
B07GCKFRN6	0
B07XZKHDT4	0
B079RXRK4S	0
B078WGZN2N	0
B0998CPDSM	0
B00QVWGU82	0
B08CNGCTQ8	0
B00FPTWSA6	0
B07VWCZ3NH	0
B01BU3G2N4	0
B092QJQSJR	1
B07PNMTXMX	0
B08H5FLRGS	0
B09Q2XKKQ1	0
B0071UNHSO	0
B07FZ13BKH	7
B00PAS2ZNW	0
B01BG1SQRK	0
B008FU5HR8	0
B07WS3QVYB	0
B08FSRJR6K	0
B0BV2CBYJH	3
B07YV95MF9	0
B007H4P57A	0
B081876LND	0
B0B3C5ZSV8	0
B00B2PN7MK	0
B0173P57AC	0
B08RDCR6GJ	0
B09PDMXFJ1	2
B07MBFFM3B	0
B07HGDQDT4	0
B0728B3X79	0
B07PCPTMRD	0
B07WTQDHKN	0
B00HQTD0Y6	0
B07KK9ZP47	0
B0B4DTB5WR	0
B07KYWP4S9	0
B09Z3VMD64	0
B00LHBRXQK	0
B00C77XX9O	0
B09MN7FVXP	0
B09QMM6HVG	0
B08B9RCFVD	0
B0058WYBUK	0
B08HD8T98Y	0
B08F7FWVYD	0
B014TMLGQQ	0
B004KKZ1B4	0
B09QHWPHSM	2
B01MDM2VBG	0
B07PWMY7MF	0
B07TGG8GTQ	0
B078K2LZM6	0
B08CT69VRX	0
B0086ZP47A	0
B07HQ5KGQM	0
B01F84MUR8	0
B01INB3YZU	0
B07XCWLTKB	0
B07FZVKTGT	0
B001W3FF9A	0
B00MFMDPK8	0
B07TYMQ2SD	0
B07S51ZWSQ	0
B010OTT2K0	0
B09JG9KTPM	0
B0000ZSJA8	0
B08HRF95DQ	0
B009O0N48W	0
B09HJYRMDD	0
B076234HQ3	0
B074K35W7F	0
B01NCKB9XJ	7
B0823W19C7	0
B01LE94XVC	0
B074LSB4R5	0
B07KBZJBXV	0
B018XWX7J2	0
B079Y63FN6	0
B07RYS77XQ	0
B07NPKSPJZ	0
B01DY3NK9M	0
B072BCFH1X	0
B07DC38199	0
B09D39M6NL	0
B081PTT6MW	0
B019E6SK3Y	0
B002GYX6O0	0
B0087D66MS	0
B08VGS3P13	0
B0B5T16BTB	1
B08VDBVSQZ	0
B08FSWZLG9	0
B0056EA9D8	0
B07FHF73YF	0
B00RM4VR22	0
B07NVT2P5W	0
B00P7TZ0UO	0
B0716MHJJQ	0
B095MR3G59	2
B0811PL2PV	0
B008B0JXQ8	0
B0096E5DWQ	0
B00A8H0WEO	0
B07YSTGQSQ	0
B07Y2NXTHB	0
B00H5ARR1I	0
B08LM3MLRK	0
B00M0XVVNU	0
B00XDULQQ6	0
B07XLWPY9F	0
B07L8Y63VB	0
B004T735C0	0
B01KFP7OIK	0
B078GDJBT3	0
B08PQ347C7	0
B0B3MZ8TQ2	0
B013X1YY7C	0
B0BKPP4162	2
B077Y5JD4L	0
B00LAJSCBE	0
B01H744VQU	0
B01N7CL609	0
B07CKW7BRZ	0
B01GMNJNOC	0
B01DBL3RA4	0
B09F39RZNB	0
B00HNFLJD2	0
B00KPK9RAE	0
B07MGGN4NC	0
B074TTJYBZ	0
B01E71QI30	0
B07ZG4DZT4	0
B00OQ4I9SQ	0
B082ZVF1LD	0
B003H051Z4	0
B010AJ0096	0
B0752PR87N	0
B01E1410F4	0
B01MTIUSD9	0
B01ALRRPFO	0
B075N9D1YF	0
B07MBVP9HP	0
B07G85B33M	0
B01LDZSY8K	0
B01LW2OPTZ	0
B08FZVX7FT	0
B07KX87YQZ	0
B07D49Z4Q2	0
B01LWNNQOX	0
B08K3KW521	0
B0089FJ4Y6	0
B07XYYKQQ5	0
B003R4Z34E	0
B09PNGJLVB	0
B088LR6KTG	0
B00BXS26XW	0
B07FLWNP2S	0
B0811N446B	0
B08GKNFBYS	0
B07W7NTN8J	0
B08MV7NMCW	0
B08QJHBJVW	3
B06Y5TL9BJ	0
B006DU3LOS	0
B092ZHMHFK	1
B00PXU8MJ8	0
B01M4OJJ3X	0
B00JE9YDD8	0
B002CZQHWG	0
B085Q6XFMD	0
B01A4C5QUM	0
B095YSPYBR	0
B087GK5X2L	1
B09FSX9NMW	0
B0719H6662	0
B07SQ54BBJ	0
B08TGT2NCN	0
B096MGBP83	0
B08C9YTFW9	0
B01N8P9FYV	0
B07BDPLZQJ	0
B074NDN62J	0
B01GNH4YEQ	1
B0193DGHJC	0
B00JN63UJ0	0
B09TY3HCX1	0
B007QRBHCU	0
B009T56VNW	0
B077FQBRZX	0
B01D4NL7I8	0
B076PK3MDY	0
B00YV55D84	9
B099J5YWNQ	0
B078CYWCWJ	0
B005OT0YPS	0
B079PRF5LX	0
B07YH9PC3K	0
B09X7H75Z4	1
B074DTR1DL	0
B09LT1N9GV	2
B07VMXSM1Q	0
B06XSVS69W	0
B00EARU2CK	0
B07R1T5T4X	0
B072C8T9M5	0
B07115X6L6	0
B0753DFJWW	0
B076BSL2M3	0
B0084DNRIW	0
B07YV4X6HY	0
B08PJYN2CS	0
B07KRPLCGF	0
B0744MT654	0
B0798NC8CR	0
B01A6MZ0A6	0
B073Q3KS6Y	1
B081F5DSV5	0
B09VB627B2	2
B007BYOZEA	0
B0C6F6FZRC	1
B00MUAQCQY	0
B09DPCDFQ1	0
B096NDXZ3X	0
B07RL3NJR5	0
B00I98DC7I	0
B013CFHJSK	0
B06Y478FKT	0
B00LI0241O	0
B018FD2D2Q	0
B07VHHSX1J	0
B01MYR7XQG	0
B09259JDJG	0
B08C4KQM7S	0
B01FWJSSO8	0
B0059HJ6W2	0
B096BCG6F2	0
B07S7Z3CMK	14
B07D9JCMDW	0
B0BJ9WJMLW	1
B09CTRYNJ9	0
B07TGSMNBT	0
B07QF84J2C	0
B07J2N4JNF	0
B002KE4NT8	0
B001PGW6AK	0
B01H61BY8M	0
B0BR37HVLR	10
B079VSJLZB	0
B07GP29598	0
B07H257ZGS	0
B078H6VK3C	0
B07S46TG2H	0
B08Y1VVMLR	0
B09R4K5SFD	0
B07KF4D6X6	0
B08RS9GJHH	1
B07HCG1T4V	0
B08XYT1B28	0
B01BTYR152	0
B08XXL836L	0
B0059751DU	0
B06XCXB73M	0
B008GT8I1U	0
B00DTUVM32	0
B00ZUS7UG4	0
B0B5FMVDYH	2
B00U6E8GVK	0
B01MVA6P8D	0
B00454HFIC	0
B07QV3C2RP	0
B07RSR1J5G	0
B08BRG2TDX	2
B07C878YBN	0
B081ZQBNGM	0
B003P8QOZO	0
B0C6TZP93H	1
B07BRL2J1D	0
B07WGPQXRC	0
B07WDFGJKY	0
B00IXANBAA	0
B09PDDZJG9	0
B0099R2BKC	0
B076H86GN6	0
B08TWZZP1K	0
B09RQYM7QH	0
B07M7F2X8C	0
B07MDKXBL2	0
B00M35RU80	0
B07333TX5X	0
B06XC1HXHZ	0
B09BC2MZQB	0
B07CSP2GKF	0
B078TKW4PP	0
B07KG88WP8	0
B0BS17XR77	16
B00IJFY4CI	0
B013K2SPT2	0
B000M0EMES	0
B08PP2B29T	0
B019U0WK2Q	0
B06X9B45YB	0
B00FFL8NNU	0
B00GUL8W3A	0
B00AJIXVQS	0
B08ZSB3SDT	0
B09HP46YHW	0
B0BCQ2P5CH	1
B00VFK8VFU	0
B00J09XJPK	0
B07D1BH12C	0
B00G6GCP8C	0
B07MPXWCLV	0
B06ZY6SFLN	0
B01DCPOKRI	0
B07H24XVP7	10
B004BR2R8Q	0
B09QKT2XHT	4
B01LZ5L7EN	0
B00571QE3O	0
B07SG47BVY	0
B09MHDQ32P	3
B09297VN1N	0
B07FDC9X7R	0
B00192MB2I	0
B00WIKHGSO	0
B004100XA2	1
B08T1ZBR28	0
B0BWYXT9MF	0
B08DFT646K	0
B07JPM5VPT	0
B01DJL9ZNE	0
B08BPJ3YS3	0
B07K27Y19H	0
B08BY5Z7TM	0
B007JT427C	0
B09HRKJPWQ	0
B00J5P43PY	0
B0745BRYW9	0
B00DEQLCP4	0
B07CG5B7R4	0
B00VU6OMR0	0
B00N2EWFF4	0
B07X6MLXPZ	0
B00L1RBQDQ	0
B01N09ZVHW	0
B089NNKB6Z	0
B09DGBFYHB	4
B07NP8LHRK	0
B07Z83YDNQ	0
B08N5FV2PH	0
B07F7YDR1P	0
B0B8H8C67G	2
B07TM8LR35	0
B07G5ZHX11	0
B01N9G16QV	0
B00441WSNI	0
B07PLDPHQ3	0
B00FNK5LCE	0
B07TF93D2X	0
B00IQGA3YS	0
B09WYP9T3B	0
B0BNDRP1WT	1
B071ZZT6JB	0
B00I11T1HI	0
B09SXK4926	0
B01LI929DC	0
B01LFLYTGS	0
B00KY5S8Q4	0
B07661DRX3	0
B0057D4SZS	0
B07L4R66WD	0
B00K0DYE8G	0
B08VRN834Y	0
B07Q7FYL4S	0
B0728LDBKL	0
B09SM1ZLRN	1
B0BC9QY327	1
B00RYBY34W	0
B074HFVM13	0
B07HK1PKT1	0
B094QZMMYW	6
B07BVPVYH9	0
B06WWMRXY7	0
B012SJWZG2	0
B007R66BAI	0
B01DTHTR2C	0
B071D24R5F	0
B0C1FBGLQT	6
B07G7G7NBM	0
B08VWCH1JF	0
B01MQXUOY3	0
B007NIRNQ6	0
B00JANXKNC	0
B07MLGV3Z2	1
B00UPHJC3E	0
B07KLMJ6W4	0
B018G4RIDI	1
B017C14M3U	0
B01A4DPM3C	0
B074Z4ZVJN	0
B01N2AZUG8	0
B09SLT2DK5	0
B00A2D2RYW	0
B07CZCDWGB	0
B0076ZYG98	0
B072LDZSPB	0
B00NNXTYOY	0
B07Z33D69T	0
B01BL0BI76	0
B071VV67HS	0
B08T8RKWDJ	0
B09W5XRMTD	1
B08G9DH7JM	0
B016RHHLT2	0
B0BYSBX3HC	2
B07F1C7WQC	0
B0000ATC4O	0
B07FGKWFWV	0
B08BF53L68	0
B07SL245RZ	0
B099J3M7HT	0
B00ANBTNQS	0
B086VRYXMT	0
B00G6MT6Z6	0
B076Z9P2W8	0
B08SWFP6F8	0
B09BN9JBKS	0
B0BD7KXVX4	8
B0C677SDSK	12
B07BZTTRJ1	0
B0B2XSL4QR	0
B01A1CT1W4	0
B083SRHR92	0
B07JZCF1XT	0
B07T65836R	0
B003LKRD60	0
B07D9HBBX1	0
B07HTX8PYW	0
B08P87J1MZ	0
B07HVN8D7K	0
B01CTGSHOS	0
B00IVKCYPK	0
B07VDHSQJK	0
B0714KB949	0
B09XSPHT43	14
B07Z5T2978	0
B09V71J5Q8	0
B07HVLWNWN	0
B075JH1T5W	0
B011VK57LO	0
B072BF5TRK	0
B08JZBTC8L	1
B00SZ2BTIW	0
B083K92M93	0
B07C9F2H46	0
B00EJN0WJS	0
B003VQPZTQ	0
B07DJ3DM9T	0
B0B4SDG7TX	4
B00H3NNK1S	0
B0CCXFP5NB	1
B07C4HVJX4	0
B00681G4V4	0
B00JMZMQ1A	0
B0886CH7F4	0
B00V8SPLH0	0
B07BXXYZPQ	0
B01LXG5PPZ	0
B006A1NDMK	0
B005IYJ1O4	0
B00M1SNQBY	0
B01MZ0I3RE	0
B01DXL9Y4U	0
B0B68F19RY	1
B0785RQVVT	0
B075LVZPH4	17
B0082153QU	0
B0BPC8GXMX	1
B00J8AB58Y	0
B07QMC7JLF	0
B0821733XG	0
B077DNXLP9	0
B00ITFKBW0	0
B093C6DV6L	0
B07QKKSTXF	0
B00M8PBFZO	0
B08C7ZTZVB	0
B0B48XDTVH	2
B01M1Y3PL6	0
B07TF3TGRZ	0
B07T73WGYK	0
B0BGR5FYQ8	1
B092VYPWFR	0
B00JG97AFO	0
B07Y9M4TRB	0
B01M2YFAGT	0
B08KZQ6NKQ	0
B07N63KB1C	0
B06XFXBTTS	0
B08GQ1PHXV	0
B01GDEUHKE	0
B017MRF98G	0
B00MMPHI60	0
B005Q0OFE6	0
B009LQZM9S	0
B082SNT8P1	0
B00DB49FXA	0
B007K4E7G2	0
B01AMS3O52	0
B010D83CVW	0
B01JDBXJKE	0
B00GX7OLEK	0
B07Z54R4V2	0
B07GKFDYMX	0
B00QRQVW6C	0
B075NTSXKX	1
B076JL3V63	0
B00LWF8XSI	0
B01FWLV1FE	0
B07MKFR1S2	1
B07DNLTYQK	0
B00E41X346	0
B01H4RA5WE	0
B0C3Y16NL3	1
B085WSQFLM	1
B00KHARGTQ	0
B07F9WCBSQ	0
B01MXJH64T	0
B08P6RGC62	0
B07G38Q1ND	0
B009L3VCCC	0
B073DXPW9T	0
B07F1FK8K5	0
B00DE48UWY	0
B08WB2KQWK	0
B077SS2JW3	0
B01I5RXLMI	0
B07FYKP4B5	0
B0BZRRP3Z7	1
B07F8H717R	0
B008GYVE0W	0
B07V1MG139	0
B09G6G5DN2	0
B0055X0H5U	0
B0034CE2SM	0
B071J5HGT8	0
B01LPMSFDA	0
B091YBV3XC	0
B07SQX196P	0
B0087PPIPC	0
B00ED7IPRQ	0
B015SBL9GE	0
B095NYV4K3	0
B08M3XZ72D	0
B07SX1QRL4	0
B002O0LWEM	0
B01825SQ4Q	0
B075VSFSBS	0
B07BJFSGG1	0
B07GH6XDZX	0
B07P8XBRT1	0
B00PC12U6Y	0
B008F8E8F2	0
B00A8OLX2C	0
B07MP13GXH	0
B000MKDKMS	0
B01IOXXDGM	0
B008A6M3VA	0
B06Y2D2MST	0
B07H9D6FGP	0
B07B3TWCK6	0
B094CX2ZK5	0
B019P5WRLK	8
B08FHN5K3R	0
B00LT18ER0	0
B017TR3HTM	0
B00GH28ISG	0
B01941I22I	0
B07SG14K3Z	0
B09HCNSLBZ	1
B00IIL3IPW	0
B08CZL8M7P	0
B018SQNH5M	0
B07DDSB7BV	1
B089GW7J9B	0
B01HLOZ42G	0
B01M00XY5Q	0
B082XB5M6D	0
B084NXRSQ2	0
B0716STWKC	1
B07HQQLH2B	0
B079HH1X9L	0
B00DY7R7SY	0
B076DV2988	0
B00G32L210	0
B008S19LCG	0
B010RK95IA	1
B07W22TLGG	0
B00G7ZK0U2	0
B004LLB0OO	0
B07HFH9HS1	0
B00MNNLBKA	0
B016ZJT8RA	0
B09JG91VWQ	0
B0B1RVPC46	1
B00Y9660FK	0
B07S2JRMDY	0
B06W2HSFWH	0
B07NNY9ZS3	0
B07X6T9XQV	0
B005EW6J5O	0
B0183HQ4YM	0
B00TPCLNU0	0
B01NA85GL1	0
B00CQKFZPM	0
B01BIKNG8I	0
B07XFX2LM2	0
B0045FOJP8	0
B00F07RQ3M	0
B072TV23SJ	0
B00EBBYEGU	0
B07BGRGG9B	0
B008PX0HNY	0
B0C3QR6D5P	2
B09Y1VYGVL	0
B08C4YBDWN	0
B015O21Q6K	0
B07DRJ4GZF	0
B08L493VGB	0
B0086LFYPQ	0
B08LQNDY2W	0
B011M8OBH6	0
B0107VJCPA	0
B01LX07SIO	0
B06VT8MSHZ	2
B00I3XF68C	0
B00ZUYALF0	0
B07F7T9WC5	0
B09MLNFNNT	1
B006LGKYX0	0
B00ABUPL4O	0
B073ZB53PK	0
B07G4YV7PZ	0
B083SK96HQ	0
B06XKTLLL2	0
B01N6X8OGZ	0
B072WHWT7W	0
B01A69CVY2	0
B07HMKQF1M	0
B01DCK5PJA	0
B00IPDS77M	0
B01N2NHH2S	0
B07BTY5XPS	0
B0779RDW39	0
B00595T1P6	0
B09GV3FPMK	1
B08V1BDQNX	0
B01LXVUC8X	0
B009R42VNE	0
B019SXOOOC	0
B005Q0JLFY	0
B01MXGQGQE	0
B073SQ9DRS	0
B08THFGHX4	0
B007I2EDR4	0
B017MC15MA	0
B079H23FN3	0
B08BZ4T254	0
B08D6SGFCX	0
B07BVMC6GH	0
B01LZIH2WI	0
B019FQYEHO	0
B07SH49QT1	0
B089W81PSB	0
B075F8NS1K	0
B01NBAYBHW	0
B005HNP4LU	0
B0BJVX7YKG	39
B00ZUYDM88	0
B00CAKM7CW	0
B078T4HR5P	0
B074VX7ZSD	0
B0B81PVVLN	3
B0728J12Q4	0
B0888C51S3	0
B074LHCBZ2	0
B077Y6FQTB	0
B00ZXW7VDO	0
B07YT15W4G	0
B08B6429ZH	0
B01CSEYJLG	0
B09WHTWF58	0
B07BBX3SH8	0
B01MA533I0	0
B005MIZGDQ	0
B01MS40UOI	1
B08KTMLMVN	0
B088RCQ3N4	0
B089WH1LKD	0
B07H9H1QDZ	0
B099WD2PN5	0
B00DUF1UW4	0
B011S7D0IW	0
B075WKYGRG	0
B07BF2HDDR	1
B0C6XCJT4X	0
B084H76ZWF	0
B07CPG2SK5	1
B00HF59NUG	0
B06XT714QP	1
B07BQD1PFK	0
B07F6559JT	0
B09CGRZST1	0
B081YMXLXM	0
B000W00ANU	0
B08792Z12Y	0
B07WGBBWKK	0
B00YZZAHS6	0
B01GNTYYPI	0
B0C242NTP5	1
B00IONC3VY	0
B01G9W0TDK	0
B073BYY718	0
B09J3F9Z71	2
B00IKFMFQO	0
B07SWPYL9K	0
B01D6IBZ9M	0
B01EILH4WI	0
B07XVN2ZBW	0
B078MNFTV2	0
B07TC2VZPY	0
B01N1Z1D8U	0
B01HP22R5G	0
B017ABHAKY	0
B0073Z7B5W	0
B014WBFVK6	0
B007L4E5U4	0
B083451D3W	0
B008FRJWH2	0
B07T1WG5D2	0
B07BHG3DJ2	0
B07YHGNVDS	0
B018ZPAVOQ	0
B08M4BSFXT	2
B015J7IZCS	0
B01FGACUBU	0
B01J2UWVXM	0
B06XWC2RKM	0
B07W6XB1NH	0
B096LLKL3V	0
B01C8GTX6A	0
B0159PJU1A	0
B011VSTNB6	0
B006C6ATES	0
B072WDXH5R	0
B07JZ318WK	0
B08SW72CDT	1
B07NQPB3GQ	0
B075R6VJPH	0
B078H9VQDM	0
B07HFPDDHT	0
B07HB978LT	0
B06XRYNDJN	2
B004K1MTTU	0
B07SV1Q5VY	0
B08CYCMXGC	0
B0000CDZCO	0
B071ZXWLPV	0
B09B1NLM88	0
B01LZDVJ4J	0
B08FKWC9XR	0
B010VZEXB0	0
B075GT7VYS	0
B08GP7T7BG	0
B01B7BPHF8	0
B08K2X8P27	0
B0159ZY6HS	0
B005N5LBGY	0
B018T3NLP0	0
B07SVVB4MZ	0
B07FWBKQN3	0
B0921CQN89	0
B01MUFL2UZ	0
B00MQBCTBY	0
B00TXQD324	0
B01A7K2JF6	0
B00E798Q7E	0
B09J2G6MKP	0
B0932JQ47J	0
B07DYK213G	1
B09G7BP9BN	2
B0157AE2RY	0
B07D7Y3M49	0
B00J7Y64PU	0
B07421X1GQ	0
B013CN220M	0
B07H2JRBMR	0
B00RDKK168	0
B07JP9S5BF	0
B005VGOQFS	0
B01864B9OM	0
B08RCBBZJJ	0
B00AGRNNEW	0
B097RT3YG7	0
B0031ZMBRG	0
B00BJ2FFLM	0
B087P4LWKK	0
B01FH5OSVO	0
B01N9YNZ2N	0
B001NTR6KY	0
B0BPCF8KCN	2
B09YD353RK	0
B083NZ2M1K	0
B00M8ZDMKA	0
B00LVBC4JW	0
B081TKWTH9	0
B08S3JKHVT	0
B081H7B172	0
B00593XVK4	0
B004FUP5K6	0
B017VOSX56	0
B0015MRLKY	0
B0754119MX	0
B071W8JHZ7	0
B0028AE4LG	0
B00IJXW9P4	0
B000UJDP80	0
B079DNQYCG	0
B07G66F8RM	0
B00L8C9QMC	0
B01MXW2NN2	0
B085QC9FK2	0
B072X826Z4	0
B08V779S9L	0
B00JOSGLPW	0
B07BDKQQ19	0
B000V5IP0G	0
B0876VKK4K	0
B0074CNVRQ	0
B01N7NJEFN	0
B075225HBQ	0
B084X7BR37	0
B07FLT27RS	0
B07QG8QDV2	0
B01N1EJQYP	1
B005KPLK7W	0
B094CHV924	0
B08R614FZ4	1
B01B5SW1KW	0
B076NDNHG3	0
B00K1PCZOI	0
B00JTN1FPI	0
B06X14XCWM	0
B015S38QCM	0
B07N468G6K	0
B006B3Z1NG	0
B00LPQG81I	0
B00C3EO5KC	0
B01BSCA1KM	1
B08T19H4TF	0
B071LHHRCR	0
B07VVVH2R5	0
B00E96ANVC	0
B0074N5LB4	0
B09P16PGRY	0
B06XN67LBC	0
B005ECR2LE	0
B08NFXDD1S	0
B000E7WMO6	0
B07HF38SG6	0
B0171KHLC6	0
B01JTEFPY8	0
B00HDKEWQI	0
B074J6BCHN	0
B07HHC6CXL	0
B01NAWOA5D	0
B07DNPGH7L	0
B08KSLK865	0
B01I1Y04XY	0
B08Z8H22VL	0
B09C59PFCS	0
B082SHFX8S	0
B003EFXL4K	0
B010M3LQVG	0
B00RW5IE22	0
B08JF8MGX6	0
B08JGB8JHJ	0
B08SQGQVTZ	0
B0713W96H7	0
B008VFILHU	0
B081DXWMC4	0
B097NJQ3TV	0
B087WTFBWH	0
B07YVW6LYW	0
B0CHZYH847	1
B087Q8HFR5	1
B07YCH6HLZ	7
B07F7Q5861	0
B00OZ8RCAO	0
B09YTQMSKP	1
B0BXHWDHN3	1
B0B81VGFNL	0
B01IF04T26	0
B079NQ4WVT	0
B00DOST5EM	0
B07D7RH6RT	0
B09MH2HT6J	3
B08LMVNHF9	0
B07HX163SH	0
B011KHSNKK	0
B082YTPSJK	0
B09WJNSSFB	2
B0947JVB19	0
B014F4Y7I2	0
B08PD96QQW	0
B00Q8JR73K	0
B08F4VQ8JC	0
B08BFPTCNP	0
B07NQQNHMJ	0
B00PZZK9ME	0
B01HW8M3RU	0
B001CFDE64	0
B08157YRLC	0
B00KCH27PW	0
B00K31CHFW	0
B07J3PMWN2	0
B09RVKH3BZ	2
B07B8ZF8MV	0
B00LB3NLHE	0
B01NA7B8WB	0
B0B6GVVW75	1
B016RFA06K	0
B01BMO7AP0	0
B01M9F8EVL	0
B07YDZZDGQ	0
B09Y338HD3	1
B018FHOEJ2	0
B07DVXHXDK	0
B08HQVJ7J5	0
B072HN7S56	0
B07CMMG89J	0
B00EEI9NGG	0
B0118E28YM	1
B00YT0L9QQ	0
B071YC9DD9	0
B07KWW1MJG	0
B0B1XK1M4F	2
B0B4K6NZ3Q	1
B01NBOOPEO	0
B00UTU3YZ4	0
B08DCHHQH2	0
B00I16OKKQ	0
B08B3FYP8M	0
B001E1ZRYI	0
B0899R783L	0
B00A6VCYN4	0
B01MSL7AS8	0
B06X919JXZ	0
B005I2KDNY	0
B00V3Y9FF8	0
B0094WK1X6	0
B0716BVKNP	0
B079452QW1	0
B07HHJP1HX	0
B09Q8VNLML	0
B07TWRJ815	0
B0B5G4FGCY	1
B0BVV7BCNX	0
B019Q0QXH8	0
B07MTQRY6M	0
B098QFV32Y	1
B00CBSZEJ6	0
B00ABWQL8C	0
B01KX6WZVC	0
B0829259YV	1
B003EKN55U	0
B00MCGVWUM	0
B0BJ9ZYHZ2	1
B086RY746T	0
B00C9VSPC8	0
B00WE0DS4E	0
B0189V489U	0
B01DFJA61A	0
B08KD9LGPV	0
B08V4H6JX7	0
B078HJ8QQR	2
B01N6H7YTG	0
B01MA6A08H	0
B085MWCSK6	0
B0877DMY7J	0
B00VM856A8	0
B00HQ8ZY1Y	0
B00LLSJ0JW	0
B09RQB24SN	0
B075JFL647	0
B00VD2QDJQ	0
B0B292T3Y2	1
B07ZPG6XC2	6
B00F14RMWY	0
B07DQH3K8F	0
B004C1DQV8	0
B0C4MSXF1V	0
B00DBUVWCQ	0
B086T6TSVM	0
B008195SMW	0
B07T658WRZ	0
B01IA6KAIW	0
B07DDFN3KN	0
B076K4DTK9	0
B08DQBZ9BK	0
B074653GG9	0
B08882C4RB	0
B07Y3142BB	14
B01I9G4B0Q	0
B07TGGTKYL	0
B00PDBKKCO	0
B09BHHLLPZ	1
B003GZ015K	0
B073GH216Z	0
B07PLPBCP6	0
B00TSQY6JS	0
B08LN5ZGV1	0
B07GWQ76J1	0
B08PFD2VYN	1
B00BQTS9SO	0
B01H70A7GW	0
B08JLT1WLM	0
B01H6ZR4CI	0
B01M7YW3L2	0
B07PDDZC4F	0
B01CXGOQQC	0
B094JLG7SK	0
B07MB7VXB7	0
B0734GSWKM	0
B09QHLNSDF	4
B00HIUIS8G	0
B0B9W13VTZ	1
B003YCMXYC	0
B01HU2KGZE	0
B085QMHTMT	0
B08JHL1C9P	0
B07ML2RBGL	0
B00DE0FBZM	0
B0083V6E80	0
B009XBEGX4	0
B08LVX1M1P	0
B003TFDLR2	0
B004XUDKZK	0
B00P0E8Z6C	0
B01J5RWEZC	0
B077SN2G2X	0
B086X3YXKN	0
B01COKS2MQ	0
B00UBUQUVW	0
B07V3GN1MS	0
B0090JONH8	0
B07CCHBTH8	0
B00NQCFMIY	0
B007HN9VDU	0
B07V2LJJ43	0
B08C9Q1WBT	23
B08G1JTDB8	13
B00FISJOS8	0
B07YJZTRCR	0
B07G56SX26	0
B07L355C89	0
B00VJR8ORE	0
B0BLLGJ2GT	1
B008QNQYV2	0
B082KM9Q4W	0
B09MSYR7FL	0
B085NCFDS6	0
B09NXLZR4V	1
B00822PRRY	0
B00SOLAFVG	0
B00AQFY66S	0
B07BBH8R7Q	0
B009MGFH42	0
B08FH71H55	0
B01CTYX6O6	0
B07D94BSJB	0
B00CXJ3LJ8	0
B01DU7A0IG	0
B006ONDIWE	0
B00K4T1SEE	0
B01MDRGXJ2	1
B08THVST25	0
B0BLFHBBCJ	0
B096W8RZQ1	0
B073HKSH1J	0
B01A00B5EE	0
B00C3M9J8W	0
B008BO0E58	0
B01NCQWMNU	0
B08RXSLCNH	16
B01IQ8GM1I	0
B09Z7VWB75	1
B07RTB2PC4	0
B00MXH963A	0
B0878TRV2J	0
B06XS8LP4M	0
B00YDFXBJU	0
B0BLSXNFKF	4
B00HMBOVNM	0
B071GP4836	0
B01GKA6LTM	0
B00NX75840	0
B074SGFY1D	0
B00DBL53TI	0
B0BMFW3972	1
B00LPV3SOS	0
B00IE23TTA	0
B085F424G9	0
B003KQJ9RG	0
B07X1PZLKB	0
B07TMYJC12	0
B071WBP4G2	0
B00VBG9XCS	0
B08S6LP657	1
B08NPTTK9S	0
B007MXZHAG	0
B00IMSWW3K	0
B076GQWJCR	0
B00C7O35ZY	0
B00Y2QD3VG	0
B00L2J04C2	0
B00EKQSJC6	0
B0757JHP27	0
B0B3T9Y3TJ	1
B09685SVS1	0
B0193LZSQ2	0
B075VN9KQ9	0
B00J3C7DE2	0
B00L1VGRCW	0
B08SRJRPZL	0
B0186F5RU8	0
B0B3ZXW9RK	0
B07F1BPV8P	0
B0746PLJ9G	0
B086Z1J5MW	0
B07Q3RF8VP	0
B01J2D0E06	0
B013B84TAO	0
B009G2LBF6	0
B08HNCCGNQ	0
B074W5FLPX	0
B00INXTDEK	0
B07MYXTCCC	0
B07TXDTP4F	0
B08P77BB31	1
B009H6YSZ6	0
B00K5LPAWC	0
B09C5XK9G9	0
B00HV5LA1K	0
B07Q24TQL6	0
B0894RCNKT	0
B013XEGH3I	0
B09TSQZYCF	0
B014GN8V66	0
B07CT6TLW1	0
B00UVTBTXW	0
B01MQYVNPL	0
B01D9Z3UMW	0
B075QVV2X6	0
B00I5KV2RW	0
B00HO5NEAW	0
B0179RM9PA	0
B07ZY8TXMS	1
B00LO08P2K	0
B07PH955TM	0
B00NCV2WMS	0
B07KFQGV1J	0
B08J4CQ72B	0
B08QVDYXJV	0
B01K11IZHW	0
B08ZNMV45J	0
B00JLNNSYC	0
B008YJK15S	0
B00XF9PBF2	0
B006P55D56	0
B00L4YXBZ2	0
B0879GJZWT	0
B01AG19JMC	0
B01C1FM658	0
B07HNZ2YN8	0
B08QCZRDW6	0
B0BV9NRN5W	55
B09MS23LSL	1
B00F0J1TRY	0
B07S6DT19G	0
B07JYPWNLW	0
B072JNS1MQ	0
B07SST9G8B	0
B09JP2N6LH	0
B002GHCE3Q	0
B07D8QZNZQ	0
B0CKVQT5TT	0
B07NQDRHFJ	0
B078FT3QTT	0
B08NYQR9PB	1
B006H1IOIQ	0
B081BBMV54	1
B006TD5COQ	0
B08RBW3LRM	1
B00VE6O30W	0
B082MSGWSN	0
B07QBXYD8Y	0
B00VBKIO10	0
B07JLGJ828	0
B00XED0VGS	0
B00E00BCSU	0
B0072BSOVC	0
B00A41Z52I	0
B016F3OX9Y	0
B01NAJ4JY0	0
B00TGZ636K	0
B06VVWM8DQ	0
B008DI2LT4	0
B01MYXEU2G	0
B0C2FR7B4L	1
B07CWKZ4WV	6
B09MLBP6LT	1
B074PNCJXT	0
B01CA4DLFY	0
B0025KVQN8	0
B000XW7XVY	0
B00BEV81QE	0
B07W1KP7LQ	0
B00BXYKDXQ	0
B006TCKX1Y	0
B014BY4S3K	0
B07VYNGVB8	0
B06XPVFH4D	0
B097CRPR5Q	0
B01LY3MTX9	0
B01DFQ9GG4	0
B06XSGQYYV	0
B001U9DLAQ	0
B07NZ8T561	0
B00CFXWTG8	0
B07HCDTGXK	0
B00YQ48YI6	0
B006K3VMW6	0
B01MZ8WNK1	0
B01FJJ0PZG	0
B07MCRN2FB	0
B07TRMX52P	0
B08Y7NHC2R	0
B00HX53MVO	0
B00DTH3J6S	0
B0749LZLTJ	0
B000XSKH7K	0
B074W85BR2	0
B017G0OF5W	0
B09HJPXHM5	1
B07JYF54MG	0
B01MY0I4Y2	0
B07NW7F6SD	0
B073DXXFJY	1
B00KN85EGO	0
B016W8SKEQ	0
B009D7YSHC	0
B00LX3UHH4	0
B0861XNYMW	0
B09BL9G1G7	0
B07JLMVY8F	0
B01N52K4MQ	0
B09QKTV44B	1
B00LGVSORS	0
B098WJSF5C	0
B071V5HW83	0
B0953Q8HHM	0
B00YJQ0EZ2	0
B075ZFHVBM	0
B07FKHVNY6	0
B00ECIQD0W	0
B0015KLJ4K	0
B0B38SR534	1
B07TMYPNMS	1
B00F5KD8XQ	0
B00JDRFAWE	0
B07CKYR5B3	0
B07ZQGBG5H	0
B07Y24NVZS	0
B005UPSF20	0
B001KR02MS	0
B00IE8HS46	0
B08CB71L6F	0
B07D34Y78K	0
B00FF2FKPI	0
B00SLHQ968	0
B07PDNPQLY	0
B0BDR1FYG1	3
B08LW3Z4RS	1
B06X3ZY1XC	0
B08R7PX4CB	0
B00GV4H3NG	0
B08KSWRJCS	0
B086WT4FTM	0
B00FU5DMYG	0
B074QTLNTW	0
B07BF4QNJL	0
B00JCLMS26	0
B0B3MQ2L7B	1
B0851WW3JN	0
B08CKDW5KS	0
B092KCRKS6	0
B003SNIMZ6	0
B07FNNTR76	0
B0BKG1ZSRF	0
B00GF3BBXG	0
B08S6VMWHY	0
B015HZGEMA	0
B002P5TQ3K	0
B09Z6NRCZK	1
B00JGMOCKW	0
B01JN8NTA2	0
B092DQ3K4L	1
B00GDITFR2	0
B00B22EDGM	0
B07QH2Y67H	0
B0BN1JQ39P	1
B007UOS1AK	0
B00D990892	0
B006FT85YI	0
B06XG8WYYW	0
B01F44GD66	0
B00K54QWA8	0
B071DK4Y1D	0
B00EYVP20Y	0
B07QPVDJRK	3
B06X3WY6DD	0
B07SQFXXDK	0
B07K16566V	0
B07F3GPD76	0
B010TFOU1K	0
B07DMQVS42	0
B071GRCWNP	0
B01B1YGOT4	0
B07HF3Z4KG	0
B00N4N26HU	0
B07HRFTY87	0
B01K78N1BE	0
B014VOFZJQ	0
B07JF43VNH	0
B00LG9JD34	0
B00VP8IMI8	0
B08W397VRD	0
B01MT5Q9XZ	0
B09D7FXX73	1
B08FT4QN2W	0
B007OSIDJ6	0
B00GGNIG1U	0
B0110NDXQS	0
B07D6LLXZM	0
B00YSCCEFK	0
B092PSFTWS	0
B071186RT8	0
B08XB6YP18	0
B08VDZSQWS	0
B08CVMBJ4H	4
B06XCVLL8F	0
B07S1Y4BYV	0
B00DED5Q2W	0
B0111QFMF4	0
B08BGCL77S	0
B0030MIZPC	0
B07JHCV721	0
B09NVZJJ2F	0
B094MRD3WH	0
B079H8Z47H	0
B08P99CVYR	0
B07CV1Z6V7	0
B091TW7NK2	0
B00JJZOY86	0
B00FBNYDKY	0
9999666671	0
B01FRBCW16	0
B0050SBKCE	0
B0953M4CDW	4
B08RY9KQSC	0
B00764RUME	0
B08B4KX5VY	0
B07TYXM6Y5	1
B077M6K87W	0
B00PCLNBJ4	0
B07G1YMTS8	0
B01MF74HPB	0
B01H51FT9I	0
B007JRCBAY	0
B0817JTX2R	0
B09CW7GRHZ	0
B00RLDXGH8	0
B07FPVFW3Q	0
B08R9TG4Z5	0
B011PM8JIQ	0
B07DZT3769	0
B09DFFBYCV	0
B01FR81FFS	0
B087NV4MFH	1
B07FSQP8LC	0
B077VZ2G3J	0
B07QTKJN1T	0
B001L1QO98	0
B087HLXC6Q	0
B00BKGBP66	0
B07NPJX2KV	0
B076CLV9ZQ	0
B01GEG11RO	0
B0866MT9Q6	0
B073HQNWLM	0
B01LZ4IU2Y	0
B00E0JY71A	0
B00ZFSGI08	0
B07ZLPXMHP	0
B00JGMV3C2	0
B00GRIOW5I	0
B075XFXZSD	0
B07WGR7LGM	1
B014CR5AIS	0
B088TSXWQ4	0
B017KUCQQI	0
B07S6XWHL5	0
B077QKB2Q5	0
B00I4VRNGG	0
B07HNRYMTY	0
B00LT4CKUY	0
B08R8YDCLK	0
B07GB8PSRK	0
B00LS6W530	0
B07WZZ85BY	0
B07DXL9ZJZ	0
B00OANM4K2	0
B089PQZZNB	0
B00IWON8F0	0
B00JVTOW96	0
B015791A5M	0
B007R8Y6PS	0
B00K8QOY5I	0
B01BP3Z14K	0
B016R913GC	0
B0BJV8HNBM	1
B0B2K43HHV	0
B07PSHZBHY	0
B077W3M7BV	0
B0161LO10Q	0
B006SHXO1Q	0
B08R62715B	0
B0772F99JH	0
B08LKYV6JP	0
B016OXCUYU	0
B00JKANBX4	0
B08J81LX4K	0
B078HBGFJJ	0
B00YM3ZVLO	0
B011XWOBXU	0
B01MRPF4UO	0
B0748YDWNS	0
B01DCS8AR6	0
B07DS72714	0
B00NOXNHRI	0
B07571RMS3	0
B08P4PSWTZ	0
B008F6G2LC	0
B078TCR8RD	0
B00C4U17CY	0
B019WWD6Z2	0
B07KSBPCMY	0
B00AOBEXY4	0
B00RYGUY3Q	0
B06ZZCBB6Y	0
B07CK17NB1	0
B09VKPR43X	0
B07B9XL7ZB	0
B09CTVTYJF	0
B07SPRQ6LM	0
B06XJ5ZTN5	0
B01N6DS4QQ	0
B00FEL3FKM	0
B003XDLLMM	0
B01B4S96UQ	0
B01F5M10TW	0
B01HT7YNVI	0
B07CSJPCTH	0
B01HQR2H46	0
B077ZH6ZVF	0
B09DVFXPX9	1
B092HTCXDN	0
B077SNNXHC	0
B074YXBGM7	0
B079DS6V5L	0
B00B5I2OYQ	0
B08CMBDJ89	1
B00XGO8A7M	0
B00GGIIR5U	0
B08THDPQG8	1
B0097O1590	0
B00WGVP22C	0
B09M7ZY8MZ	0
B081T27DHY	2
B084QBQZYN	0
B07QGTHJBV	2
B081RCC8TC	0
B072C99789	0
B07BXFRSG9	0
B07DWTPJYB	0
B07585443X	0
B00YQ750NA	0
B01CJ061J2	0
B07N1T8YJH	0
B08X73Q126	0
B00HSOGTYW	0
B019QXORG4	0
B09ZTP989K	4
B01FLOFZTU	0
B07VKP662B	0
B07G8G3FMP	0
B07GBW9LMW	0
B00GXTIH9I	0
B07GZRRBTG	0
B082W3HTX9	0
B07M9WPW61	0
B0119N3EUY	0
B0719TKR9X	0
B087G1XD9B	0
B07DNB55KR	0
B01F4HPSS2	0
B07C6RYRRJ	0
B00LH3U4N2	0
B08BL1SPHP	0
B07JCQQMSN	0
B00I14DH3E	0
B01MT6FTF8	0
B08KW68FFX	0
B01C7FVREI	0
B081GDFWMS	0
B08RRPQRT6	0
B09QZ7QDBM	0
B071WT3WC1	2
B00JSQ3QV2	0
B0081S0KYY	0
B01INWPE98	0
B003YD4NBC	0
B07Y3Y9D4R	0
B079XX9ZWN	0
B00IJ74RIC	0
B0BRZ15YMR	0
B09KVJ6J6D	0
B079SY35PK	0
B07KQ4VZYW	0
B019JRGNQO	0
B01B9ZNCSQ	0
B00KZIWOXI	0
B01AQM8Y22	0
B09LH3K7TG	0
B008ALIQ70	0
B003XKO4I8	0
B07WDYBN23	0
B06Y2CPJ1R	0
B08M8ZMBFP	1
B09B6X5WJW	0
B00QWVC5DG	0
B07BRF8ZQD	1
B07C8BWPKQ	0
B07PN5LKYB	0
B00XTYKIIS	0
B076HWTRY2	0
B016BJK82I	0
B07P17Q1H6	0
B071FFKZXK	0
B06XD2P3Z7	1
B088LMBYG9	0
B0087Q6RC4	0
B0744D65YJ	0
B000G6JT8C	0
B003MUHRVU	0
B00M26NI1I	0
B0125ZZP0M	0
B07X8M85XJ	0
B07L5JS7HZ	0
B06WGS312S	0
B08Y6P1GCM	2
B01E9I3SU2	0
B000V9HDT6	0
B00KV7TYYK	0
B005D09RV0	0
B008YHS2NI	0
B07HMHPL3S	0
B0197UH9DE	0
B071W9Q4W6	0
B01HN7IYSW	0
B09G2RXSB7	0
B09KSYS2DD	7
B08DJZPK9Q	0
B07CCG3L9F	0
B0043UDDSO	0
B07QTWRGKL	1
B00ANHFT74	0
B0C2P5QTC2	3
B07D2H18V5	0
B002UUT8TW	0
B096F977CL	0
B07GQP1947	0
B016V4GXM2	0
B09SQCYKC5	0
B07FV8BRZC	0
B07PLHPSFF	1
B0771P1L1R	0
B08TWHZB5N	0
B01B2IR9IO	0
B011BO0J3Q	0
B08R6TM5WS	0
B08G51LQKW	0
B00Y37XP5I	0
B001RGAUH4	0
B07L25584V	0
B01I5GM30K	0
B07KWG1NBW	0
B00G5QK4YK	0
B07NPJVY4H	0
B005A996E2	0
B07GSS9TFK	0
B07FPPC41F	0
B07V9PD5P5	0
B08QTVVRW3	0
B00GOGBGSY	0
B07QFHTT1C	0
B0943GZJ35	1
B07TQ68612	1
B08CML9Y8T	0
B08621WCK2	1
B08JGM7V56	0
B08HLSDN39	0
B001AMHLC2	0
B07NP8HDFY	0
B074M54D84	0
B0892BRSSH	0
B00R6RX700	0
B092864DQR	0
B008AFKITA	0
B07LDFDP3P	0
B07PB3F231	0
B00IZCP06E	0
B074MYYJGW	0
B01JLT8R6E	0
B078X7Q8YD	0
B004JQON5E	0
B08J7SYZPH	0
B07LB2RZ4R	0
B01NGWFNAH	0
B07DF5LWXR	0
B08ZKMKJ78	0
B091SV5WKC	0
B06XN6DS5Z	0
B071JMDQMR	4
B07RLLYZ4S	0
B016LGEDPY	0
B07QQHDCG2	2
B078RYVZQP	0
B00P10RDQ8	0
B079GP83C8	0
B07C2JZSN5	1
B017O0W6Q4	0
B00B6LMFWS	0
B07NCM91VZ	0
B01FZWEB1G	0
B077WGM1FK	0
B07932ZDCL	0
B00QXQOCDG	0
B072Y4NFS7	0
B084GFK3GR	4
B002MUBEOC	0
B01ACJQ5CA	0
B07QQP9BHC	0
B07KTF78JN	0
B07G4ZDXCN	0
B074N9F9FB	0
B07529LKQN	0
B077SY7DSS	4
B00ZQVWPME	0
B0154F72F6	0
B0150XD9U4	0
B006QLIR7A	0
B071X8Z439	0
B07QWSKN5B	0
B07XM8X97D	0
B07PT5WC5G	0
B07VLP35WD	0
B017W4LF6Y	0
B00B2AXRWU	0
B08WWWCGPS	10
B07G84VQ96	0
B079PGP1WH	0
B00VSN23ZI	0
B01N9B7NDG	0
B00W78VO4O	0
B00YCPIOK2	0
B0798368N9	0
B00KNO3XNE	0
B00I41T1JS	0
B09B57MHMM	0
B08LBFT8TW	0
B0BP6Y7ZJ2	1
B01N4G92AL	0
B08NXWH64B	0
B009S50KYO	0
B0028AWAB2	0
B08DMWMF66	0
B00Z8NZL30	0
B009WXCW1Q	0
B07H5NP68P	0
B07F2FXT52	0
B088K5VQJP	0
B07D27T1Z5	0
B01015WC1I	0
B08S76BKMG	0
B01EIO2HCM	0
B078WLMK51	0
B09QN7HFSC	8
B09YGHCKZW	6
B07K5T7CK7	0
B09X9D2XPH	1
B00L4O1J88	0
B09QT4M6NS	1
B079Z3KXTX	0
B09NY8YFXY	0
B07B9QR7ZF	0
B07GYZZD6Y	0
B07ZCKYBTX	0
B00MH0S8UK	0
B00JNML3LG	0
B07HK2XQGY	0
B00UL97RF6	0
B093Q22PYP	0
B07Z9QHK34	0
B077RLGJMG	0
B08LL5L4V4	0
B07T53TM1J	0
B00I2ZCXQO	0
B07DLCM519	0
B019PTLHNA	0
B092VHRZZ3	0
B004DEQOTU	0
B08QF55PB2	0
B08YYCB2RZ	0
B073X1MB4L	0
B01FV2RHTS	0
B00H4A9IW0	0
B00JTKXCIO	0
B08DF3J7FZ	0
B087QSDGW5	0
B07QLLTJWS	0
B07LBN86RY	0
B09PZT3HV9	0
B07J5D1Q95	0
B085RZMBXF	0
B08F6LYPFG	0
B07TNG3CTY	0
B08F25G4QR	0
B0BY2GRDFX	0
B01M9B53D4	0
B003AJB62O	0
B07YHBMW7S	0
B00K3GGFN2	0
B083Q7HQS4	0
B001BO2LR4	0
B087Z95W5K	0
B005XS08EC	0
B008FSH5MA	0
B004I9UJRS	0
B07BSCBZW6	0
B0874DNWPF	0
B078JDQMTL	0
B00MMX8D4I	0
B0108UHXYM	0
B01GIL4M7G	0
B074MK6KB6	0
B00PPCQNWM	0
B086SW84X5	0
B07PXS98QY	0
B00SLBF21C	0
B07SR1QRQD	0
B004WYZZA0	0
B085G1X2J5	1
B00TS3XL24	0
B017LQGEX2	0
B01M2XCAXA	0
B0875P73DG	0
B002NHAH0G	0
B07669D9YX	0
B01C1XFWUG	0
B07V5T5GTM	0
B0892ZG16W	0
B000W8GMNY	0
B002C4JRW4	0
B00II5JNAC	0
B072R2YJX9	0
B000NO4KOU	0
B012XYMSOG	0
B09JBHFJ7G	0
B01BSM661K	0
B08P4TSWCX	0
B06XXJCVCR	0
B084Y7YLZS	0
B00BGIPPXM	0
B07DMGH8YY	0
B07BJMMLZK	0
B00IYSTABK	0
B0B9J6GX8D	0
B08F53SQTL	1
B08LTZ4DNL	0
B06XKTR5YR	0
B01G5ZMUG0	0
B00K7L57BO	0
B07R3DV9ZX	0
B000RI4C7C	0
B01HCJ8YDG	0
B015ZIWZ7M	0
B099ZL6XXH	0
B074WBYNXD	0
B07TJSNWWX	0
B071GYHTW4	0
B00Q44GM9E	0
B07M76Y57P	0
B00HYYP45G	0
B09MF266LH	0
B07N2DSLVY	0
B08T5LSXNX	0
B088P57L5Z	2
B00U07J7WU	0
B0CCCQD2VZ	2
B07Z1GX3WF	0
B094QNVGYG	0
B08GKNR9QR	0
B08X2Q2TMF	0
B00ROSDCBA	0
B09HXZ22LF	0
B07CYL2VG3	0
B07D15TTN9	0
B07VVP6YCX	0
B0BZGMRS5V	0
B099JC3CDX	0
B07H36YL9H	0
B07GVB28XZ	0
B0043EH4DK	0
B01MSW5NKG	0
B007AHHQ5I	0
B0179PGHAA	0
B08DNX8QWC	0
B08FTC71KC	0
B0059P7RV6	0
B077LLDQBS	0
B07SG7SLWN	1
B075NQN7LG	0
B071WRR1YS	0
B010FE6MMK	0
B07RT94PYW	0
B01ICE7OHW	0
B088WJZS6Q	0
B07H2JJC6L	0
B08176BKCY	0
B000QX7ZC2	0
B0845FDDWY	0
B084JBKQVQ	40
B01M1CZ4N8	0
B0716S3Y6C	0
B07JHQGHR9	0
B07H8XNSNH	0
B0108PXRTM	0
B07DR9LGDW	1
B0C782693R	4
B0797N4ZYG	0
B08H4H9ZST	0
B07TGDW6T8	1
B07RZQDYH5	0
B006W21GEE	0
B076H2C83F	0
B0B4C9MXVF	0
B09K43SFGD	4
B01JQSNR0Q	0
B074R7Q78Z	0
B01M0HPWB3	0
B01HCEPTN4	0
B00HZU12RS	0
B07B17366Y	0
B07B5FQTWR	0
B005OT1Z7E	0
B0773BZZWM	0
B07JDGTZ2H	0
B075MXST6P	0
B009MIKJ34	0
B00K1Y786Y	0
B00DP9L1VA	0
B09H34Q9SQ	0
B0894LQM35	0
B000FETYDU	0
B01M6U3188	17
B074GW9BYQ	0
B09YXV11XZ	1
B00KQJWWSS	0
B07FDYL5GG	0
B09BZN9K6H	1
B07TBZ8WBR	0
B00DYE09V4	0
B003IT5OGK	0
B09445T72W	0
B00ARNTHX6	0
B07C3WC3KW	1
B0124JLKJO	0
B074YK229W	0
B07W672H59	0
B071G3NH69	0
B005EOS63A	0
B07FPVVSN4	0
B07RX27WQ2	0
B093YXJHK9	0
B004TIX1M8	0
B00LIN6JLC	0
B004ORO2JK	0
B0073N84LY	0
B07CTL6VP2	0
B06W2HBDN3	0
B0B784PZNC	0
B005EW040U	0
B01HMUSDY0	0
B0048BPHZK	0
B0749Q93S3	0
B007EKQQ02	0
B008DBZOEA	0
B0B1GXRFBM	1
B089JKMQ9G	0
B00M4PM4TO	0
B075K2VHNN	0
B07TC4DQMX	0
B07GWMK638	0
B07RT97VZJ	0
B00GRSQCO2	0
B076J7VB8G	2
B0C1GDPSNY	0
B00TPP7JPK	0
B00IAJRXYE	0
B07PBVJ95M	1
B09YM91L97	1
B0CD8SBT4K	0
B01LYHF10N	0
B01H7CUSOG	0
B00SUAF03O	0
B079B7PGDJ	0
B003CC1G06	0
B00JX505QW	0
B0013M91P4	0
B01LNMW6SC	1
B01LX37N1P	0
B01DV86X2G	0
B00WTLBI04	0
B00U6ZXPNI	0
B09SPPRPRW	0
B00AZNVMLI	0
B01J5OSJ8Q	0
B094HGPTXT	0
B00I1ACTXW	0
B00HQP7Z96	0
B0921BBGZR	0
B0BY854XMP	4
B083VHP6BM	25
B00VFCFSSG	0
B09Z2VTGG2	0
B019CRZYO8	0
B00O2QMAME	0
B01LWAHO5R	0
B0C678YX1T	1
B07BV6J3XL	0
B0130MSL5A	0
B08C76XXG6	0
B008LVNDU4	0
B09NX8PX9C	0
B01LBGG3QQ	0
B0B5N8VVJ2	1
B0151WOJXA	0
B01BSO66VI	0
B08V89FS7Q	0
B075X3ZLJ5	2
B002SPKDPM	0
B07RZ31P1Q	0
B07MWDD13Y	0
B00I93WHU6	0
B08T5X8FW2	0
B09WBYSPC1	2
B07YTYW9N6	0
B08HYHQLBC	0
B00GXDPX0A	0
B08Q3QNYKN	0
B01MS71BVZ	0
B005PW5BKC	0
B0087SALRY	0
B088C2JZ8T	0
B07CZ9QK7R	0
B0722DV55T	0
B09CTT7VYF	0
B08X44FP5L	0
B07D9VBZFM	0
B0766N7HWN	0
B08X4GBN9B	0
B07WZHBCRV	0
B08GQS4DM8	0
B07TXZ1G8N	0
B09WXTQ2QV	3
B00125NWL6	0
B082GC8FNB	0
B0797J9QT6	0
B00KIMNRO6	0
B07CH6QZDT	0
B0044WU2IU	0
B079S7J43T	0
B077Y1P1TJ	0
B00AWR9T3U	0
B078WLMTZF	0
B0721RF9Y8	0
B00R1X5VE4	0
B079VXLDWD	0
B01G9MSZBI	0
B0BFCDRL3P	1
B0B7BPDNFR	22
B0C62ZGLZH	0
B01J4BJL7S	0
B07L95B8CB	0
B07F393D61	0
B01HWZFF2I	0
B01KNWHQ38	0
B09LSFPTDW	1
B0040YLWV8	0
B07N8GKK2D	0
B08C22Z2RY	1
B000OTDGHQ	0
B06ZY7SQ5L	0
B08FP4GTNY	0
B07GB2KZGK	0
B01G39QX4I	0
B08ZMVJB7H	0
B07BLPY6FX	0
B086ZRZ8R7	1
B09QKNLZQN	1
B07N7DX9GX	0
B07RQCJC8Q	0
B07D3LQ76K	0
B01LCRFKV8	0
B082859MH8	0
B00LU9ZBFY	0
B07NLMTFYM	0
B09YSQQWKM	0
B075SK4T7N	1
B00QW3FGL2	0
B08NNYWTR3	0
B0C62X675S	10
B089ST1BJV	0
B005K7Z6SY	0
B00Z3Y65PW	0
B003MZ0PFK	0
B07H2YHW6Z	0
B06XQ3ZB5H	0
B08KGDSNTR	0
B07BP8PJ9L	0
B019PY6MWQ	0
B071WKRGFX	0
B07CGPYX6G	0
B07HN5R4JD	0
B07YCG8YZG	0
B08F4ZBYWK	0
B08GP6NK8W	0
B00WN140TQ	0
B01IFFDOH2	0
B00AEXVBJ2	0
B0BX6JK787	1
B097RPWF1Q	1
B00XKWEA38	0
B0B8PHRB6F	1
B0088QYHZ2	0
B07K5DT3FD	0
B000VVAMZG	0
B00PJ6HBMA	0
B075S2PCSB	0
B012D5X93Y	0
B00MAAPQC0	0
B09TKMQB8R	1
B07FDYD1CY	1
B00KVWFZIY	0
B07YJTHSRZ	0
B07YWK6KLC	0
B00CN439XQ	0
B00D8QCS2G	0
B00LVQ8NU6	0
B08KG52XLM	0
B099VRZSGH	0
B000A8LQA0	0
B09K3XVK5H	0
B09PL8WZ8Y	0
B088K299XT	0
B00S5A1UZG	0
B08G8XH5JX	5
B07X65GLMQ	0
B09HQDJFZK	0
B07SV4PL6L	0
B09LJ252D5	0
B07BHZ13RG	0
B082X4DRWV	0
B004V23Z5K	0
B00ANSWE2G	0
B072FPQ3DN	0
B0BLY18TSP	0
B07762TH56	0
B07T7J78G2	0
B075VCQJ4P	0
B09JSZ8WF2	2
B09X199154	0
B00KGJYDDU	0
B07F8T8232	0
B084ZYZH7P	0
B07VRBQDDC	0
B09D7KLMQV	0
B07R3VPKHB	0
B08LYFWG7Y	0
B071KN8GPM	0
B072XWRRXG	0
B07P5NWYM5	0
B087QL6V9S	0
B08CRC9QMV	0
B074RCY263	0
B01MTAG0DT	0
B000SEAPKS	0
B07Z7L475T	1
B00S8N34TA	0
B00MVEF98Q	0
B00YYDYYHE	0
B07W47WSHY	0
B0186M6NTU	0
B07XKJH2CQ	0
B001DYF7OQ	0
B005ZWY2JS	0
B079ZZ3KJS	0
B008J536JA	0
B06XTPF3CT	0
B00GHF9IQY	0
B00EWZ84V6	0
B08ZN1QY77	0
B09MYHZKSN	0
B01K34RUMI	0
B0748D2ZPT	0
B00I0AC9AQ	0
B012Q9EF5S	0
B08ZXTQC8P	0
B00RDJHBN0	0
B01A08L98S	0
B00JKMOH1C	0
B00VVRX5LC	0
B009T1FT4S	0
B00H4PF8ZQ	0
B00VXLQPRC	0
B008U0W7LC	0
B079KHHZYR	0
B074R9DMFG	0
B0CD38Y7Q1	0
B07JW6SF5B	0
B0104CEG4O	0
B00RLZ8XWY	0
B09HC7TPHP	0
B00S3MGJ0W	0
B07SFG8CJK	0
B002B61ERE	0
B082X1P58X	0
B087BV681D	0
B07MQ1R3MM	0
B06XSHYJLW	0
B018EXXH72	0
B07D1B1R7C	0
B018S7094I	0
B07FNTDDVT	0
B09NTWY8M9	3
B082QVVR8B	0
B08HGL5MTV	0
B01MU7SF2F	0
B077XLT9TM	0
B008YZ0BIO	1
B00HH83APK	0
B0073D6CTU	0
B01MSUBKAI	0
B019XQCVV2	0
B01CX5CK1Q	0
B07B7QPDXT	0
B00WNZXJNK	0
B00WRPKJIE	0
B09FLMZB7F	0
B015JP8T3U	0
B07VPB42GS	0
B078YKLT6N	0
B0074196QC	0
B07KXQX2YY	0
B001KVZ0YE	0
B072MQS3T2	0
B081X58SSZ	0
B00AKACYOU	0
B06XX3LJ5C	0
B0CHW1S9BH	2
B09DYXMH95	0
B0B4VPZRRR	47
B00H8ZJOWU	0
B08XSHDQG3	1
B07B9S9Z1J	0
B08K47KPPT	1
B0BXJ86YZQ	1
B08FJFZKXZ	3
B0945CGH9C	0
B08CKC3PLP	0
B07H9FS3VM	0
B019COKF2M	0
B00YOK5XFY	0
B09X2LS3VD	3
B07R1ZX96G	0
B01MXHYL54	0
B00NHN2FXM	0
B07518MY9K	0
B09128JC1H	0
B00RW5M8NI	0
B07H11PHW1	0
B00CDHOZRW	0
B001GS7EX6	0
B01LZ63KUB	0
B07J2JMBC2	0
B07H5HK6TV	0
B07BCR5BK2	0
B076SJG2NT	0
B07K9NHW83	0
B072ND1JFH	1
B01N30SFB1	0
B073S511XY	0
B00GT48SZK	0
B07YJM28DZ	0
B018V8Z1EM	0
B004T0YCSS	0
B07MQTH22T	1
B07Q5N48QM	4
B085VT11FV	0
B07G36LWF7	0
B01LSMHKWY	0
B0058VB3AM	0
B00AASDZQ8	0
B01616J9NU	0
B07YLR7WMF	0
B07JHLJ549	0
B013UVK2N0	0
B072MPC7KD	0
B07RYG7KS1	0
B081FHSRZS	0
B007K1PLCY	0
B0BH5G5HXR	0
B075CTW2LJ	0
B0BG8R3H31	12
B009FUBNE8	0
B07DDGQHP5	0
B0C2S2L9GY	1
B09GX8JM74	1
B077PJJW57	0
B0897NQF8M	0
B00P03AMH8	1
B075XPLNS9	0
B07L2N2T9G	0
B07GRYFCJC	0
B07LB3KV3K	0
B00LO13V2S	0
B005H6SUGI	0
B003BIHA9W	0
B016A8ASCK	0
B08C4PN3LQ	0
B074N3MTJC	0
B094MPP2P4	0
B08LCSTD2W	0
B08BY72M3J	0
B0BKW2MXRT	53
B07H9DB6W4	0
B00FNHXXFE	0
B08PPD9NTR	0
B00LR2J2RM	0
B00ZJGELI2	0
B0B7VYPTYQ	12
B00R54V2IS	0
B07JB3M2KV	0
B015DVVOPK	0
B09NV3TY3J	0
B01MZ1LVFF	0
B08ZMMPN22	1
B082W5ZG8N	0
B09XZNSS62	1
B08HQP81MP	0
B00I02W5IU	0
B07Y4QFYX4	0
B00H284F9U	0
B07DK31X4Y	0
B00DIVTMIO	1
B07TV9BGVS	0
B07S87MCZB	0
B07CM1PHW1	0
B0BRXS7X7S	0
B01N7NJPTA	0
B08DCFZ1WB	0
B00IK28QG0	0
B00KLVKU7Q	0
B09SG681C8	0
B07H4L7BHW	0
B01MS73IL7	0
B01F2E57YW	0
B00H69KNDW	0
B006H1CXEW	0
B00008ID1A	0
B00T0RA5EK	0
B07B9VYLVH	0
B0783B5PPZ	0
B0B5WFLQ3Z	1
B01LYS7QHJ	0
B07YKR9J5H	0
B07PWYWZLL	0
B078T8Y4Q3	0
B08B662STG	0
B07BJ8851G	0
B081DNP3KC	0
B07MX2FKJP	0
B00LAFL30K	0
B00DQYT7LA	0
B07NJPDSST	0
B07K4YS715	0
B08FG4J37K	0
B07ZF6X4V2	0
B07X4TY4ZH	0
B07F3CN7VN	0
B07YMD737H	0
B000JN5RDS	0
B00X4YOVXQ	0
B07RGTC7HK	0
B08TBXT3WW	0
B01MXU0JI6	0
B09NYCQSK5	0
B083RDKQJ4	0
B001CTIM94	0
B00D1JR5FA	0
B00LWEOV58	0
B0043052TC	0
B00S7DRC8U	1
B09432V2DJ	0
B00DNNIGDY	0
B00C2WGRC4	0
B079QYZPPK	0
B00UGBYPGI	0
B01N1SJO9G	0
B0895NZPK6	0
B07DQJ5T3K	0
B01CF2NNU4	0
B08CSJP1Y1	0
B0B4G46TXT	6
B082XVWK35	0
B09PHFK57S	0
B072NMC3RQ	0
B007ZQNGIU	0
B01G3ZM88M	0
B07RM4NX6C	0
B00TF7H692	0
B0020MMQBW	0
B09KLGDWTC	7
B0113P1K4U	0
B094BJYKVK	0
B0C9NWZJT2	2
B00UD48CAS	0
B016LCFDM0	0
B07SCLFBC8	0
B074KTKPD3	0
B01D12PFGM	0
B008YIY3GC	0
B06XHS15L9	0
B01FT8O6RA	0
B08JHBWX3X	0
B07JFXXMV4	0
B015NFQE3I	0
B00KA70HWY	0
B00YW2VCQ8	0
B001TA3TTY	0
B01M16FC7F	0
B07M67Z48Z	0
B018LWVSYA	0
B004J4WRJK	0
B08SWBH3FK	0
B00FXERFGK	0
B06Y52LB7F	0
B00EB13TNO	0
B000USEPO4	0
B0B15B9ZFC	0
B07VJ8HNJT	0
B07BWHH2QB	1
B00MH1G13K	0
B07BYWL7DN	0
B07CBYVNG4	0
B09219CWDH	0
B000IZEJWM	0
B09RBDYM53	0
B003L2JCR6	0
B08K2N9SWY	0
B07T17DVMB	0
B00O2KFANQ	0
B076LVNQV8	0
B01CDIZPJM	0
B00LXBOA6A	0
B00DRCAAJE	0
B09XYKHP3Z	0
B09GFS526K	0
B085TS82PX	0
B077Z9Q5G6	0
B00LPPT7CQ	0
B07QXYQYWH	0
B0BNBRJR1L	0
B0BVNZRV9J	0
B081YF4NNS	0
B01MS93U3D	0
B00H8WRJM0	0
B07R4QCFSD	0
B09F6S53S6	0
B06VVQ5YYD	0
B084H9J6JQ	0
B07BJZ8LW1	0
B06WD23FFT	0
B07JKHX4CX	0
B085NJQ3M8	0
B01IZXYCRU	0
B07T9STZ4P	0
B0062XW1KQ	0
B08BZ41J1J	0
B01NC20U4F	0
B0108XRLNW	0
B08P5MK2KX	1
B07PNDVW86	0
B08ZHGX8Y9	0
B07G5KNZJN	6
B08V8C14CF	0
B075GH229X	0
B095MP89CW	0
B016Q8HZX4	0
B012D8SWAQ	0
B08D6KFBK6	10
B08KSPDS9S	0
B006K5KNOM	0
B00HKR129Y	0
B00OMT2BMK	0
B09X439MFW	0
B0847M74SY	0
B086BSBQLD	0
B07B8DFSHX	0
B07T5LQ7KN	1
B00S5SMST0	0
B01BN0MJZ4	0
B08HRLTC65	0
B00L46MGOM	0
B083R1BBN3	0
B00TR76X4O	0
B07YCXHW3Q	0
B07F16G1TF	0
B00VQKEG08	0
B00AZBQ1EI	0
B001TKOILM	0
B00G9APHLW	0
B092MTJ7WD	0
B06X3WBDB1	0
B074Z78WVH	0
B01AIROWEE	0
B01HNDLH2G	0
B019DY6KQ6	0
B008AJYN8I	0
B0C3HY7BJQ	0
B07HKSJGRP	0
B071L1BV8Z	0
B01JMC9U5C	0
B00KY5OMWI	0
B0925MM7CD	2
B07RGVPCFG	0
B01N2OUMOX	0
B07JD2XYM8	0
B00JRT0GYU	0
B09TT1QJ2N	0
B0142OBIHI	0
B00XLS468A	0
B0BMTVQY83	0
B000PSQXLW	0
B0BY8NSJHQ	3
B07DCR28L1	0
B00FG1ZF0I	0
B01BPL4K4O	0
B00LO5KS7U	0
B01GJIFC3Q	0
B09WVXDGSQ	0
B010Q6POQC	1
B01LSIM88Y	0
B0BTNQLNT3	1
B08WJQ7DMV	4
B0BVG5JSFB	0
B075D7BJWS	0
B01BIRQ610	0
B01M24Q143	0
B01KCPKL7O	0
B013VWGGXI	0
B06XTX6B3Z	0
B0B9RRS5C6	1
B09PFZY848	0
B0882WPHNG	0
B08SC452ZN	0
B083V4HMNM	0
B01JYCC3GI	0
B07QTZCQMY	0
B0B8X395GK	1
B07RWZYN86	0
B07JLHHZXZ	0
B00E1YJPLG	0
B003HEX0I0	0
B00N0IMUZC	0
B00GYCG2IW	0
B004I5H0P6	0
B07G7SKSLH	0
B08GLP35Z7	0
B074W2H8L8	0
B07C672X9L	1
B0BKVCQNSC	5
B08MWBGWJT	0
B008XNTROG	0
B075G722L3	0
B009SNKJ9W	0
B09T671RC6	0
B0B96L3R51	5
B01M750CKL	0
B07MM1CLHD	0
B01B3HY0PE	0
B075KSGMKZ	0
B01MTUR7QO	0
B07B8TCZGL	2
B07N4MMZN7	0
B0757DXTPL	0
B071ZZQTYS	0
B07TXLK14Q	0
B09JSRMBBM	0
B06XC9R3P5	0
B071CWNJWY	1
B017ZKA5C0	0
B072JV1T79	0
B08QWFFL9G	0
B07SZ5VWYS	0
B07B4HT7LC	0
B071F57NQD	0
B007G3LTYU	0
B09LG14RMP	4
B07W7W3M1V	0
B00CM4NQAS	0
B078X2ZV2G	0
B0761VL1ZW	0
B0B74B5ZH5	3
B0057KLB8S	0
B00JH9L7MA	0
B0097MFHTG	0
B074MBFT1M	0
B07L3QGFFS	0
B00WQD7976	0
B01M13I4SQ	0
B077ZFQ3XC	0
B0BN2NX8TG	3
B011VEW1VO	0
B07YXNM5JH	0
B07GL8MFQX	0
B01KZCLFCO	0
B07KR1KYDY	0
B01B02W5EK	0
B072FFY9W5	0
B08KNY3YZ8	0
B08Z7ZBC1D	0
B074FFHR52	0
B011DN5X7W	0
B07BKWP7DB	0
B07CTGKDB2	0
B0B42BWV8P	0
B01K28UFLS	0
B0B588G197	0
B07PFV53BD	0
B002Q0X2F2	0
B00HQ4ZVRA	0
B006LSAM3A	0
B07P31S8HN	0
B00EEJSR7Q	0
B00FZ68QJG	0
B00O7O8WVY	0
B009GGVUFS	0
B09J85LDSC	0
B07DDQ2992	0
B074ZTFX43	0
B008AMMAZI	0
B0855CGVQP	0
B07C5V37FR	0
B099NZ59G7	0
B005XS1F1C	0
B079BWQG5R	0
B07K4PLJ66	0
B00XUPV2P4	0
B07QSTYBKH	0
B08ZSGWYZV	0
B08JGDW72Z	0
B00FLCQ3QC	0
B07ZCC3XGT	0
B00GUG4NS8	0
B01HYYWK1G	0
B00QXHBM7E	1
B07SCNMNJD	0
B00DR0IZKW	0
B09Q34KWHG	2
B010TK8EUI	0
B07Z7S3SSL	0
B01MZ6DCV6	0
B07PJX962D	0
B088GZ928B	0
B001UGDM3K	0
B07J6JR38C	0
B00132UOYG	0
B00ESURW2M	0
B0BBV7FK69	1
B0045Y1YY8	0
B07CVP2VCP	0
B07KVZ8GQ5	0
B01CKOBCVY	0
B0861B5M21	0
B07BKLH9PB	0
B07NNYGL78	0
B07F8ZFMHB	0
B0BG8FS6K7	1
B082PJVXQY	0
B07GJW5FFQ	0
B00CM6008C	0
B0798DQP2B	0
B07YZR3MKW	0
B076CPSPG4	0
B01BOBJWRU	0
B079KB4X97	0
B092293ZY3	0
B09XRF7W1F	1
B07BKS87X1	0
B00OMSCLVW	0
B087QN5HQ2	0
B099KRCKMD	0
B01IUF8IGY	0
B08PXYQFML	0
B07FT8ZM7Y	0
B08MKKYYH3	0
B08XW5YLN6	0
B008J5G6JC	0
B08DV3RF5N	0
B07Z7CJLSV	0
B07G8RLVZP	0
B008DL4BSK	0
B07S685RTZ	0
B001J54TJI	0
B07LH5YQ8B	0
B07GYRQJ2P	0
B071H9SVH1	0
B07GXF7Y1P	0
B06ZYVCC3W	0
B09LHN6FFK	0
B00QJMMPBU	0
B0BHX1HX5M	0
B08WWT4VPG	0
B01HP1KJ98	0
B07D9Y1FS3	0
B00NMSKFRU	0
B00LW4ROXE	0
B01BBY4HA2	0
B08ZK7NZBX	0
B002UZXWX0	0
B06WVH7LS2	0
B06XV37JPX	0
B00A1S7B1M	0
B07H35K2BZ	0
B00CMRAVOE	0
B00XL5I5ZS	0
B09NFH61LL	0
B01HN69YNM	0
B008LN2HCC	0
B01JI2XT2Q	0
B07YP44KKG	0
B019ZRMCYK	0
B01HEW0P74	0
B000JKR1PS	0
B00KZ0YGDW	0
B017H04PAG	0
B00LCL245U	0
B084P26653	2
B07T19MBKK	0
B00ZHTTJLA	0
B07T5HNBH1	0
B0049BPIWQ	0
B004BGZTQE	0
B09DRP2SZW	0
B07RZQDJPX	12
B001EJ7NU6	0
B0736LBXDR	0
B07QRQPQ43	0
B002WDC1Z0	0
B07F7RK3ZC	0
B07C743ML4	0
B07Q1KHL7B	0
B01MYNODJU	6
B08CHQ7WXL	1
B00MY01TOU	0
B011DKSOPS	0
B0098TJCJO	0
B09W2BZT19	0
B01BIE02R2	0
B001NFNY2M	2
B00N8Q8PUA	2
B07WK2SDWD	0
B089WG8BGK	0
B007A8QIS8	0
B00OYX3T2K	0
B09FJSKBZL	0
B00AEJX8OW	0
B077Y23DVV	0
B073JWB6NT	0
B00UHOLSNM	0
B00GNI50LM	0
B083B7XJQJ	0
B07TT7CH7X	0
B008LJWK1O	0
B07QSJRS59	0
B0B513222K	1
B07RY7Q646	0
B088NW8C9X	0
B0081NVESA	0
B00ZVWIZZY	0
B0BGKZ9KBJ	8
B07TSKRPWN	0
B076NXLVV5	0
B0C5FNPBWF	0
B07DPLDCB2	0
B076CQ3FBW	0
B001HS9I4S	0
B00I86N7VW	0
B07CTB9PGR	1
B09BT9TVGK	0
B071JP3K3W	0
B0009WOM76	0
B01E6KWOO4	0
B00ZTPKXYY	0
B08VFS1HJY	0
B082V384XH	0
B07BN6GQ1T	0
B01K8WCQLA	0
B013RZNNDA	0
B07DCJ556N	0
B087BPCKD1	0
B08NC3KYDT	0
B09G26Y88N	0
B07YY6PZKD	0
B007QTNRSU	0
B07PDJW7PF	1
B08M97RX4Q	0
B081CM34LK	0
B07P7J1NL3	0
B001E5DH2I	0
B07Y82JTSP	0
B06WLGQH3L	0
B0B1VB5R5N	1
B003MA61KI	0
B00DU1C8OM	0
B0789V3PHB	0
B077V3LHVR	0
B07ZFZMY27	0
B08P44CNBP	0
B0969TCBMW	0
B076FB5TWG	0
B01IJZEPVW	0
B07QNW15L8	0
B092ZPZZFK	0
B07KN8Q8C1	0
B08LL54KM2	0
B01F7PCB9A	0
B00T6C6BK6	0
B079LWL1FG	0
B07RGP2M41	0
B00E0PN5IU	0
B07WJJB5V6	0
B07J4RSZVY	6
B00K127VSQ	0
B01MQ9Z67C	0
B07FKNNRFK	0
B07Q19W1PR	0
B013TB9UE8	0
B00JQ88R7K	0
B074VPQFS7	0
B01GE2RF82	0
B0BTBYTH7D	1
B08QG4Z2PC	0
B00584THF2	0
B00FY95ZCA	0
B007CJH22G	0
B0BD6KYG4K	1
B06XNLZVD9	0
B08HGZX38R	0
B00Y4STZ1E	0
B00NJ43S6M	0
B00AIH2FCQ	0
B09Z9351BN	0
B074QT4W87	0
B09RV2W6DX	1
B07W7YRG5C	0
B071G1PSB4	0
B01JK926U8	0
B076QLCWCQ	0
B0722L364C	0
B07BDDQ9FP	0
B0C5F4BMLV	1
B07CK73QNS	0
B09WLXDRRX	0
B008MCW7K4	0
B08V5MVTH5	0
B09J8N6GKY	10
B0041EBNC0	0
B004887XSM	0
B00GTR4HNY	0
B00LNCC458	0
B07P8CQQZN	0
B07S484SXD	0
B01N2O1UFZ	0
B01N2HPESY	0
B07DNPPY2T	0
B00OOLT3HM	0
B006VG31NK	0
B005DKQOAC	0
B09V7VH5ZQ	3
B07CSRP62N	0
B075MQJZCX	0
B08PNVX342	0
B06XR1B4Y9	0
B00GN9ZHQO	0
B015EB3A1A	0
B0C9J86VT1	0
B005D70R5I	0
B00NUN4WR6	0
B01CCTCW8O	0
B074KPZMBX	0
B08QG2SB1P	0
B016485RWM	0
B0141DYJ80	0
B06VXXSFZ8	0
B00XT5JZ3G	0
B002WI7DXU	0
B07GW8588C	0
B0084HE8OU	0
B002FL59US	0
B00LMLT7J6	0
B00D8FYQAE	0
B06Y58V21Z	0
B0BL6T82HR	1
B074KHCW15	0
B073B79281	0
B001JPS3MW	0
B07ZZS2L68	1
B06ZZG8XDR	0
B00ZTNEQSA	0
B07B7D5284	0
B001Q4HDCM	0
B00GVI9Q3C	0
B079WQ3D3X	0
B00ONGAQRE	0
B01CGWVBDO	0
B0C68K7KSG	0
B00M4LYNFG	0
B01MDMDEJ9	0
B0CBCMWNG6	0
B07CKQP8SD	0
B08XW69S8Q	0
B07V83JGDZ	0
B004I6F7UU	0
B01LIX6420	0
B01LR9CAM8	0
B06XS3LZ1P	7
B09BC78KHB	0
B0BBLZYQ7Y	1
B075ZZBSS4	0
B0829ML6Q9	0
B005G2HF96	0
B006UF5UFO	0
B011BWJBSW	0
B076BRN7C1	0
B08FR11WBL	0
B00R62J0LK	0
B00QNBIAES	0
B00W5UTLJE	0
B00ALGNSRK	0
B001616IFS	0
B00E84QGES	0
B07GNGD8CY	0
B093Y2R1GG	0
B08JLJFK62	0
B07D299WRZ	1
B07ML56ZVY	0
B00J7DXH2Y	0
B00OJ90T0E	0
B00KYCF4PU	0
B0085890AK	0
B07BL1P21B	0
B071YSX2RJ	0
B009NSLNLU	0
B009FN65FW	0
B08THFTWVT	1
B09HTQD6R7	0
B00142DGOK	0
B07JLZR5JJ	0
B01HIZ3WJK	0
B07C2XM7S5	0
B07XJ7496T	0
B000LM8GU8	0
B014659B4A	0
B01EYU2NNI	0
B06XPFNVVD	0
B087C11KSJ	0
B001KZHOYY	0
B07L1587W2	0
B00LBELQNO	0
B00D7L5IEC	0
B008MLT2TO	0
B01N0MITV2	0
B001BOLSFU	0
B0B5FCRHX2	0
B00F0TO1S8	0
B09TLCDWYX	1
B00LHUEHF6	0
B07L8W31B2	0
B098JYFJ9Y	1
B00O801QTW	0
B07DXS7VPK	0
B07B4LN656	0
B08C5JXYT6	0
B01IDRYQLU	5
B07WDN5WCN	0
B01N7HXIK9	0
B001A6J42S	0
B07V6CSBKF	0
B092M6TQFW	0
B005G20IUO	0
B06W9J53K5	0
B008H4DW1K	0
B08B46ND4C	0
B077JN73B6	0
B08BZ9V16Z	0
B07S9RYKN4	0
B003MJ9BOM	0
B07BTWPFBB	0
B007X4DQJ8	0
B00AIJ1VHO	0
B07CSBZ3RS	0
B00C797RIA	0
B004D9GWM4	0
B00ARJTNBQ	0
B08CMV5BCQ	0
B01FWQZ1V4	0
B085MVNSYX	0
B00BQ2BKM8	0
B01F2SQRGU	0
B07NM837YR	0
B0791L3C1M	0
B09JWN93LG	2
B01K4UN06G	0
B07BPKWV78	0
B06X3VP3JN	0
B00IFPMSHU	0
B078J2K9BJ	0
B00A6EUBH2	0
B07WR3YVT5	0
B01B6S9E7Y	0
B01N2NYZ87	0
B0BF9BCZ2V	1
B00I096P8Y	0
B0030DFCCU	0
B08LZR3PY3	0
B0741J9CW7	0
B01IPYOOOU	0
B004LKZ6U4	0
B07D33ST86	0
B00I69DA2M	0
B079FYY37Z	0
B00TKCH4DK	0
B00LMXG33C	0
B0BCPQYM9G	0
B07L975RRN	0
B0756BLX6R	0
B0097K325E	0
B016ZY19PE	0
B08882QBFT	0
B00B240E0O	0
B07QG5LN5W	0
B01HYW0V9Q	0
B00ZF1OB6I	0
B081TR6K3X	0
B07HH27F1K	0
B07BR577BN	0
B01IFXRYSO	0
B0917BK4PD	0
B09CYJ23NR	0
B00KGWWXUW	0
B00N5S01TY	0
B07ZX9C9JQ	0
B00JWS8PB2	0
B0012XPASQ	0
B081JP6DJH	0
B01KHLLY1K	0
B07BXDM6RK	0
B091KH6TDN	0
B00J2WHI2U	0
B08DBTFYVJ	0
B0BY2LM1KR	1
B08GH7YJ29	0
B071Y4L2Z4	0
B017V7FBZ8	0
B015WXMY44	0
B07HY9J48B	0
B078SLWBCZ	0
B00YZBKO10	0
B01MR8B9XH	0
B00VQ7PWGI	0
B005DTP508	0
B07MCGDQ5B	0
B01N6E9OO9	0
B07WWVLD7V	0
B0B4HFN694	3
B08LPT458J	0
B07DJ5RQ32	0
B0B2MFKX45	0
B07G54T4PN	0
B0088MGQTQ	0
B00OYE6Q7Y	0
B0144TK3DQ	0
B084P5CT9M	0
B07FWGGCR3	1
B00FSK2TNI	0
B088ZWPBSR	0
B00CZ6T3SC	0
B09GKRYYCM	3
B07W6XPMF3	3
B0B277VTK9	13
B07FPNNQJW	1
B08Q3RYN1L	0
B005IBQXCA	0
B0B4BJ7G3C	1
B07B9L8L1Z	0
B002B23SK4	0
B00AO3BMPU	0
B07RKXZXRZ	0
B0C7ZBMG3D	1
B00RB8J67W	0
B071G7WGFJ	0
B00CPIUABO	0
B01IDP2Y0W	0
B07P4C5H3Q	0
B08LDRK4F6	0
B00J0BWH3I	0
B07P2Z7GP4	0
B00FQZB09O	0
B00EK973M0	0
B09SZ8TC1S	0
B0BCQDQXSG	2
B06XKG26F6	0
B01IMMBQOG	0
B00ET1N1G6	0
B00H8YO3J0	0
B0013L6AMM	0
B09HHGMS9F	1
B06X8ZYQT1	0
B07CJWHVQD	0
B00G6F2XOY	0
B09VKZNTZS	2
B01M1M6D5O	0
B00WTBTJ5K	0
B01IBURG5W	0
B07NHJHCLF	0
B074XGM22G	0
B00DU6ZJ3Y	0
B07C48T4GP	0
B07WJV6ZW3	0
B016QUDKCW	2
B006VXVWZ2	0
B00MVPDF40	0
B07HHL88MK	0
B07B3YZFHG	0
B0773HHV2Q	0
B09X77Z8XY	0
B01GQND2P4	0
B00KTYM7N0	0
B01H7341H0	0
B07T1HM5SX	0
B01C6AT4LM	0
B0065V17MI	0
B00EDUM1OG	0
B07S4HXS7V	0
B07SJSC7RY	0
B0886GKS93	0
B079KW66BQ	0
B07Z5DQG1B	0
B00B1JMI4U	0
B01GMU40D4	0
B01MRHAAD6	0
B00ONASPKA	0
B007HERP9Q	0
B08BFHGWQ2	0
B07CNZVZZD	0
B0B71QDCHC	1
B07BS326SF	0
B001NIWW18	0
B01N39XWHM	0
B08Z6WNGR8	0
B07GGN833V	0
B004567KT4	0
B01N3T7S01	0
B0BG74BHCQ	2
B0B9MYRCH3	8
B00ACN0XWK	0
B002028YW2	0
B01HLQ43VW	0
B00M0UWCAE	0
B07487VR8J	0
B00L6P7182	0
B00P8A6XF8	0
B07TCGFKZF	0
B07J4Z7SXZ	0
B013UWCYXA	0
B074G3PZQ2	0
B00SRJN8OQ	0
B013JG85H6	0
B0B649MMNG	1
B00469D50I	0
B00E1RYBMG	0
B081W6FR2F	0
B08WJ3X429	0
B07QHX567C	0
B009XAUFTE	0
B07Q4FVYZS	0
B0762R5YZM	0
B07QKXC38L	0
B0754ZB1VT	0
B07KSJTD86	0
B071F2Z7JG	18
B00NL6OGWS	0
B01MDTS0WW	0
B071LHQRK8	0
B004OWUYTM	0
B01MTVJM3R	0
B07SYJBN8Q	0
B07J4DJ7FK	0
B00GRH2742	0
B00BEW2ON4	0
B076DY218M	1
B00LHOEDM4	0
B075R8G996	0
B07MGQ4V3Z	0
B00KKKRGAM	0
B00VQOPGNK	0
B076MFQRFP	0
B01CNOU25S	0
B07C9R5B3B	0
B071Y3CCHX	0
B085MDSCQN	0
B00ICMLXTK	0
B09D8N6Q4Z	1
B08FTBCXD3	0
B08F56D4DK	0
B01N3VX008	0
B089G9QRJZ	0
B084SRGSD9	0
B071CVKC4M	0
B07XL2MP4W	0
B01HEV3W7K	0
B07QQKBTFV	0
B07CWVLM2V	0
B01K6TECJO	0
B08M68Q4J5	0
B0873Y2DZJ	0
B099XDTDWT	0
B0797LBB4F	2
B07193Y7YV	0
B00F6CGAVA	0
B0113OVWV2	0
B005BHPTLW	0
B07FPYGS4V	0
B09P32NQ8V	1
B00JAFGI9I	0
B0B8Z27P25	32
B073RFRZNS	0
B01FYI4HHE	0
B07G9D9BKY	0
B09Z35D52F	0
B0007IC0O4	0
B002OSXFJO	0
B08RYGWKLW	0
B01MY79YZT	0
B004GCCOVQ	0
B09KMD9JJW	17
B088GVS36R	0
B005BI8P26	0
B07TXNWF9Q	0
B00F22SB66	0
B07C2WBV8X	0
B01F9I5GY2	0
B09N5ZSY2J	2
B0BC3JKMPB	0
B01J5S52E6	0
B0CDYYRGKR	0
B002M3SWSA	0
B010BGRYTW	0
B07GHBGGT9	0
B081N5PZCG	0
B014Y3QQ8I	0
B08V525T54	0
B093PVWJNF	0
B00K14M2O2	0
B07QRH7R3B	0
B0741W28ZP	0
B09Q1255GW	1
B0899H9JWQ	0
B079Q7VD3H	0
B002QOZLNO	0
B0972CC6PX	0
B00IDHFX9A	0
B0087Q8JXY	0
B01EI0XYY6	0
B09FLPBVSV	2
B08PFHLWLQ	0
B082G88XZ7	0
B00J7UBAW6	0
B07Q34NMSV	0
B07CP14LQG	0
B0BB7F1PX3	1
B09TYTVZ9T	1
B07114SWY1	0
B01HGG205I	0
B0182T2EYK	0
B00B2G14RY	0
B00EA8GATS	0
B09DHZH1G3	1
B01N9CCAM5	0
B01G8II6V2	0
B001P80IOY	0
B00750FZEE	0
B09NB9971J	0
B01AMK9SKK	0
B0038M1XZI	0
B076GCZ8T7	0
B07NHHHFF5	0
B08YR2NMLB	0
B0BCYRCJL6	0
B08XQF1F44	0
B00UIM9A60	0
B00A0TEN1S	1
B079147XDV	1
B0080YAPJO	0
B096SZZCZL	0
B01M9ACRZU	0
B06VT1813D	0
B09JX1Q6RY	0
B01BINQA3I	0
B001N2NKN8	0
B07XJ6B1BN	0
B0B4X3XPLC	1
B07JP5YTVT	0
B07JB7PLPK	0
B07K77FZ5P	0
B07M619PZR	0
B0788CLZJF	0
B076RJ5KXC	0
B0B5CBHJ4G	0
B07Q85ZPY9	0
B01MU554WZ	0
B01LZEAR41	0
B08CTTT6J4	0
B08PNWHNZR	0
B00QGLPMIC	0
B01J803QJY	0
B07W3XGD26	0
B08GKN3D9B	0
B076BPZ8DV	0
B094W6VZGC	47
B09G6KVRSG	0
B002TXCQG2	0
B07JDHGVYS	0
B00WWLQ1S0	0
B09CY946K5	0
B00PBXP6SM	0
B08RXVXYZR	0
B0095LORHC	0
B00TO4N2ZI	0
B09BT6SKLW	4
B0102XW246	0
B005ZAVWEI	0
B01944ERA6	0
B091DWXPZN	8
B00UARD7YE	0
B07RDKJ1SL	0
B009ZPW158	0
B0C6L6QD26	0
B0B2DQHQJJ	8
B01N169652	0
B00CPS0TLA	0
B00OZ3F53U	0
B075Y445MD	0
B07YHHHJ8J	0
B0BRXSJY91	0
B002IFT1NC	0
B07D5GRC2S	0
B0756FN6D5	0
B00LUL3SZC	0
B00MYB7Z7Y	0
B08NPDF7W5	0
B00D8M0J5I	0
B00ZUYANPS	0
B07RDMKGSD	0
B08GYPVHMD	0
B01ELFP92S	0
B01578S8T4	0
B011OEVRX4	0
B00KW42ZCK	0
B002OL2E7K	0
B07J2KLHLT	0
B0BY8WV6JK	1
B07TJT1RGB	0
B01MUGDYBD	0
B00DGPP2B8	0
B004KQWU7Q	0
B005EESFJK	0
B01KTV400A	0
B08B68QQ4K	0
B0B5R66PT1	1
B07PPCK4R9	0
B07C2RX35G	0
B07WG92HQB	0
B07HHMNBKS	0
B07FLW6L43	0
B0BS8HZPVG	0
B081722QRV	0
B074XSWMZH	0
B06XGW2F4V	0
B09K3NMFDX	0
B07BYSV5RK	0
B07RFBLMX6	0
B00G6JIT4I	0
B01ETRBEGI	0
B00AOFZ1VO	0
B004M17VRI	0
B00KVRQENO	1
B0B76T65X1	0
B00L9WNKOQ	0
B06XK5CXVX	0
B00GZG43ME	0
B07C1ZS97K	0
B00EH9010O	0
B00DUF5DDQ	0
B00AGFGXPA	0
B07FYBW9T6	0
B01IB3D14E	1
B07GM57GMY	0
B007TQX8R0	0
B00IL5RK5O	0
B08RDQDRP1	0
B07QZ4Q68W	0
B0093UQTTY	0
B00GOC0WG0	0
B01E1OSLK6	0
B095J8324M	0
B07QSDWWJL	0
B00HDEHGRQ	0
B07N143H1Z	0
B003M6AGH6	0
B00OITYDZW	0
B004LDKUE8	0
B0C3MHQGKJ	0
B01AKZ8QLY	0
B005LLKZL2	0
B00EA91I3K	0
B0915NM336	0
B071ZS1BTZ	0
B016EY6I0Q	0
B00TZ851K2	0
B0756C8FQ2	0
B00CY8VBMM	0
B00DNNO5F2	0
B002JWKOWQ	0
B08P1K7MMZ	0
B087B4KKX7	0
B00IFKCK8C	0
B00YZ788XK	0
B0882134Y9	0
B00X36350K	2
B09DCVC344	0
B08J45PP6W	0
B00Y5D0TUO	0
B00GUUMYJO	0
B08K4C3CN7	1
B07ND5TRT1	0
B077SV9D6Z	0
B08DXGG757	0
B00EOXSV1O	0
B00NWUOHOU	0
B06X1CQ424	0
B001VH6TMO	0
B06XSV7CW2	0
B085Q2DSZ2	0
B01D68XYBE	0
B008MXXKX6	0
B018IWAKC4	0
B08T8S4SDK	0
B01327UK3Y	0
B0048OSJR0	0
B08CDPX6WC	0
B009T2OAGA	0
B07VRS5S9B	0
B08XXBRXHG	3
B08P2QB2KP	0
B077M5TP11	0
B009T2OGDM	0
B018A06SWU	0
B017DOUKGY	0
B004WLI54Q	0
B016R5ROKU	0
B07N84641L	0
B08H53D9KJ	0
B07KMYY8Y8	0
B0B96B31GD	0
B0002L9HE2	0
B004F12I5K	0
B07LBRH15K	0
B00LV8H9DG	0
B07FLX7CRN	0
B07ZGLTLMV	0
B00FW30XUW	0
B00R8NR23U	0
B01BOWDBEE	0
B00MZ00666	0
B0015ZHPZC	0
B079K8DF2P	0
B06XYN1TJ1	0
B079CZF9BQ	0
B01BPKDULO	0
B07FYSYFMG	0
B07TMY9MTC	0
B08R5DTNTJ	0
B08WHH5BJS	0
B07KF8RR7R	0
B00B7ZRP1Y	0
B000KA50GE	0
B00COH1GZK	0
B07K234RDZ	0
B07PK5DPM7	0
B009QGPLNA	0
B0725KZHV2	0
B07VT5MGTH	0
B007OXNCN8	0
B09NZGBRH8	41
B00UKE0JFM	0
B079RQ7VRZ	0
B087PFYL3F	1
B0097CMU7S	0
B074WFYC96	0
B08C5G7MZ6	0
B00M2W7462	0
B09P77WM2T	0
B0B3MNQYN9	1
B01KA0U37Y	0
B081JFR7SZ	0
B08HSQJ6H5	0
B075WQ11HJ	0
B074JMBV4Q	0
B004V5HX64	0
B00OO2YI5S	0
B07TD7XNXK	0
B09JW6MMP8	0
B00K9PAMYA	0
B017MQK1VC	0
B082ZZ3D8F	0
B07VNCRHMF	0
B07NRFGQ86	0
B07T1P6YX6	4
B00G9WH1KU	0
B07JNT44TR	0
B00NVELVEG	0
B00KYQTJJS	0
B07W84W76R	0
B003YSY36C	0
B072QWN7X6	0
B015Y8KLYW	0
B07KGV5XQL	0
B09CNSVJC6	0
B079PMT8CJ	0
B077ZK37NH	0
B0BS3M4D39	1
B01015W614	0
B079ZW5WDV	0
B07C1YM46T	0
B07YW4DQ3C	0
B005SV94V2	0
B073WKS2XM	0
B07X3FDK46	0
B00HENA6Z0	0
B00O7RSNP6	0
B071KZSLKD	0
B08NRNHP9L	4
B01BDT5OW0	0
B00J0DII48	0
B016DD1E6Q	0
B077ZG5JR4	0
B00JH6WKHE	0
B09BDBLFBF	10
B00767NLJC	0
B003EDFW9Y	0
B07MLHLYZ7	0
B00HB4B6NI	0
B006VG3QOO	0
B094HV93MB	0
B00CHSC36C	0
B083V2H7D7	0
B016IC572O	0
B071HPGY7D	0
B001CY4BEE	0
B072DY5MFH	0
B08167161G	1
B081SB5C7V	0
B018B3B12S	0
B00S7VJ1DG	0
B07CZC3LSS	0
B08X4R6FH3	0
B07Q33R1JM	0
B081VT311K	0
B08VWVR5G5	0
B08Z2Y76WS	0
B00D54BGCO	0
B01L2TGNTE	0
B07J1JMK6M	0
B01MD1HT5K	0
B0757P7RZ8	0
B01852A9PU	0
B00S1ZBQN6	0
B07JC62F25	0
B01BFOIM7W	0
B07P2BY53G	0
B0879GPJBM	0
B00J3NB400	0
B07YGTD438	0
B07YF4YD6D	0
B01MZ5RO9A	0
B08CZ1GZSG	0
B00FUIWH1M	0
B00ME6N5V4	0
B07GNXXBJG	0
B08B65D9H9	0
B00I6B0K1E	0
B01E516AVM	0
B07QPQ96L1	0
B08MW2K4JR	0
B075224BCG	0
B076ZRNXMF	0
B099MMCZRQ	0
B07BB1TX57	0
B07SL5GLZ9	0
B09V6SLDS3	0
B00LKXMOA0	0
B07NTVS1C7	0
B009MNYNYU	0
B07D41LNTK	0
B07T552NSK	0
B07PLCCVHT	0
B00C00BYXU	0
B07JJ82JWV	0
B0BVXQJJFM	1
B0170O4CI4	1
B07FBFZS92	0
B08LN1DSCP	0
B01EYWTNUC	0
B07QPVDNTV	0
B08KY3JTWX	0
B01JUOA038	0
B07TP4JQ6T	0
B0C4V7WPG7	0
B07SW8CBTC	0
B0113VNO7U	0
B07WRR3RMQ	0
B00T33CH8I	0
B0029DNNDM	0
B07BBQYZ54	0
B09TDYY1WG	0
B00JYSMQEC	0
B08GCVYQ9G	0
B01E6DP4J8	0
B0721X787V	0
B00P36Z1A0	0
B001FAV0JE	0
B00CZ6KCLY	0
B06XCG4P31	0
B07BNSS2K3	0
B083NSMNQR	0
B079WP223N	0
B01CITJMLI	0
B0149RQJPE	0
B07FM896RB	0
B075QPNF9P	0
B0888MMDQS	1
B08ZJQMY8X	0
B07BQGXVVW	0
B075RSRBHF	0
B01M7UU3YU	0
B07TTFMSX5	0
B07HGSGV8T	0
B0045KMID8	0
B01LZ3V5HV	0
B07QPTW74V	0
B00YURCLL0	0
B0B2QVGDFP	0
B07N8CX6R2	0
B00OJDJF7S	0
B07W3N8BM6	0
B01MRUDEB5	0
B007TJAXTI	0
B07S9XNXH9	0
B00IKG5RBS	0
B06XH11816	0
B00PYFO7XW	0
B095JQ1K95	0
B00E6ESD4Q	0
B07DMM27NX	0
B00MGN8AG0	0
B013OW8P5W	0
B009X24MZA	0
B00OB2TWM0	0
B00UDRWFVM	0
B07SKPJZ2P	0
B07ZRKNDPY	0
B01HQKXUDA	0
B0035PHBBI	0
B08CLVMHSF	0
B01HQAMJ8W	0
B0193A6SIA	0
B0C3MH6R1C	2
B07P6L628P	0
B0714BNZ4K	0
B01NANQ4KS	0
B00WONICM4	0
B07B8TFH5L	0
B07XGM4DMR	0
B0BL39XPRJ	0
B089RDTDDS	0
B0794VZZZC	0
B01M1R2Q6X	0
B006VKS8CK	0
B004NMSW7Y	0
B005S2BXNI	0
B06X3X31JM	0
B0969DK1JQ	0
B0058UFG7E	0
B005HEMMQ4	0
B0B1Y59186	3
B07GS8S7DT	0
B002QCWPEE	0
B09CVLF92Z	2
B07JBZ2KGP	0
B008FQL86G	0
B06ZZ6N43B	0
B0B6PBLHVY	8
B08G1GNS5L	0
B000BQSJ4M	0
B016U2LW7Q	0
B0872QQHWY	0
B009ZDEM66	0
B08GHT579S	0
B07H27XRQQ	0
B0721RBTFD	0
B08V87LY6T	1
B008AZE44K	0
B01N9MMGRT	0
B075CFJDTQ	0
B07WNKKJWJ	0
B09PHB5Q5C	1
B0B2CX4BXG	0
B07NXYXXPB	0
B004KKZ39O	0
B074JP83TH	0
B01LDELSIO	0
B07W4GBR36	0
B0118DKBIS	0
B007W32WVI	0
B07WPSZ6XC	0
B07K24HRPQ	0
B01CO57RIG	0
B00HFDECRM	0
B016VAATTE	0
B07SX6RJW6	0
B0196F5Z9K	0
B00QQ16ODO	0
B098K9TSBC	0
B01AVJBDGE	0
B08MT9ZM8V	0
B076X3JXMW	3
B00YXTY6XQ	0
B07VXRXXC7	0
B07WSKTFY4	0
B00CX4Y87M	0
B09TP47GZM	6
B00QA2VO5C	0
B01FHHX5V6	0
B00J9P56BK	0
B07BYDVX4P	0
B003ATI6YK	0
B0B4JR3CS8	1
B0993NJTXW	0
B07K1MT2KG	0
B0182U8MV8	0
B082S7S6WR	0
B0727QH9QF	0
B09Y1MVW1P	1
B08DDH6S89	0
B07GSMNJ71	0
B01GCRISE4	0
B06XVKHC36	0
B07SRYFT2L	0
B014WOPMRK	0
B09Q5KYT7N	7
B01MUC17XA	0
B000A38E2S	0
B004TPZCV4	0
B0716XGGKN	0
B0006Q9PCM	0
B0759XM3S4	1
B0BHX4SL91	1
B0CD88PVM7	1
B01ESKPXXQ	0
B07FKGK3F4	0
B09K7T2CRK	1
B0937CDQBV	1
B00BXWQIAA	0
B08Z461C68	0
B01NH7G8LV	0
B07PGJYWNK	0
B00DZPTDN2	0
B07FLGPJH9	0
B06ZY7KLYW	0
B099DZSWMS	0
B08QMD8Z11	1
B00902JCDA	0
B075CCQMW5	0
B083LDYTWJ	0
B00OJ0CCQC	0
B07LG6SXL2	0
B09SP8CBCS	0
B07G733N6S	0
B082VMVNH6	0
B01F7YM5JC	0
B076F73C46	0
B08F211ZLL	0
B01IQKFXHA	0
B0773Y37XC	1
B09VXQBB6M	0
B07DNYFGGQ	0
B07ZG23BX8	0
B07GBQMD2G	0
B07SPRN7YD	0
B01AETKYGG	0
B00CSHYXCE	0
B00K6QZG2U	0
B06VYGMZT7	0
B0197RVCDK	0
B09Y1LRYM5	1
B0B9S5DVJR	4
B07PKB8C1M	0
B07WFB1Z59	0
B081V49DQW	1
B001L1QJLG	0
B00RSRZDSM	0
B08KXMJSZK	1
B07S8K3RGW	0
B06ZXZRC7Q	0
B07JLZH9V9	0
B078F1DBS6	0
B07D9GLKT6	0
B08BFSRWC6	0
B073TRT2T5	0
B00D4L7VV8	0
B00BMP9W10	0
B00K5VME9Y	0
B0718XHLWP	0
B08QJLWDX9	0
B074V5BJQ3	0
B01MT7B4K8	0
B01JHJIEZ2	0
B01FLYEUNM	0
B008FTZ0PS	0
B00JTRVY8C	0
B008ND1BLI	0
B00RRK8EQI	0
B007659D32	0
B00UM58TTW	0
B08H84BWJ7	0
B07HNPCXL8	0
B089Y4683Q	0
B0BPXMN2X9	2
B01LX0A4XM	0
B07CRSHJCQ	0
B00J9HXPM0	0
B01J6GOVIA	0
B00K7J6H4W	0
B00V57W1CW	0
B00LCSRQPQ	0
B00D3JF9IS	0
B06X9L79C5	0
B00HZTA3HY	0
B01NCWE4WE	0
B08G1QV3ZR	0
B004M0QVXO	0
B00I7BTR0I	0
B01M8GMXHH	0
B01MTG2OS9	0
B00N3JLA1S	0
B08F217RTK	1
B0B6LK1WBM	0
B09QWW712D	0
B074HTR9BR	0
B00Q5HA3E0	0
B079DLVXCN	0
B08LNGB7Q4	0
B07DX7ZQ5C	0
B09G2TS7SH	0
B09P7Y35XB	0
B0B3BWL8R8	1
B01MREOBSQ	0
B00KO9R064	0
B00B2GF1YQ	0
B008J5FZXK	0
B00HV7W48Q	0
B07JD7LVR1	0
B08YRYNXYB	0
B0071PHTLA	0
B07613FW3G	0
B0101629P6	0
B01FD7OOO2	0
B00D3E0VWM	0
B071WDJYDH	0
B0994GQDYM	0
B00HZHFT48	0
B0721TZ589	0
B004UMR0SE	0
B01GSMQ8ZO	0
B08F2HQFFS	0
B071NML19G	0
B00H4BU2K6	0
B001E0V0AY	0
B0761MRMVK	0
B01N1N1YJI	0
B07CJ1XCGR	0
B00RQHSOF8	0
B01I9D59YQ	0
B07JFH6BV9	1
B071V2RRKN	0
B07K6LRMMB	0
B07H286VHJ	0
B00KJ96A6U	0
B087FYTFS8	0
B01M0OPDVK	0
B08989M6GK	0
B07WDDCHLJ	0
B07YLW6RM2	12
B01D2TZ8E8	0
B008XE6JZ0	0
B07C2VK1HZ	0
B01N74OEBM	3
B07YV4JX8Q	0
B003DRWQ6S	0
B01HIMKHDW	0
B00AX95TYU	0
B072HF8WS3	0
B07462CKQM	0
B0C6DZ6C4N	4
B0852WTHVW	0
B00RXX3HO8	0
B00XQEABYW	0
B08FCGKL2H	0
B0BV1WV814	0
B0921L87BL	0
B005UUZHWG	0
B01LR37LC8	0
B08RB65VWB	0
B004BOMHPC	0
B01HFVK64G	0
B082N6DLWH	0
B075WN8P2W	0
B0035LCX3S	0
B00DOTM264	0
B00UFMFZNA	0
B077PQCH9V	1
B07HJ172QZ	0
B01N27L8D5	0
B08G4BCYFN	0
B097P9ZQQP	0
B084DDSR7Q	0
B081B9G63P	0
B07W8Y9DB7	0
B00NSBFA0S	0
B0B9MCPW9C	0
B07DFPJZQ8	0
B079FJR9CK	0
B07H7PGKFD	0
B003KGPS12	0
B01HH1N0UG	0
B000I6DCYC	0
B004TSBNN2	0
B09ZVDMGCL	14
B007H5E962	0
B01N0ZO1NO	0
B002LAQY0W	0
B00EQJ5JFW	0
B01HTKTTVO	0
B092Z73G1R	0
B08HQX4K17	0
B00MULRPSW	0
B08GKWC52B	0
B07CVYKNWB	0
B07R57X1PF	0
B010B0BUN4	0
B0B6PRDWL4	1
B07L59NXX9	0
B014XOKOEU	0
B01HTY13GE	1
B01HFTCFQK	0
B00AECJ23U	0
B07PDHW7ZY	0
B015HNLG3E	0
B00S595332	0
B07KLNQ6S4	0
B01K2RPMGC	0
B07B1PPJ6D	0
B0BS9GWCM2	1
B0755BFC3H	0
B07WCRBY71	0
B015EST7N8	0
B0758CWS7C	0
B07BY26GKZ	0
B076P8K8D7	0
B07K53KM6F	0
B01C0EGAJ8	0
B0BKBS1DQ3	1
B00RC5O1AG	0
B08FLGG744	0
B00591NYYE	0
B09DY2H9CX	0
B09F2XQRDM	0
B07LD94V7W	0
B07982X5WX	0
B075FWJ12S	0
B07Q4T7B9Y	0
B007CNQODU	0
B0BBLPS1Z4	1
B0725S5T4R	0
B0BLTYJL9C	1
B07G9TJTND	0
B08HV9H14L	0
B07FTK2C1H	0
B00E5Y16Y6	0
B074WHWS6D	0
B0846RRJL8	1
B075CCH21T	0
B01A9ZNWNC	0
B08LMMDYV7	4
B071P9XR1H	0
B019AJ4JUS	0
B074KQG1FD	0
B0B721626Q	1
B07HCHLWGL	0
B007TWX748	0
B01ERAAKSA	0
B001K3JLAG	0
B07CPLJYZX	0
B00JRJL2AM	0
B01N6GCU6F	0
B07RJ3KXNJ	0
B091FNL5Q1	0
B00LP176Q4	0
B00ELSEU7G	0
B079DLY53Z	0
B07FCTBLW2	0
B06Y41YH2H	0
B087WJHPK3	0
B087TYP1R1	0
B06XT1DNP2	0
B01E605VJO	0
B07H36BTVP	0
B078NW5KBJ	0
B000W5MZ2O	0
B01IATNO1O	0
B07QT8L8P7	0
B076P9H38P	0
B00KTW9CAI	0
B082G2QLRN	0
B009P8KPNK	0
B00COR4RB0	0
B0015MLJ5M	0
B07G948917	0
B017RMQ1X8	0
B07HCNMQRT	0
B09GB11L4B	0
B09525B1R5	0
B07X6QKQVQ	0
B000JFJRB4	0
B074F2W2RL	0
B09GY88QMX	0
B07PMJ9WMY	0
B000AI5EBW	0
B06Y2C9W76	0
B07FN6VF7Y	0
B08DXRGQKS	0
B01JIMIZFM	0
B00H0L51EC	0
B07KMQ6WJV	0
B00K2RW16M	0
B017BFKJR0	0
B07H8WRX4M	0
B07T1GL3HN	0
B01N9QRCEH	0
B08JLG55SX	0
B091LHDXZ1	2
B091LCZ4JR	0
B073VL6F1N	0
B076DM1MRG	0
B005GIOM5K	0
B01CGZRZPO	0
B094D3GFSN	0
B07S5DHRF3	0
B0C69DZZCR	4
B00HQTHM1S	0
B07D7GQCNP	0
B0091NNJQY	0
B002JINK4O	0
B01DVPCA8U	0
B086BFQWSS	0
B0919Q7X3R	0
B083WG73FZ	0
B07M7YGNDG	0
B0089OMWNW	0
B07Y9H9LQY	0
B08R3B84YG	0
B06XTV9X92	0
B07Y2R41WN	0
B00606NFV4	0
B000E1PJT2	0
B0028QHHQ4	0
B07CYVGN39	0
B07YRN6GFG	0
B01MXCJ23M	0
B08TBHP6R3	0
B09B2DD83V	1
B00MUKX302	0
B001BF7U0G	0
B0058Z90UI	0
B06Y1WN8X4	0
B00IN8KVHI	0
B07MVG9XR6	0
B01DTPW8IO	0
B093C8P7DH	0
B0777QK53B	0
B01MU2FYLW	0
B085S5CRDS	0
B08223CR17	5
B005Q43660	0
B087V5VXX2	0
B003IKN1MI	0
B08BMRVSS9	0
B01H66XFUC	0
B0081JAN40	0
B01IUD15BQ	0
B082DSP59S	0
B07QN2D6BY	5
B097KZ8ZCB	1
B08ZHM3JHN	0
B07TNYMKXL	0
B003TO5VI0	0
B001243L4U	0
B01BMRQX14	0
B07V5QKQJG	0
B07J9RFWQW	0
B00Q59IMDM	0
B07B8VZJC6	0
B00DNO0OKG	0
B09YBNKTGX	26
B01MG6FVHV	0
B004LDLVQO	0
B0044C1IAG	0
B072HKPZD5	0
B07C9JKZ73	0
B01N5XMN4R	0
B0B7JB5BWB	0
B0883F6S5X	0
B00WE5YQTA	0
B00D69PV3S	0
B0BKPN3XBX	0
B09WMDYB5Z	0
B074HTG1W9	0
B00J9HQGYE	0
B092V17YGK	0
B0047DWQ4E	0
B07FKJZY7H	0
B07TXRW4RG	0
B008JFDZP0	0
B073PF47GB	0
B0751QQNLJ	0
B00DDHZ9A8	0
B01N78899W	0
B00PQC41P2	0
B07YD9ZQN7	0
B07CJBCHMB	0
B08P1JVHLS	0
B07TJR942W	0
B092JNKSRB	0
B000FIRM12	0
B077S2PLNN	0
B07WWDDXJW	0
B073VRD1DL	0
B011Y7MS8Y	0
B002HMC8W2	0
B07F75KYCV	0
B07ZH8B2XS	2
B006MQAA42	0
B07Y9BQ16L	0
B01HHVC958	0
B078Y5TW1P	0
B017NPT5XM	0
B077NSD8XH	0
B077BZBZ2P	0
B00L9G9K8C	0
B01DXQRN5C	0
B006PAGLSE	0
B005X13L1G	0
B089Y6GQ41	15
B07MX58W1J	0
B0161IXTDO	0
B07PWJ1VTC	0
B07121ZVPQ	0
B01F49WW02	0
B00IK45OI6	0
B08RNYC3QF	0
B08WPZ18P4	1
B010B5T0YA	0
B092DPZLYF	0
B07CZ1W2N2	0
B074V9YYCG	0
B008RBVP3U	0
B07WYDGYPY	0
B08D8992KZ	0
B075LVNYBL	0
B07FSZQXTP	0
B00IHW88VQ	0
B01B5BK3PE	0
B00RMMN9AC	0
B098MTLHG6	1
B006TUYC72	0
B075YH7SPM	0
B01N78Z1RZ	0
B074PJNMV5	0
B01ALHKQKK	0
B006BWQ8VQ	0
B00QGXWJ72	0
B06XK3S7SS	0
B077J3CPDJ	0
B000FI5GHY	0
B075MMMW4Q	0
B09HPH5DXY	0
B005DR2Y54	0
B08Z49TF9P	0
B00GJXRE24	0
B07D7B7VZK	0
B08LPYYMN7	0
B0894GLNXR	0
B08MBGQN6P	0
B01M355OGJ	0
B087CD9NPX	0
B075ST6472	0
B09MV7GFH7	0
B00ZI9ZUNK	0
B07JQ22GRZ	0
B07FC8HKBQ	0
B0C63STGQC	0
B00GBVPBZG	0
B07SF6Y9TD	0
B0992CYG3P	0
B0B1LS931C	6
B075R15X79	0
B09BBS323Y	0
B07GZF8QNB	0
B00NI6BALQ	0
B07GBPKNBS	0
B071WT76TM	0
B072338LXC	0
B0096TCI7O	0
B075CGB4VY	0
B00RPVTGC0	0
B00DAE32LW	0
B07KVCG6YL	0
B00CGUW45Q	0
B09DYQ77GF	0
B07F1ZJSYD	1
B018VWCBZ0	0
B07G4MJMC2	0
B016H0H80Q	0
B081CV1WRZ	0
B008LIB6Y2	0
B00MR2HV24	0
B003ENKSAM	0
B07R14DVWK	0
B081WCL3M2	0
B00RKL2QOK	0
B0058XPLFS	0
B083LBY5BY	0
B01HEYSR7W	0
B00HHWHPYI	0
B09B9F4W6Z	0
B0719TQ8K7	0
B07N3DTC8B	0
B0C3TP447Y	1
B09T9PHGP1	0
B08CL45YM1	0
B01N74ON8L	0
B004HQE1MG	0
B0182Y9AB0	0
B091L46HN8	0
B07CZ5QXJR	0
B075R1GX9G	0
B089362BCD	0
B07QB87ZGG	0
B08131M6SS	0
B08RYTQCYR	1
B07YDKW223	0
B07GWL3F71	0
B075284XP5	1
B0111ZDBGW	0
B002JCSQF8	0
B0891LJWFR	0
B07XVK6DHR	0
B01KZI4MVY	0
B085KXLHJL	0
B09QM5P4MX	0
B00F4NFTBS	0
B00LUOJUE2	0
B07RJTKWC2	0
B07THMG728	0
B07BTDCQKT	0
B07CMQSZGP	0
B07BBDNB7T	0
B07DC39RQC	0
B09M1F582B	1
B007X6S1IM	0
B08D8CJQN5	0
B00IXS62O4	0
B00PDHHQMU	0
B07L632VQJ	0
B09XWZXVHR	1
B01AKX3UIK	0
B0BFGBM7FT	2
B0C6JQ9NTD	1
B00IKUUFDE	0
B01NBWCV75	0
B07NM76BT8	0
B0C3M1LKWQ	3
B08SQTT66C	0
B005B5WYP8	0
B0741313C3	0
B077TJYLKC	0
B07NRJLRWK	0
B09GZJS3ZY	0
B09BRC9PZC	0
B06VWBFYCK	0
B012DAWMAK	0
B094JVTKWS	0
B016XA7C9W	0
B07KS1XYVB	0
B010EB4DN4	0
B07TS2D23C	0
B01N35PCS5	0
B017FXJWOO	0
B01NCS317U	0
B00BYQBCN8	0
B0755TJHRM	0
B01FSH5GK8	0
B08VDGGBG1	0
B014TE9S6E	0
B01NC1WGAQ	0
B07WL6QY56	0
B01FV283GE	0
B005B0NJWU	0
B00TGBECLM	0
B09Z97THZM	0
B07FMNHLG7	0
B0B292ZGX8	0
B01MQYV2HY	0
B01MEBSQFH	0
B07RB6TH9X	0
B07B4K3895	0
B00LFUFPOK	0
B07GJVJGTC	0
B01CQO8PAO	0
B09KKCVZV5	0
B015ZZ5LRQ	0
B07FFNYHQY	0
B07NRR2Z2C	0
B000XVAE2U	0
B07KTLMH4L	0
B01N3YPQTA	0
B008UZO4KO	0
B004NRNR6K	0
B01MXPUAFP	0
B071JPJJW3	0
B07KKGRDSK	0
B07QWS2HSX	0
B06W2JX1L5	0
B095WC63JW	0
B07M63LBKX	0
B0B5SPBZW4	1
B078NT4C8P	0
B0761NCBSH	0
B09699PSB5	0
B0B34PYJKW	1
B077TMP4Z6	0
B00G9C1VXS	0
B07V1Z3WT1	0
B08BFXVVT1	1
B01LB47O7U	0
B08KRNXSFN	0
B07FQLTS1X	5
B07CP7VTNZ	0
B07R6DRDQG	0
B07W6RRN2W	0
B087JQ27B1	0
B078VV63XX	0
B0B68BRDNL	2
B00DS6W4NO	0
B0C5RY6F2H	0
B07V1BQ9D3	0
B08RCZC8G2	0
B0BRSNZ8T1	0
B072WNLBMP	0
B08WC4FVSG	0
B0011DO17I	1
B0B7DWBL9Y	1
B09WG2J6RW	25
B0C5HZY11J	1
B07ML2GYT7	0
B07DLLWPDR	0
B015H83M7M	0
B08JBJQZB4	0
B07SHJFS4T	13
B079K73D13	0
B079FDJRPW	0
B013WI12DK	0
B08FD7XVXK	0
B01KACI6XA	0
B01I2BBC6O	0
B08C76ND5Y	0
B076XWBFJ5	0
B07799DHCY	0
B01119RUAG	0
B08KRWFD4S	0
B07GLMGDNH	0
B011E95348	0
B00P0WVYEE	0
B07DWS1RD1	0
B06Y1NCSDB	0
B087PVWMD8	0
B00E0ERP6Y	0
B01I1ISOQ4	0
B00MY60OYU	0
B01CGY7WYE	0
B00D8H2F7I	0
B07PNG2861	0
B07FVFJG6K	0
B01A4C2MH2	0
B0BHD29BCK	0
B01CKUTKY4	0
B082PLVB5H	0
B0B3MQKT6F	0
B01M4OKZYH	0
B01M6AI0PB	0
B007005D50	0
B0072Z23P6	0
B07VV7FX9H	0
B07QQZYLYH	0
B08DHRXST9	0
B01C9NZENI	0
B00CHR3Q4G	0
B073S7B7DL	0
B083GJLR7H	0
B087JGZMPJ	0
B00B2ARJCO	0
B01NA8A3UW	0
B083LWMLT9	1
B07H25SHWH	0
B09LSZZHHQ	0
B00E41XADU	0
B00L0DXCMY	0
B00GP05U2C	0
B07DD1DDJY	0
B00XVXNSM0	0
B07TFCDQ7Z	0
B08XYZ48WJ	0
B099SBGXGP	0
B01NCVSEZ9	0
B003O7DJW2	0
B07XYF784J	0
B07S9W25K8	0
B07WMVBHLC	0
B07CJXVCNF	0
B002YHYVC0	0
B0756KYV7S	0
B09Q1M481Q	0
B08PPDFR2D	0
B0BJJFSYX7	0
B08M5WSJNB	0
B08BNX4MR2	0
B07CJ5WYX3	0
B00TS3Q1GC	0
B0BN4SXT41	0
B093GLBYCQ	1
B0047N5ROA	0
B006CEC7V8	0
B071G7LGBB	0
B077QKS7KN	0
B0B5XL4V1J	0
B07MMGKRFF	0
B00UJDZVT8	0
B003M4MFG8	0
B0BGPSSPVD	2
B07FZVR7GJ	0
B07NLLF94Y	0
B019G0XBPA	0
B004TIMV4M	0
B098JJZ14P	4
B07QSVPVYW	0
B00CPDVJVE	0
B006J7776I	0
B07VX63TJV	0
B07H5CDLZH	0
B00JBDQUUG	0
B078JHL5F1	0
B01M0P9XQT	0
B06ZYFK3XL	0
B01DICWRPM	0
B004KNRMYU	0
B0748BWW25	0
B07V4B4T93	0
B00RNI7884	0
B016MAPNKI	0
B001J0O894	0
B01I4IUIHE	0
B07B4K5865	0
B08117T9XB	0
B007O0MK2U	0
B00QR8S7FY	0
B08D761BCN	0
B0BNXCH62M	2
B008LUJD0O	0
B0094FQP24	0
B078PNV8KP	0
B09XD7WV6C	13
B01LWE7LPL	0
B00K6R1FLA	0
B082X1QZQG	0
B002KJDCYU	0
B00367TAVE	0
B00RES87GU	0
B078ZL3ZFG	0
B09Y5GF1GL	2
B07KTFSQNP	0
B005ZUMBW0	0
B086WGLP3F	0
B01F66E152	0
B0767S2K6W	0
B015SKRDCE	0
B07PWPL63G	0
B077QVV2M9	0
B079HQ1LP3	0
B002SG8EAW	0
B07T65XNYC	0
B006T6CT4E	0
B000RYVCWO	0
B06XTKJBGP	0
B08935G3LD	0
B0716T7VFD	0
B00BV3B93W	0
B07ZTVP3NG	0
B004SZMOY8	0
B00FDWMD46	0
B06XQVHKBB	0
B01GP1HI5C	0
B0197XHAN0	0
B07KBC69SB	0
B06Y25TJ59	0
B08KT2XQNF	0
B08RJGWSY9	0
B008BT5YXA	0
B07PYN25WT	0
B0882N8H6Y	0
B004WYZNZC	0
B08ND4R9MK	0
B00401Y0QU	0
B00LM78X0E	0
B099ZQTXBJ	0
B09CJDR5LS	0
B0012DDMZO	0
B07X3CX1C3	0
B000E3C3CQ	0
B08519FW5R	0
B085PZ3BLM	0
B004AGXXB8	0
B00INWUTOE	0
B07KRGX1ZD	0
B06VV7R577	0
B0768PFGZB	0
B00ELE6DPW	0
B07CNJ8RTC	0
B09LDGM2Z6	1
B01LWA85YY	0
B016S9G7J4	0
B09ZL3RTXD	1
B08G27P6RQ	0
B00DU6ZHUO	0
B072N299QT	0
B005FN0DSQ	0
B017OSTTJI	0
B09WNBHSFN	0
B0009P834G	1
B07NYVTK6H	0
B07Z8FNKRD	0
B09LRZG31J	0
B096K4D7VQ	0
B07SGP58FP	0
B07QCKPNG1	0
B00W2QA3UC	0
B07JNYM6JS	0
B07QG2D1F8	0
B09H3ZG1G2	0
B008O8ZKPA	0
B08CSNSC9K	0
B004SJ3B5K	0
B07DGVM22H	0
B01EU9C17G	0
B00805D0Y0	0
B07LB11TDB	0
B00MH7JEYM	0
B073Y2PF1K	0
B01ESPIZPY	0
B00E1HNU78	0
B000IM3ICW	0
B00MH524FU	0
B076MJGHCB	0
B07L7F6J6L	0
B01N315N12	0
B0084DPMMG	0
B08PYYF29M	0
B07P41CWN7	0
B003TU1B6A	0
B08JTR7Q4V	0
B081QXJDKK	0
B007MXVRAA	0
B07YNW1157	0
B0B6P2WFKM	0
B00BH8T7P8	0
B07T14XMVK	0
B074SDKCZX	0
B08MWLS3TM	0
B07BS645B9	0
B01695FUSQ	0
B09LYK3J2Y	0
B084VL67KR	0
B077RS7CN3	0
B004N639Z0	0
B01CPN3ZTM	0
B007VMOEEI	0
B00H8OB9P6	0
B00EFLIOIK	0
B089CK4JLW	0
B00C40XVT6	0
B09L4J5898	1
B00F9VHH0G	0
B07GPB82PD	0
B01IVYGT56	0
B076D7NV9N	0
B07HZYB6C1	0
B0919FZC4G	0
B07KF7RT65	0
B08DTM58PL	0
B07146TLWV	0
B07NWXM3XW	0
B005F63XZS	0
B07NKFQKCB	0
B07MVKBPHM	1
B00EQE8IPA	0
B09MSL17TF	1
B08NDPXQV1	0
B08DNXPDYZ	0
B08MNJBPMS	0
B00JV45HJK	0
B00DDX2LBM	0
B07G1ZR6JZ	0
B003DTEU5Q	0
B0BW2Y7JNS	5
B07G7G5JY1	0
B07KRG5X53	0
B00OV45BYQ	0
B00UHPH268	0
B096F6LKSG	0
B07BR28F8K	1
B074SVM9JT	0
B07G3BCPPT	0
B08VDPT28F	0
B0BDGKW9JS	0
B07B7KLWSS	0
B09DV77JK1	1
B07YXLRXS7	0
B006699F2I	0
B0762H3MY8	0
B09SZ9F1J4	0
B001F7TEVI	0
B07D1LM2JT	0
B002ECFVNS	0
B0183F04TA	0
B002MQ2T8G	0
B00B8O69VQ	0
B09YHDY28W	1
B089PZZKWR	0
B01N9JUQ0P	0
B0BVHMLQL7	0
B001AMIJL4	0
B07Y9YLBYL	0
B003V658HA	0
B06W9F77BQ	0
B07X48B3NY	0
B07Q1GMV76	0
B01GWF0L3C	0
B07PNRNQFV	0
B012HKN9X0	0
B07Y4TRFZ8	0
B07MJRVFRQ	0
B003UMC7QU	0
B01EMO2YYY	0
B08VDR3M6Y	0
B075V3NRJ6	0
B07V71WHWD	0
B08G44BBY7	0
B08F8X9H4Q	0
B009DH2JE6	0
B074WKY8BG	0
B004OVCZF4	0
B018MSDI6Y	0
B00DEMYVCE	0
B07RSPXHJP	0
B008G6H71U	0
B07PY8Y4TQ	8
B01M01YZGG	0
B00OV5FPLY	0
B07VXVLRY5	0
B096NVSN1L	0
B00ILSR6EG	0
B0093T9HEO	0
B00G04ILGA	0
B07BVBK47D	0
B00L46MICW	0
B082DHHP2Q	0
B07CM9YPDZ	0
B09W91BK11	2
B00HGB30XK	0
B0BH92YR7B	1
B09B3TYJ5G	0
B01A0257T6	0
B01N39FMDW	0
B08FSBSWPD	0
B08FYG9V9D	30
B00GWF7EAQ	0
B086YS8688	0
B00C92U8MC	0
B01MDM004I	0
B081TVYRKF	0
B0029MSBCG	0
B018K7ZSCY	0
B073XMJ9RX	0
B00MTVT1GC	0
B00JEGEMDC	0
B07SC8YX95	0
B07349N7ZX	0
B09JDNF5Y5	0
B00HQNEOB0	0
B08X1FSBBY	0
B00DQZ5IKS	0
B08L918HCL	0
B07SHRJ2GJ	0
B004SMCZ18	0
B079NQKVYT	0
B07FLHVP51	0
B079DGRZJR	0
B08TC3RL7W	0
B081YF76SC	0
B07GPYZ3RK	0
B00FBC1C40	0
B015EOYLDS	0
B07NN9TYYW	0
B09HHD3PRG	1
B07Q4KT6BR	0
B07PSV7DX8	0
B07KSDNWSF	0
B08B32TY1D	0
B008MB0CVG	0
B09GN9K1DS	1
B08X64X1VN	0
B07T7KVQT4	0
B082PL7HLF	0
B00IXW9G6Q	0
B08CRMJVMX	0
B01IUYS2ZC	0
B016RG1446	0
B0193YUVIE	0
B07QQS171H	0
B075DHCQXB	0
B014Q55KV8	0
B001L4LBHK	0
B0C582Z9PV	0
B07KQ2Y4YT	1
B07CPRSTH5	0
B01N5OJ07E	0
B005GPTVRC	0
B00B71X878	0
B08HLYRZRH	1
B0CBP315WB	0
B081QZ36XJ	0
B008COVD52	0
B07YF1THQ6	0
B00HQ389WK	0
B00SW39EBI	0
B07C8QQMG4	0
B08F714217	0
B017JPPOQ8	0
B07TLW4JW2	0
B07P18BHRY	0
B003M9ZKMY	0
B000KBEUNC	0
B07FLSS6GZ	0
B0761Q1N3J	0
B07S5QWPKL	1
B0751SYRFR	0
B08KG7B1GH	0
B00E0ES34W	0
B07JPCR3ZR	0
B08X45MXMT	0
B00ZUYP0TW	0
B086V1K77W	2
B07CYW7LWF	0
B07D1BN3R4	0
B01I0XMK4M	0
B099VP5F3Z	0
B09PLLY8NB	1
B074M8N86J	0
B0C5N67WS8	1
B018C0XCOA	0
B08721ZDR7	0
B08WHWVY52	0
B00TSRZ0M4	0
B08GPWX4X2	0
B008U3UEX2	0
B00Y5MGB84	0
B08429V9RQ	0
B0921Z42VM	0
B09JCQSZ1C	0
B07H9WHJPN	0
B08HBQVJL9	4
B079YVNLY7	0
B014V3B27Q	0
B08L784FJT	0
B08LDKWB1F	0
B015P1LYOE	0
B0BXX4XSN4	3
B00HH5DD2I	0
B01FMWNQKG	0
B01DFZW45U	0
B01A6LZQ60	0
B07NNYG9HX	0
B00UJCEAAA	0
B0BC96VY5K	10
B07T18JNXT	0
B01KV6FE6C	0
B073WWKK7F	0
B00C7DTAFE	0
B07QN744VQ	0
B0C6YXKWCX	1
B01DN0CBC8	0
B0BFXCRWBT	1
B01MSYKE17	0
B07SJXMKXV	0
B079Q8GPLQ	0
B08B4B5C4L	0
B01IMNXK4O	0
B0096MXXDY	0
B07ZBRFK7B	0
B083HVD9YW	0
B07K2M63YH	0
B082KWBN35	0
B096K9NGWL	0
B007YZJPPU	0
B07N38CB41	0
B09TZTTP7H	1
B0071IL09Y	0
B00KOIFTNG	0
B09ST32568	14
B000H264II	0
B00ZG2M8FW	0
B083M9VS4S	0
B01N9H4WNK	0
B01LWYSGD6	0
B003TO5CVG	0
B00Y13NJGY	0
B01CPUQILC	0
B07J2SYNCH	0
B08NXV6YB7	0
B006Z83TMC	0
B07X7JBJRP	0
B074T4H8BJ	0
B073T83R26	0
B00474HB8Y	0
B0991QGWLW	1
B0BDVKH9J6	11
B08BR36HYS	0
B07L4CZMSW	0
B09W21D5VK	0
B07FLT2FJV	0
B00QFO7BZW	0
B072MGZ2Z7	0
B07KZ7S6L3	0
B01BUGM028	0
B000JQCGDE	0
B00WSA3UWU	0
B0834XVZ8S	0
B09RZQ2WSC	2
B005LBX1XQ	0
B08K8K7Y37	0
B0036ZG0Z0	0
B019ZVUAGI	0
B074F1YTPS	0
B07C64F1CR	0
B07RV5L5CC	0
B07N6QBPW3	0
B00D3YQTZA	0
B00HGAYRV0	2
B01M5AQB6Z	0
B01MA33NS0	0
B007P03KDC	0
B07MMH1579	0
B00PWYQ2TC	0
B07ZJ2928P	0
B07DXQ9JQM	0
B01N7HJLNY	0
B08DXR836V	0
B0002SZOW4	0
B08YNC6KWM	1
B07FSR96P1	0
B0756VBGYJ	0
B08LCZ8G1S	0
B08G278PHB	0
B07JDNQZX2	0
B08C9Z3HLW	1
B08LVZ4VXV	0
B07FLXY2MG	0
B07B8G682G	0
B0BGT6BV52	0
B08P2MG8QH	0
B01MY9L0RW	0
B07MH92WKJ	0
B0BRMZYXQP	1
B00WSH5C0Q	0
B0BLZ2LR9F	1
B07GZXMDLY	0
B00KOLN2LY	0
B003CJFU6K	0
B01MDKX64P	0
B07SY7K183	0
B07QKX64GG	0
B079C73HTN	0
B08H848DLM	0
B089DQSRYH	0
B07ZQVFQ4G	0
B07TYQCJPP	0
B01HNIQKW8	0
B07FQ34WBK	0
B0057MJFA2	0
B07S79DCTH	0
B075Q3KTCV	0
B084KXVK85	0
B08H5Q88LW	0
B00FFBBKWQ	0
B005MTOITI	0
B07PNRH9NJ	0
B07TQCH956	0
B07794WPYQ	0
B076WB1WP3	0
B086WYB4XK	0
B00394E0FA	0
B07CZQ23KS	0
B081V9BW11	0
B07H88TB8K	0
B09TKLJZYF	5
B00A8NNBJ6	0
B06ZZW2ZT1	6
B003ZSHZHU	0
B07STSFSLK	0
B00R3UH88W	0
B00MNS9UYY	0
B071DV429M	0
B00HDB2O9O	0
B01IBYA2VI	0
B078W84K5S	0
B078NZKZQT	0
B0758KRDB2	0
B01HGTW6VI	0
B081ZPN43G	0
B00IPBCHGG	0
B004FK90TI	0
B071ZTLYVL	0
B07SYP8S4C	10
B0013038VY	0
B07B7KR4N6	0
B07GV7MX57	0
B01MYB8YV1	0
B07FM3D21F	0
B0BYJMLV5X	1
B00TF7GWHE	0
B01792WVJE	0
B08MTQLDT9	0
B09W2RM18Z	0
B08PVJ3KQB	0
B08YX2X92L	0
B07W174C5F	0
B087CTHVDB	0
B07R6G9CTG	0
B07D8SCZXJ	0
B004R1NN4S	0
B09R8BJT8R	1
B09V2RF56D	4
B01F9MR7F4	0
B00YBEHHHU	0
B07GB9X93Y	0
B079SSB21H	0
B08J8337J5	0
B0BL3PZ2GM	3
B0088ASEC0	0
B011SLRG9M	0
B08NY678PP	0
B01JZNHIL6	0
B088HCZVB4	16
B07RKYWF4M	0
B086XM916Q	0
B097GQQMPX	0
B0030VDK6W	0
B078SHBDY3	0
B006GN8T6W	0
B01BIFZ05U	0
B00RPS4M1I	0
B07J2T284K	0
B07FHY33NX	0
B09GXCZQLV	0
B01N6WN4A8	0
B07HZ5YGPB	0
B07C2NMP9X	0
B0037UYGAA	0
B0BDFTWHNF	1
B0038AZ4JQ	0
B008VPRDM4	0
B07ZJ8C6XL	0
B00LV8CGES	0
B00EWC4HCO	0
B07HVYRWZY	0
B00KPU58ZC	0
B07GPLQT7V	0
B00HSVM4KI	0
B01BC97G4K	0
B017TMIOTA	0
B0849PNPQX	0
B07RMYF9KV	0
B00YUSCNYE	0
B09PHBFFF2	0
B07H3PR8L7	0
B00QWESIXO	0
B09W8DVNFC	0
B07G8KRLR4	0
B073F67H3V	0
B07LCGP1CR	0
B07544428T	0
B00MMTWVOU	0
B0BSFTKSF6	2
B06X967Q76	0
B072R6QJQ9	0
B00NPNU16C	0
B01KV6I4SM	0
B07Z28Y2V5	0
B07PFVVP69	0
B07QQ11P6M	0
B083ZPTRRF	0
B07T82YPXF	0
B06X9698KB	0
B01883CLIY	0
B00FPKYFRY	0
B07JWDT525	0
B01GOLUQ2U	0
B01IYE8SVG	0
B08VNTPJHG	0
B00CY8PSSA	0
B09BJJ1SJ2	0
B0835XVT7N	0
B00U0I9YWW	0
B074HWB9CB	0
B08H1TBM3Q	0
B087CY695Z	0
B00M9P63HI	0
B01L3LMTFI	0
B093YX6756	4
B0118ZE6Y6	0
B0778X3S4Y	0
B073XL21MV	0
B07QZVKYJT	0
B09K6RZF58	0
B08P32GBPZ	0
B01CQXGYJ4	0
B01LSILYRA	0
B0CCL7YMNY	1
B087D7FGYX	0
B01CG91FUQ	0
B09TS256VM	0
B07TNWGVGD	0
B08FNMSXYQ	0
B07JNY12SB	0
B01KFJZZ2I	0
B081ZKBJGL	0
B00PX4FES6	0
B001AQICJ4	0
B09V28DC2S	2
B09WYRRB9Q	4
B072RD183F	0
B07MFST1W8	1
B07YZKYLWN	0
B07SMWW66T	4
B07NQNSB4S	0
B00NKV2QRG	0
B00VTGIPWO	0
B07WXHSVMC	0
B07X2DTL49	0
B015EMTUZY	0
B0187I9HXM	0
B018TF42VA	0
B08D73Z7S3	0
B08LPTRCT5	0
B073BCY85J	0
B07VGK1STD	0
B071CQGVZV	0
B073TG5TMD	0
B09919XSBZ	2
B08K2SDN7B	0
B0BCV6C8WR	2
B007W8BWN2	0
B073ZFQ3C1	0
B01A6WF77C	0
B07S819KZ7	0
B01H7FHG34	0
B08LC6VQHH	0
B0BXPGZ5QC	2
B07NVNMVG8	0
B07RBP6CRX	0
B08DLTRMZC	0
B07X3TRQHF	0
B00IRDL00G	0
B082X6CT3X	0
B07S3DQ5KK	0
B07PZJYVJH	0
B088NGXXFX	0
B08L68QXPS	0
B00ATPID6E	0
B0751H5KF1	0
B005JA2G30	0
B08L27M23G	8
B0B6CYH17L	3
B00DUJXQ3G	0
B00VYZDV3S	0
B07TXFCXHQ	0
B00JNHBYYW	0
B0018P68CU	0
B00NAR1MC0	0
B0084593IS	0
B00CAFJKFE	0
B08KD7ZDX5	0
B002KAOU3G	0
B073XVX6SK	0
B09FL2CF44	0
B019AQPUAE	0
B0BG8X6TFZ	2
B07D4C782L	0
B0BM2HZNBG	0
B09M7BMDFC	0
B08R9PYHWQ	0
B0135H67ZG	0
B007ZLNQYO	0
B08W4ZSPFT	0
B0BW5NL5VN	2
B07KXLC26G	0
B07G2XKB6B	0
B00EYNJQAY	0
B09JC12L96	0
B00NX7FW3W	0
B017MBS2SG	0
B0057QY828	0
B07VV7N9F6	0
B07PYT42NS	0
B00DVNCE20	0
B01NB1NY4B	0
B092ZJB6BJ	0
B0BSNHD759	1
B07VF9TKGP	0
B0776Q9NLM	0
B010HFHBOU	0
B01I0P0WD6	0
B075697T3J	0
B08C58LK1Q	0
B07GMRFZQZ	0
B00B9RT5MM	0
B07MLYZJ72	0
B00DEZ4IZQ	0
B07XYFJX8F	0
B08JSNJR1N	1
B08KSRVQ7Q	0
B0066SRMYW	0
B09MJ6SKBT	1
B0BMP2LSVR	1
B085DB6ZKL	0
B00JH39BE2	0
B01MR8YF21	0
B00N9IPBEA	0
B06WP9MX78	0
B08DXQ4FXY	0
B086YPWK1B	0
B077BZDXKQ	0
B01J6KNXTO	0
B07W7P1X8D	0
B0B6D7K845	1
B07G42ZQBK	0
B004K43M8E	0
B007ZHOGWY	0
B000R96B16	0
B09LYKS8V6	0
B00ASPKWV4	0
B07FSRWNTN	0
B08229VKYF	0
B01DBZJ664	0
B0B9XGG88Y	1
B07MV66D9C	0
B004LKRJ7W	0
B071KN1G9S	0
B09KFXCM47	0
B0BKVX13NH	1
B01AWZMYEM	0
B00KEJ33E2	0
B007R0PO1G	0
B09D8BGTQX	0
B00BUKBA4Y	1
B07DN8XWVN	0
B078PDMQPZ	0
B07FNNZTP9	0
B0779J2V49	0
B00KI26QTE	0
B00I97MWQ6	0
B07211KXYQ	0
B0783QTKRL	0
B08D4P4YPL	0
B00QVKHABU	0
B08H1MPTZL	0
B001V2QXW0	0
B079JXN34P	0
B00IT0BQII	0
B01MAYWOGD	0
B07YPS57S2	0
B01J5NXUD6	0
B0056FFL62	0
B00CY3WI7O	0
B00HFFJS7E	0
B00Q8638RC	0
B08P5RJRJJ	9
B00HQKFWVY	0
B00YF42BJK	0
B00KHTNLXM	0
B07SGC9PG2	0
B0160Q39QY	0
B07JFQVGLV	0
B08ZBZ51KY	0
B07GV84BQ3	0
B0059XWYJS	0
B097B81BVS	4
B0060U3U6U	0
B0714D1XQC	0
B07DFP3K87	0
B07RX4JHCY	0
B00QA8J0W0	0
B0716PYYXC	0
B09C7TT7JV	2
B018LTY6HY	1
B000P752ZG	0
B08CN3SDL9	0
B07RHY8XB5	0
B08DHPFDNQ	0
B00DBOAGZ6	0
B07566R6GP	0
B094Y1NS41	0
B06XNP2N27	0
B07W3NDCGV	0
B01D1DT5EO	0
B008PELNFY	0
B09GP6N3W9	2
B01C8DQE24	0
B00H5GWA8C	0
B005CLS6PI	0
B0BZ6CY7B4	3
B00FZVTWB2	0
B08HJXPHKP	0
B007IX4YKO	0
B07HHVC3P8	0
B00QYCXHZS	0
B07WPFZ1C7	1
B07TT559TN	0
B09C1H2TKX	0
B08XN3NTV9	1
B07K2Z84MN	0
B00LQDX872	0
B00B1ZO77U	0
B0714D564Z	0
B075DKM9H7	0
B01M320OY0	0
B0785YKRP2	0
B072W7MGFL	0
B08KB42ZL1	0
B08B5VMX8Y	0
B01MRKYVL8	0
B06W2H7QV4	0
B008JWO2M8	0
B06XB68GRG	0
B009S01Y5I	0
B01IVYGMVC	0
B096974ZF3	0
B002VGZSSU	0
B0782S56JJ	2
B09CG7FZTP	15
B01DAMUCKW	0
B072L4BFW6	0
B00X6OGGTG	0
B078TZLNJ8	0
B01G11H2LQ	0
B08Y7P5FJL	0
B00X8OAGPE	0
B00ZSDACLQ	0
B09HT6X2XR	0
B07YCSNTC9	0
B0091I4SBO	0
B0177BZOOQ	0
B01MSLY4M3	0
B071K1BRDP	0
B07C58PZZP	0
B07CG8VJF6	0
B082HKW28L	2
B07DLXQ94X	0
B00SF7QYQO	0
B08L9212ZN	0
B007EVZ0LW	0
B09HXN7ZJ5	0
B09J84542X	2
B00WND8T28	0
B07DKT73WY	0
B075ZWRJZ5	0
B07T7TK74V	0
B0837JS2TB	0
B00K1LM542	0
B07CG9XT7G	0
B0722GLWP1	1
B0924JF9ST	0
B01IR0FH2U	0
B07FD46ZYJ	0
B07BCCV2TH	0
B06WWRDGH5	0
B08TR94X35	0
B07SXGW2XH	0
B00369HX7U	0
B07WVYQNV8	0
B00CJRPQ6U	0
B005981JV2	0
B00213K6KS	0
B08VNDLXFY	0
B08CC3FYRW	0
B073SKXGCS	0
B0BHQV5BXS	1
B0104XWQ0Y	0
B000ML9XAU	0
B01MA57DDC	0
B01KYXB3LM	0
B07ZR43MXT	0
B076HSSLLB	0
B00JWZ810A	0
B0124R86WK	0
B004A7YLPY	0
B0BXHXGCNK	1
B00GX5ZQBO	0
B0B9M6LP49	1
B088192Y7C	0
B0007N54BK	0
B000VE2RRE	0
B07514L92M	0
B01LWOGUE0	0
B07X8S6YCS	0
B08NFG5W4W	0
B006230L6C	0
B075SQLPMT	0
B09MK2HM3N	0
B0924Z541X	0
B07NQ4S6Y4	0
B00FRKA602	0
B00B9RO86U	0
B000UOLXHA	0
B09LRRCD2Y	0
B074QD8MQ7	0
B0741YG3MH	0
B01DMQF2CE	0
B0B3GSFLV6	0
B087BQSQ19	0
B07ZR2ZJY9	0
B01BL1G5Y6	0
B008YB8EE6	0
B088FZ6SP4	0
B087CL45XZ	0
B013QMXYXS	0
B008SPFNII	0
B07JPFKMY4	0
B07XTBV3WS	0
B07RXSJSGZ	0
B0BVDNGR42	1
B002WVSGF6	0
B0C63CJXH8	0
B08533RXS7	0
B01E1TFHYE	0
B07QR2LV6N	0
B071JT7W3K	0
B08F2DMFNK	0
B08ZCGMG7P	0
B07JX71HWG	0
B00U68O0WA	0
B01K4H6AA2	0
B07SXVW89T	0
B002JQILTK	0
B00RDYSWTM	0
B08DRTD95Y	0
B07GNYZDQP	0
B08LPGFCLF	0
B01NCA7FEO	0
B00DJB60QA	0
B01MQNM8X1	0
B00EQ0ZVNG	0
B07VQJWD5V	0
B073ZBVHZW	0
B015WL6T3I	0
B0128PKIXS	0
B0113RDAKK	0
B06W599433	0
B005GT2GNY	0
B004DEQIQ4	0
B001CZL0F6	0
B0BT2WM1SC	0
B008C1X9QG	0
B0B8S4S8JB	1
B00EFUM9IM	0
B019HMZ2UY	0
B00J7U7MVO	0
B01F4OGVXQ	0
B01N15I4GB	0
B08BL7GQJH	0
B00EZO66UK	0
B013LLAGK8	0
B00I14AUUW	0
B07N1X6928	0
B06XKQ6FNH	0
B07483YC42	0
B00BBLZZL6	0
B00Q0OYQEG	0
B01LGNHPLG	0
B084X66HWM	0
B094X4Y5ZV	0
B09DQ4VBRM	0
B0BQMCJ5LZ	1
B09B9VX87X	0
B00KQ7X1QC	0
B007NDDVUI	0
B09VH8J3QM	0
B089Q1W56W	0
B076PR34H2	0
B008J28CE2	0
B00VGIVRZ2	0
B088LWDGBF	0
B00C7J922O	0
B0CHN5CQZD	1
B009RBI23A	0
B00PTYCTBA	0
B00AAA0QEK	0
B004D3Y28G	0
B0897WX4Y3	0
B07N3BX3WZ	0
B07MSHFS32	0
B09WJ1Q4M5	0
B01IT4FNFU	0
B00O2SIZSA	0
B07NYKDCJ6	0
B07NHK91S3	0
B07GSRQD2N	0
B082QGHGP7	0
B0083CNZNG	0
B07PM28MF6	0
B0718T8LLJ	0
B0751NS3SM	0
B01KX409FI	0
B0812MM266	0
B0794VQCKY	0
B00W0YHMG4	0
B0791CJ46R	0
B08LZ3FM3W	0
B002LZUW7I	0
B073X7ZS1B	0
B08JBJDFLY	0
B01M300SLV	0
B01LZKEJR1	0
B00BIP5WFY	0
B07HQCD43X	0
B08LB2JFD7	0
B07X751462	1
B086DX765T	0
B09LLSLDB5	1
B07W37H54W	0
B01CZJZAPS	0
B0BF8NBL5V	0
B07ZR2VN97	0
B0735SB97C	0
B076HH4KPM	0
B07XGKPCFC	0
B08TT99ZQZ	4
B0B68YNNXM	1
B08587CDRM	0
B00XXV1LS8	0
B014Q5YA6Y	0
B0BRNJ4QTR	0
B072KQ7KJ2	0
B07GBF52FJ	0
B013J8UZ3G	0
B083TBXQ6R	0
B08WPM9LLW	1
B07HHW8GZZ	0
B098NRZF9Q	0
B07LBRG7N3	0
B07J3XZZSL	0
B014IBJOW6	0
B095HK6793	0
B01BMYH0RS	0
B07GWFNZ4F	0
B00RHAAK9M	0
B07L9QCNFC	0
B09T6LDDW5	1
B07F976XKZ	0
B08LKF35LT	0
B08HWY8HZF	0
B00JR0GM10	2
B00OUDUFXU	0
B09SBJHCGK	0
B0140HMMZE	0
B07JB5HTBD	0
B07JQRF78Z	0
B072JNSD8N	0
B076TKZLSY	0
B00GUC97VU	0
B07DPTRPZ4	0
B09NLQ8R9R	1
B0124JKG08	0
B00MGL9A8O	0
B08R6GNM75	0
B07THW8PLS	0
B00HFRS61G	0
B08MV7FGYM	0
B07CZ46HGY	0
B0BP1H98C5	6
B00JA994CC	0
B078HGYHHP	0
B07P83K23S	0
B08SQTQVSC	0
B07P8TPKZN	0
B07RY352KZ	0
B07QM3W8HD	0
B08D9DNZFK	0
B08CXNN66T	1
B07VNT4F4D	0
B08ZXXZFHT	0
B0981XRJW3	0
B07RKG4S2Y	0
B009WKWOIK	0
B01BHOEKCQ	0
B003OBZSZE	0
B005IEWR86	0
B07SKCD6XD	0
B07NBB2W3Q	1
B07SWH9WZ5	0
B08GYQF64W	0
B07VQ6Q8HW	0
B005JDM6LO	0
B09ZQSJY3Y	1
B07612DBS9	0
B07F8XNR4M	0
B09DFKTXMJ	2
B00FG4IMVE	0
B003FZGDVM	0
B07T7KTJ15	0
B07B9PD8LK	0
B09L57XDSW	0
B07VCDCXNP	0
B0777WC2MF	0
B00ZARA0PS	0
B09VX4PJ1R	0
B01DURL2E2	0
B07MFK34RV	0
B01GUG2X66	0
B07QJV3GD3	0
B07XHPKYFW	0
B078KD1D29	0
B06XGPYG11	0
B002Z95B9Y	0
B089LN7GZ8	0
B08Z75CC6R	1
B00CE4RAVM	0
B07H4T9QGT	0
B003BGYKYM	0
B00N2Z6FEU	0
B01ASUW0VS	0
B00X3GGS1I	0
B00PCWFFCO	0
B005OKCGJE	0
B07SD35K7G	0
B01N9T4RWE	0
B09KNVC7KK	0
B00KGIVPD2	0
B077K8GD4Z	0
B073ZH1YLL	0
B004E8RMG4	0
B010LR7KQI	0
B09QKWYRD2	1
B087XC7TR8	1
B09SYXX4CH	0
B092ZSLYPL	3
B00QKLA422	0
B00I0DHSXG	0
B07BHJQ2HL	0
B07V9D8N8B	0
B01N48M5LT	0
B07MVTB5GW	0
B088M4T9GW	0
B0922434BX	0
B07J6494X8	0
B00P59F1P0	0
B01MR17QG6	0
B00T3IQCN4	0
B08ZFLFNWT	1
B0773SJN9J	0
B095X9XG8P	0
B0BPL9TBWY	1
B0B2XYZ55K	1
B0BLSKF382	1
B08P3ZX1ZB	0
B01N4SHNN8	0
B08YTJ8HL7	0
B004DX3YQM	0
B00MHTEVNY	0
B09FNZB1T8	0
B0144AXO9K	0
B007FMP60U	0
B00QRVNPJE	6
B014T0BD4I	0
B008EKNKS2	0
B01MR02VZK	0
B01NBDV3W4	0
B09JG9X6LF	0
B072Q41VPJ	0
B07PGNTFTW	0
B01MS3R93I	0
B079997LSQ	0
B01A7ZMRA8	0
B0036FU2WW	0
B0953H3TZT	1
B07YFLWRKD	0
B00PXCNPAM	0
B09SGL5Q53	1
B07B6284FK	0
B07167MDL8	0
B00XW6HYQC	0
B0798XVNSM	0
B09PMGTGLK	4
B07R5MPPV3	0
B00AI5QWU4	0
B00E8BGC4U	0
B0716PZPLP	0
B07C35PKRF	0
B01MT18O15	0
B0BHJ51XL1	2
B07X2Z88QH	0
B084JFNFTL	0
B07L6F26XG	0
B00LW00YP8	0
B08JT82WXG	0
B07CB9C8VP	0
B00477O8FA	0
B07FMCB676	0
B06XQ7478P	0
B014SP3OZK	0
B09D3CQFJC	0
B0792N91HZ	0
B07X5RJJ6W	0
B094ZK4H3B	0
B079D4MWHX	0
B07ZP4DZDM	0
B01LOTDE3A	0
B087NGJ5SM	1
B08GC3H9VB	0
B011K2C2IY	0
B09YQD1TZ7	0
B072LQ3HC2	0
B00B7O7BP0	0
B07P54RTY1	0
B00BCQUS6M	0
B07YZ99MCW	0
B08P75LY5L	0
B07XN73H7T	2
B09C5K8SBD	0
B00904X1QW	0
B007JU381W	0
B01D0P2FX6	1
B0078L6440	0
B08H255XQP	0
B00MN6JK0K	0
B01MS5QZKL	0
B0743B2Y8K	0
B08M63L7DH	0
B08S6MBMDK	0
B079QPDNL2	0
B07XV8C7NP	0
B08P8JFWK9	0
B089M57PSQ	49
B00EFEO2V0	0
B089T4B3SJ	0
B07ML6FNJT	0
B07RWXN9BY	0
B07GDLZQB7	0
B01A8GQIFG	0
B00AARLNRC	0
B00K7GU9VW	0
B00EU3TF0E	0
B001EYV3CA	0
B00I39S3WW	0
B01BID7V4A	0
B08WRMB1V8	0
B00E2SS00I	0
B003AO6O76	0
B083J5TRSG	0
B0B6FSV1YJ	1
B088Z1MZG5	0
B00FWVHXWA	0
B07H88Z4TN	0
B0BNFWX3L4	1
B08L4TC446	0
B09JSY2DX2	0
B004FM1LL6	0
B09FFY4N7X	1
B07NLF8NJJ	0
B00AFEWFPE	0
B01303LDHW	0
B073VBRN74	0
B09CCMVMXF	1
B00ASHTIKI	0
B07Q27Y71R	0
B08L7F1RXN	0
B07SPL9QLJ	0
B073VV8GVK	0
B085KD6LW3	0
B09B93KD1J	0
B07PZDLNV2	0
B000XZMU64	0
B079MDHCXN	0
B018F60258	0
B012BSC556	0
B089YWTL2K	0
B00EDN82I2	0
B07YS3QZ94	1
B075YBY238	0
B09MKCYGJL	17
B00456CWQK	0
B002CVV5YU	0
B07Y21DQX4	0
B09BVQFM8J	0
B01ATQH570	0
B0BB8JJ5QT	0
B099W1PLJM	0
B01HMZNRQ4	0
B01NAEJ39J	0
B082XYCLW6	0
B07N15QTKC	23
B07CB9JZ1V	0
B07Y5C552L	1
B00AZH98O2	0
B074XT913X	0
B019VU3P42	0
B07RR1G58G	0
B079KFHJ84	0
B06ZXRT8NF	0
B00G9B4MBM	0
B00LNTNMSO	0
B08113D7FV	0
B000VYGDI8	0
B00UNV3JNQ	0
B07F7RN8JF	0
B094QB5RBM	0
B08JGLD3KM	0
B072JNBN49	0
B00CMYHRRG	0
B07BFBN7LB	0
B008XECFBM	0
B08339JDRY	0
B09NVYVYQY	1
B0058EOPIQ	0
B09DKLMG2R	0
B09K6PFGMY	2
B098Q1NSHL	0
B00DI9WZZS	0
B07SQLH6MX	0
B00MFQVOUM	0
B07MZLQ7TX	0
B0053GDX4G	0
B00D0I3NDU	0
B00F46BFFO	0
B08172T8MD	0
B07QL6SK2X	0
B0B6HG4KW2	1
B00AL50D1A	0
B08CY533Q3	0
B088R6C7P4	0
B0963VCFYK	0
B083FGPJ6J	0
B0089Y889O	0
B00M3B3CV8	0
B07QLV6BCN	0
B09B9DG6YK	0
B004YCSLGA	0
B078PGFL2G	0
B0032UYOHA	0
B079DJG21H	0
B07ZMW75VQ	0
B0745WTXJQ	0
B0169TFPFA	0
B003FPCU3C	0
B07JMDQ73X	0
B09QT3ZWZ1	0
B06XR476ZF	0
B0875VZQW4	0
B07GVGG7VS	0
B07S4Q6VPR	0
B0BMLTW4D5	0
B082XRSB6Z	1
B07HCG3SDR	0
B003DNVPV4	0
B076D2SHDD	0
B00862D40C	0
B0BDJ4QZ9X	0
B016XLLDNM	0
B07GLGFRQW	0
B09WMRC8XQ	2
B01FLQ5N4U	0
B00U0YO4NA	0
B07KW2531F	0
B07F1DV5YD	0
B004Y5AFZC	0
B07KFV8QST	0
B005PTQC80	0
B005TQX6MY	0
B01BCRBY72	0
B00EA90PNO	0
B00H2F4VYC	0
B07JJF7XRD	0
B018YCQ91O	0
B01DDCK9AC	0
B00CTWH4TC	0
B0049HLBS0	0
B09JFJ5PSK	10
B06XQS9P6Z	0
B004UME9PG	0
B016IW4WFW	0
B00J4UB2AO	0
B01G52O2VY	0
B011B26WXE	0
B008OL9HS8	0
B094YRSMLV	0
B07B8S1SXC	0
B07M98TQ8N	0
B07N8V3G5Z	0
B095RZ8XYQ	0
B07SR44P3W	0
B007P70C5E	0
B00ANHIMPU	0
B07XNQVWVD	0
B00FERUD5Q	0
B002CGSWS2	0
B008M5IO1C	0
B08D696ZDV	0
B086XK36BB	0
B08XW5871G	0
B074CQ8NQ3	0
B00K6K891G	0
B00EBGTR6W	0
B0BXXKMHD2	5
B00HBUXFTK	0
B07RRY84FF	0
B07CJ8PTJN	0
B082W8394C	0
B01EI7QN60	0
B01HRRT626	0
B09133BSFD	0
B07DVX98W8	0
B01NBJKEZI	0
B004IYFT28	0
B08ZJSY6M9	0
B07XZ8713S	0
B07HN3QFP1	0
B07544F12T	0
B07M6K3HBH	0
B09PDV687N	0
B0B7SMDXFS	5
B01B2A81DE	0
B078PTDZM5	0
B01LZEW3OA	0
B00CXGQ61Q	0
B016H2I1YQ	0
B09Q8374DQ	2
B014WCXEPY	0
B08PP1MSCS	0
B07BFRXQCR	0
B079TGPJGR	0
B01CYUK0JO	0
B08F23XYYX	0
B09RNHL4B3	3
B0723544Z1	0
B07JH5FWKV	0
B0B37VMWDY	0
B0721JL12R	0
B019EKX2ZQ	0
B07VVGY4Y9	0
B00I9WK3IU	0
B09NJMZYFZ	3
B0126FEOEY	0
B00KPOWZ54	0
B07MNMGS8Y	0
B09YYFXC42	2
B0741Z42BG	0
B08DR9QZQ3	0
B00IF1EFP2	0
B00AATRR2A	0
B01IDUW0GK	0
B016JMW5UK	0
B00QFPCNX6	0
B01IDWG5Z0	0
B0B853PX2L	0
B09ZNT54MK	1
B00TEL2MOI	0
B0BCJWZDMP	1
B01DCQNLS6	0
B08B6C4XWY	0
B09X2V6ZXZ	1
B083GBC4ZP	0
B0BN6DBB4K	0
B005LBY2DE	0
B09J2FXF14	0
B018W8ZM0E	0
B07KXCHCF6	0
B00GFXBVVS	0
B07W1ZFH4F	0
B006R0NIME	0
B00CGTUCAQ	0
B07DVZ3YC9	0
B0BJ1CK5Q9	4
B00AAADO62	0
B093D2YT2X	0
B06ZXWQLKR	0
B01B3AYLZ0	0
B004KHW9N0	0
B07Q5PQTV5	0
B0B1DQP56F	1
B0058EBL38	0
B07K867KXH	0
B08FCNCJBB	0
B00OTX11DO	0
B015CK4MMO	0
B00KCRZIYE	0
B07SRY4LSW	11
B07P66LWXR	0
B00HES2CNY	0
B09MQ4ZNJ6	0
B01KNS1VEC	0
B00BITEO04	0
B0932RD6HD	2
B00TUZ14ME	0
B003HP4TVQ	0
B00VN091L0	0
B0053YNWG2	0
B00A8SQW4C	0
B0BHHTRD2R	16
B09B67GCHJ	0
B00403NP7I	0
B00AKB9N7K	0
B00PC1P4KI	0
B01M8IIGGA	0
B01GGVK6TG	0
B01N1OJ8ER	1
B0146GYXTW	0
B077S9PC3F	0
B078GPKNZD	0
B07J5PRT56	0
B0CH9D6Z78	0
B07KG9KB6W	0
B0741T49QL	0
B075CXRG4C	0
B01N7Y0DE3	0
B00QJO2X9M	5
B00NUK2398	0
B0719VH564	0
B09S5HK59J	0
B00B7GIROC	0
B00W6WAVXG	0
B07JZGSNBK	0
B00IWTRH8E	0
B00B9PC1HU	0
B073BNW3PH	0
B07YG28TDT	0
B0784PZ9MP	0
B000Y1REQS	0
B08XTZ3NHS	0
B0BT9CJVLN	2
B016W5VBLS	0
B09Q2VJG5W	0
B07P6S6VSS	0
B0925VYP8N	0
B0C71F1Z9X	0
B08P2K5W6L	0
B08P2P2H7C	0
B0784R28NL	0
B00K5Z8BVA	0
B081JVBKGY	0
B094GB3J57	0
B08GY1WQ9J	0
B07DPNJQM7	0
B07WWB7KMX	0
B07S8H2Q4L	0
B017FSZUEA	0
B00CBR8WUK	0
B01H6WKKZO	0
B07TCGRDFF	0
B0B8227GB9	0
B00BGG24V0	0
B094GNR15R	0
B08FD36LT4	0
B075FGS96K	0
B07VYK64BG	0
B0977SQ53W	0
B01J8CT5ZG	0
B005QC3JSM	0
B09LM6PTMP	0
B07BHGXPNH	0
B07L8GMXV3	0
B08CKG1FN7	6
B07DNDSWB1	1
B0BB2TF8B1	1
B0BFGV2BKN	1
B08C7BSCP7	1
B076462GHD	1
B07NM73474	0
B007BYQN2W	0
B087HJ3LTP	0
B07D7RNSDC	0
B01DKJXN9M	0
B008G52KIQ	0
B00YSZHTXY	0
B011VG6T9W	0
B00I5IV6KM	0
B07GJLSZXY	0
B00ZFMHQNM	0
B0757T3F7P	0
B09D7YHV5V	0
B0772RRGD5	0
B01E3APP7A	0
B08ZHFJYW9	0
B07GJRY7MS	0
B017C865EW	0
B07S63FFLY	0
B071J6HBB3	0
B08NWPJVR6	0
B002CNFSVE	0
B06XHJY4NV	0
B01BW1SABQ	0
B01N7GC2P7	0
B07KT2JW3B	0
B08811TKT9	0
B01I6NA7IW	0
B08P3HNBW4	0
B09GVY1F77	0
B06XN6J4Z6	0
B07Y93DYNC	0
B08VDFL316	0
B00P1ZIKDS	0
B09DBSZMKN	0
B0BX34738Y	1
B01HC7CQWS	0
B07FD2MGLT	0
B00DZQXBFC	0
B01FFOZ6R2	0
B07T75SNJC	0
B0774NPX6Y	0
B07QCVLPS5	0
B07DHCN2NS	0
B00DY8PNX4	0
B095KLKV2L	2
B09Q5QC7D7	0
B07WD6DNP8	0
B010UMNG2Q	0
B0B4D2V7QB	0
B001SASIVO	0
B0B53LXWTW	1
B005BIU6Q4	0
B008DOLTYG	0
B096S7DCLN	0
B005WKBSH2	0
B01GUBAFQG	0
B005BSQU8C	0
B000NSTV0O	0
B075978Q7F	0
B00DZZO7G0	0
B00JQJRQMG	0
B08Q336G8D	0
B00NTNU2HG	0
B09FLDVFPW	1
B00S9KG7MS	0
B07Z4D63LD	0
B00IVDN33E	0
B0070ZY70W	0
B008PXWV5Q	0
B07HN8V8GZ	0
B07D7GXLC2	0
B00AJ0G816	0
B07JLCLV73	0
B094VTWLRL	0
B01GNNX53Q	0
B08BPZL61R	0
B01MRY96R7	0
B0BB2ZQBBX	1
B07HRG76FB	0
B07QHW6R19	0
B074BMLZTL	0
B07RPSGLTZ	0
B01IEOVU1Q	0
B015VNVBDK	0
B007F8YJCU	0
B01DH2VT5C	0
B00VS4A7LY	0
B00YO2KULY	0
B09MSM73RD	0
B07MR3H7H1	0
B093FF5C36	0
B000XYLX86	0
B01DU1M92M	0
B00DVOIR4I	0
B00BVP1P48	0
B09M24W3N2	0
B0CB5JRVD8	0
B00SC3XMDE	0
B0BCWSJVGZ	0
B01I0FPU6U	0
B07JNG8PBY	0
B011EU1LMU	0
B01N35CZVG	0
B07CHH47HN	0
B08CQTKH6N	0
B003AJLZ2U	0
B07XL1J5H8	0
B0092JU2BC	0
B09Q37TMLQ	1
B00GXNB29Q	0
B00008NMKE	0
B00A64F6U4	0
B01KAMKRJG	1
B000G6487O	0
B01I5P5592	0
B0115I5UDC	0
B097J5QK66	18
B07CV262TV	0
B07Q4DJWP9	0
B076F7FSM3	0
B0038BOBVW	0
B07X4Z1NX7	1
B07C9D37LJ	0
B00QIYY832	0
B0BM9NJZGV	0
B07YG4KK8F	0
B0B25R1LDX	5
B07PMKZX8S	0
B01ND4K3U2	0
B0B7BQ8SPC	1
B00XZ35ITW	0
B07P6ZC4XN	0
B077KD1HXD	4
B0113P9LRI	0
B08CDWZ3Q5	0
B07DJSPRYY	0
B08437CMQS	0
B00LM54QOS	0
B07XS8GB7T	0
B0030MIMBE	0
B00KH552QU	0
B08F4NGT6K	0
B07PBCDNB7	0
B08H1PPJB5	0
B093FKQFX6	0
B07Z59TXNS	1
B011R3HAF6	0
B08T9L534Q	0
B009YZXOQY	0
B00AQYKZNW	0
B00FYH8MF4	0
B0861DRL1V	0
B07MP366TY	0
B0030NJN3E	0
B007Z3T85S	0
B01MR3ENDO	0
B01AHPD6TE	0
B01I5RCY8A	0
B07W94KWZX	0
B00WHAP71S	0
B009JST33O	0
B08F51YN5Q	0
B092W7HJKN	2
B07MYZQY8W	0
B06XGSH61L	0
B06WGR9JTP	0
B01JW8RM7E	0
B01M24I4HI	0
B01KTIOE3G	0
B085WSLWRX	0
B07ZNPNXY8	0
B01JYYRJFG	0
B008U63HGK	0
B072LVN48T	0
B07NQBR5TW	16
B06Y16JRPV	0
B00WZPD294	0
B00S17A0TK	0
B091DQRRQF	0
B07ZL47GXT	0
B09FJZK7YW	0
B08KGR9SQP	0
B07G4149NM	0
B07DGXBGSX	0
B01N33D98W	0
B07FB7S4XR	0
B0742N8ZFW	0
B00NETNLC8	0
B07D8H91TV	0
B01I41SS5U	0
B09NFD5R9G	0
B00A9XL8ZE	0
B017NJ8M78	0
B001V8NU8E	0
B00H2VNNQS	0
B07XZ6F67S	0
B004URS5TM	0
B01F5L2KAQ	0
B0BDVHN8Z5	0
B0897T8651	0
B081B3P3JW	1
B01HGW5S7O	0
B015J7Z9I6	0
B006G2ZWA4	0
B09NTMCYTY	0
B00HVRK6EU	0
B08GMCTV4F	0
B07NZZMJSP	0
B00T4QDN2S	0
B06X6HJLJD	0
B000IBPEOI	0
B07DWPRJSQ	0
B0013RRIFE	0
B08LPDP499	0
B08VN2X2MJ	0
B00I693DTW	0
B07X1KDWR8	0
B01MT52EYM	0
B005FRJMZM	0
B00XXRUNY0	0
B0C2V5X14N	1
B09B1LSS5D	0
B007181BMK	0
B07XCZPP2Q	0
B078C8BWDW	0
B019U4TS5Y	0
B08V1MTC47	0
B07CJQQ9QF	0
B09JSQ86LH	19
B077XLKSHN	0
B08D9K4C14	0
B00T9EQQ0Q	0
B07J5RXDWP	1
B08YK9CMQK	1
B096VSF64X	1
B08599XQ4J	0
B072HPBYRS	0
B0777F9TB6	0
B006URAV7O	0
B0B7874CS5	1
B07BN5V35Z	1
B01LYTBEAH	0
B003B345O0	0
B0023UIENA	0
B09V86V4P2	0
B00IAZQQKK	0
B004NB2KUA	0
B002XEUTFM	0
B07C94M86W	0
B09C92JXT1	0
B00EETCD9O	0
B000MUWKRE	0
B00DOG5D8G	0
B00H58ODF8	2
B07JBW81J4	0
B07SHVDKYL	0
B07X8V44BZ	0
B00T3J29OE	0
B08M6HMRH2	0
B01IADOCFW	0
B08FHYNR7J	0
B09BNGGPLB	0
B00GYQ9T0G	0
B00GD2W0WK	1
B07D4DTSQ7	0
B0038L2FSI	0
B00T480YG4	0
B007SJRG30	0
B00JZHN5SS	0
B08WQMPV3L	0
B0855SW43Y	0
B08ML8GY5W	0
B0091528P0	0
B0B9SFRHX7	0
B07MVNDFR5	0
B07WCQRMYD	0
B01M22DH2F	0
B087C28QYF	0
B075SS1V9W	0
B071GRTPW2	0
B008KLHRRK	0
B08B47WJQ9	0
B07ZH9ZWCJ	0
B00LWS1U6M	0
B078N43ZZ2	0
B0B58Z8DHL	1
B08BCGJBH9	0
B00UKYROAA	0
B000O3R0Y2	0
B00JKVZANW	0
B008OPWTUW	0
B00INBUMEW	0
B0785VRKYB	0
B085G1949N	0
B07L6KCSX3	0
B00HPWXRC4	0
B09F3FMS99	1
B07QCN3LH9	0
B004MLFCR4	0
B07V36V8B6	0
B07X7DLK5X	6
B00FZ4NQ16	0
B088QJM9J3	0
B07T4Z8FQS	0
B01IVXMYDS	0
B07CTLX626	0
B006Y680TC	0
B00FEP7SC4	0
B00RV4ZIK0	1
B00ABEQ3FQ	0
B07N97XYVS	0
B07Z7JMYXT	0
B00M7VKYJC	0
B01C7UFWCQ	0
B072F9296R	0
B07R78Y1N6	0
B07C5HKNLW	0
B06X1F23MY	0
B07R1R2RDQ	0
B011MDND6Q	0
B00DID9ZBQ	0
B07KQ7TZTL	0
B0B2N3NM5P	0
B08Y5N2WKG	0
B000BW3QB2	0
B077G6ZSK3	0
B00TG377D0	0
B003KGB0CS	0
B000J4MPU0	0
B071DSW9NL	0
B01N9K45FR	0
B07VCM2V9H	0
B0894W8C62	0
B00QIVAXIY	0
B00QJ19FEQ	0
B07QFL5311	0
B07B4S5KSD	0
B004W3B9H4	0
B07HDWBFSF	0
B089LZF5LZ	0
B07BLQ5BFJ	0
B0B1532XCR	9
B018WFAT8M	0
B08SK8H794	0
B0C38TDZ19	7
B01FKMGLZU	0
B07GRKG838	0
B07YNWKVSW	0
B01LZQ8B6I	0
B07D7F18C9	0
B08LYP33MK	0
B01LZ26VSG	0
B01EO68ST0	0
B00SW7UH7Y	0
B08NVTKDKP	0
B0BMGZWD7Q	0
B09V54NXQT	1
B01N5LYO0I	0
B09PM4R9SC	0
B00LU50ND8	0
B077Y733GL	0
B009SKY2DE	0
B07DN66FMJ	0
B08C9V25YL	0
B07TX7YJ5F	0
B09JN19ST4	0
B00BBWJX6I	0
B071CZCXVW	0
B008ZBQLP4	0
B088WJ4VST	0
B013MLSM62	0
B07JBZGXHZ	0
B092QXY52G	0
B001QXR6O8	0
B07W5NLNVS	0
B089LN3JLL	0
B08CK8KBTY	0
B07KWZ9B8B	0
B01GK6GCUO	0
B07Z3LPKQ1	0
B0035LD36E	0
B0793M7RK2	0
B07CZJTF21	0
B09W8HSXPT	12
B075RF8KN8	0
B09KFRZQTG	0
B0B79LH75D	31
B0998GV6GV	1
B07BWGRWWT	0
B0BNL5B54Z	12
B004RF2EG2	0
B071NGKPX1	0
B088VQSGJT	0
B00NTR3RVU	0
B07KMF9RK3	0
B007RLOJN4	0
B098N66BHY	0
B001ST5FSE	0
B07FC72RGH	0
B013QBM7NW	0
B002VY563E	0
B0103J4TWC	2
B019EV3O6C	0
B00447BUGS	0
B075G3KC28	0
B0063C3YDO	0
B07BLQFTDK	0
B06XHYPN73	0
B076HSDT3G	0
B01N4DZS9A	0
B083JD4RRY	1
B007Z0FMYW	0
B01BX9WDRO	0
B01DC6BKLQ	0
B00ITKSNFM	0
B010LF5I0A	0
B00BR75YMY	0
B0785GCDYH	0
B07SYYXW5L	0
B096DMZRSB	0
B07P2JV6B1	0
B09JHVS5LP	0
B07MMY96CH	0
B002BH51G8	0
B07HY2CVSG	0
B01NBI4RDG	0
B07Y32CGDR	0
B07RY96CBS	0
B09MKCS53H	0
B074NX79BY	0
B01DFJA8CM	0
B01F7OSLOA	0
B010LXNCNW	0
B0747C861Q	0
B072BS1SG5	0
B00K8S9X0C	0
B07Q5WCFRG	0
B081TGKHHP	0
B07KQTGQQJ	0
B00JQ1OXZW	0
B07C9VBJ8R	0
B09MQFKQVG	0
B081SQN692	19
B007P0RTIY	0
B07GJ7P2GX	0
B01NADEI37	0
B00K36KIQW	0
B06XS4ZR5C	4
B0BJJHSLHY	1
B08MSLD3QN	4
B07P6WXVGF	0
B017CE67JY	0
B008R0W1YI	0
B00K9V9UKG	0
B07RZDYYDB	0
B0733J9HSR	0
B09F5NCF5Z	1
B06XH39J4M	0
B06XK1LQDP	0
B07H2RG3H2	0
B004TF38I8	0
B07T2PZXXG	0
B0995LKCSV	1
B09R6Y1R4Q	4
B084SMPR94	0
B00A8E9I5Q	0
B0719FJJCG	0
B077WL6D5L	0
B00HDJEKRU	0
B0B5H6NZTW	12
B00XJWO6AG	0
B0747QY3CL	0
B07ZQ8RVZZ	0
B07KLNRFHS	0
B01LXMS60N	0
B018GWNBAE	0
B07H4PCGMR	0
B07JKZDG8Q	0
B000BO8JKI	0
B071CFLCTW	0
B0B4RW6DF2	0
B00E1ICJIS	0
B07G8SWBWZ	0
B07452TYVY	0
B0033X0Y5W	0
B07KP83662	0
B008PVV1WC	0
B07G2X2H7H	0
B07VGQYR8W	1
B09TV4TWRZ	1
B08Q7YNN3Y	0
B08ZQVZZCC	1
B01JRBUE58	0
B0936GP87F	0
B07PB4CKG1	0
B009ZK6M76	0
B00U6CC0O6	0
B0792PFCCS	0
B076QGBP6K	0
B098RTG5KY	0
B08VN4NHC1	0
B01N8Z22NZ	0
B00U0IT0Z8	0
B07596K4Y4	0
B07KY8BKK4	0
B09CYX7BNN	0
B0092TGC6Q	0
B07RQMV2B8	0
B08D7K53L5	0
B083VW4VJC	0
B0B8GQ15NH	1
B0B2CWBVSB	0
B001MDJUZU	0
B074VZDXQY	0
B09HVBQXX8	0
B007HNDYP6	0
B007Y17ESY	0
B08BFXN64S	0
B074BH4Z88	0
B08PBZQMP6	0
B0BG3SR4Q4	1
B01NCTDFKY	0
B09LLPD7RH	1
B0B3XDMC95	12
B01BPW6OYC	0
B08CDLH8MN	0
B074PCZ8Q5	0
B08D7FHP7V	0
B0BTLY44F3	0
B00BP1DSUC	0
B00MBVX3IW	0
B00RR6RETA	0
B093KHDP6L	0
B08DXWF27V	0
B071H4F3LC	0
B00WHJ12R2	0
B07Q8Y9GTQ	0
B09QKTM28X	14
B01DGN50EI	0
B0088QDMEO	0
B071NYHYY1	0
B08QCNXZ95	0
B09KMG63NJ	0
B078873Y74	0
B00L2IS1GE	0
B07538P796	0
B0813BBQY6	0
B07MTY6TCR	0
B0797QXL8R	0
B00XMP22OW	0
B09ZLC9G5J	1
B0B4D82ZRV	0
B08JYT91T8	0
B06XGJ8S5N	0
B07H986Q12	0
B010SBAWE4	0
B01E0HOD38	0
B098NSQ9TK	0
B07D7XGQF8	0
B01M98V0OO	0
B07KYVJTVV	0
B00MI4RZCC	0
B00E9Q76Y4	0
B07BLRDV89	0
B01LZB9QRN	0
B07R7WQ3T7	0
B089FC8YF6	0
B07Q4MYN14	0
B07NSP6RSZ	0
B00XCIDVD0	0
B014EPCUXG	0
B00DAPT3T6	0
B00KBA6OHW	0
B08QR99F5D	0
B07GZBTRDM	0
B09B478CKP	0
B008ETFEBE	0
B07BJ4Y2PW	0
B079GSKNXP	0
B07VT99C38	0
B083FYJ3S1	0
B08RCHDHPS	0
B006FFSWKE	0
B08Q3G24TD	0
B01719SV4O	0
B07BJ8FKV1	0
B00OJJTVLM	0
B07VW5MVL8	1
B01NAYW92Z	0
B07VRJWVKM	0
B07J1LPP4F	0
B07MZT7TFK	0
B07MNQM1Y4	0
B07C15XBJH	0
B07HG1KYGD	0
B06XNVBDPN	0
B00EJKOMOW	0
B072KZRTLS	0
B002PS5FHS	0
B092CBV32T	0
B07TG9YVW8	0
B09Q318TGL	1
B07R24XM4L	0
B07N28NGBG	0
B01I53T01I	0
B018IMTCUK	0
B07KXP7G3Y	0
B004ZHIKG0	0
B0714FHZJY	0
B00QIR1VF2	0
B07TZ7YTMK	0
B01DPY8UIQ	0
B01N9NMST8	0
B08HYY6KC5	0
B07CQCWZN1	0
B07H4ZNT5D	0
B0BVW94PP2	6
B06Y1CPNLM	0
B075LBT7VD	0
B08FXPZPBS	0
B00L3LFUEG	0
B00A4MV4PY	0
B008X252F0	0
B01FFNDNUA	0
B07G6ZRHFT	0
B014D1ZF92	0
B07YTY6ZN1	0
B07JZ2Z1P7	0
B091YKS21M	0
B07B4BX6FB	2
B0761ZMSPT	9
B094363MS9	0
B07MN1HLBQ	0
B01HO8UJBK	0
B07T63PZ34	0
B01611CZV8	0
B08BZ4PLD6	0
B00NXGH1YG	0
B0753GFTW8	0
B08QRK4QFV	0
B08GX14M15	1
B00TJE3K1E	0
B00172NOLC	0
B08BRCZJNM	0
B00IE2BBU4	0
B01M5IXANF	0
B01GFJOV7W	0
B082QL8WZ4	0
B08L5CNVZ6	2
B014QSGHA8	0
B07G8WLSGP	0
B072V6QLP7	0
B00T4UUFDE	0
B07D9LNFW7	0
B06XSNVW61	0
B017T204L6	0
B07MFB3DH3	3
B0BC3MBTQ5	0
B08NJGZ42Q	0
B08L3J73FS	0
B07D7QL5RB	0
B07RX2WT21	1
B00E4DSBUU	0
B07F39ZDQK	0
B096DRH5K4	1
B0B74NBWVJ	6
B07JYFGHVT	0
B00272LQFC	0
B088D2R415	0
B07RLFN5XK	0
B0BXJCFRL9	0
B07BRK51T3	0
B074JK39GR	0
B00BZ5QSF0	0
B07FS9S3Q6	0
B072LW2R4F	0
B07BZ5Q9NM	0
B094DQ4JCZ	0
B07LDCXP95	1
B097MTHTLX	0
B07B8XHTL3	0
B07S7R3HS6	0
B07X32KZ6B	0
B082HXQLSV	0
B08BJ9HNBZ	0
B00KZJMPTU	0
B073XJTW4G	0
B07ZJR7NG7	0
B07DTG1XLQ	0
B0788JWT9J	0
B00902G92W	0
B0BMDJGK6C	1
B07WJJDHDP	0
B0BW5VL1JS	1
B01B3UYLOG	0
B00JZHIEV6	0
B00WBWZXL6	0
B0182SJ4E4	0
B083Z25K72	0
B00AQFUXTW	0
B07TXNGK1G	0
B08QSFL94N	0
B074RGSJ3K	7
B011FNZ1YK	0
B009AJTKX0	0
B097437T7B	1
B083G8ZND4	1
B002ZVPQ6U	0
B00C77PB4O	0
B0846KWKVB	0
B01MYZXUUZ	0
B00NC4Y4SA	0
B0116L9MVO	0
B002FTP8LK	0
B08QWXBJLV	3
B01N5V0BL2	0
B01M16NMHD	0
B07W65DVQ8	0
B095JJRQMQ	0
B096VHJVNV	0
B00D77ETIM	0
B01F7PJUWG	0
B076DL7PGD	0
B08ZYR7JLK	0
B0063QMZOE	0
B094D9ZSG8	0
B075XKWMBG	0
B091F3G5WF	5
B098NYVYQ8	0
B07RZM1FVP	0
B07B493CQ9	0
B07YTJD6C4	0
B00PPHLG6U	0
B07P86X919	0
B0BFT47RG5	1
B097T3BKH4	0
B00DF11GYU	0
B07WN3KRMG	0
B00ANY4G44	2
B082LNFTK5	0
B00ESZTAHC	0
B0078ZZDC0	0
B07SKXY2VZ	0
B014LY96UK	0
B006H38BYG	0
B003LY4WTC	0
B07FYFXPSS	0
B08GH2JYBX	0
B00SRH98GU	0
B0761SSGNS	0
B07MLQ9W3V	0
B0936S4KY5	0
B0852WW7W1	0
B01LDUTJG6	0
B009QR50SU	0
B07C6YTT2R	0
B00M4IPDRG	0
B07G2RM4T9	0
B07FXB1YNW	0
B0921K269X	0
B00LPRU9GC	0
B085B54L1R	0
B01DRK433Y	0
B09N6S5VY6	90
B0746C8FFG	0
B00HUEF3DI	0
B07V63R1P6	1
B00DW2GEZ8	0
B0BHP4R2S4	2
B00V7SF0P4	0
B08XVNZFYY	0
B092RN4BJD	0
B0BHHR3QR8	2
B000GGVA1G	0
B06Y49Z9H3	0
B08GRW47RF	0
B017KZKDJK	0
B00NGRF1F8	0
B08RBVRQZP	0
B01D890HUW	0
B0B2DNJTVB	5
B08NPM1QSC	0
B0BQYT52P6	0
B0B8CXGYLY	1
B083TNKRLZ	0
B074NCV2TY	0
B07M6162F9	0
B083L67Y6Z	1
B0793JMCXB	0
B09DFYDW64	0
B072KWQM4S	0
B006OK7WA6	0
B008D4RPQW	0
B077ZMK1ZT	0
B00BEC80GE	0
B086Q194C5	0
B01NAZ4GBY	0
B00GSQZWFI	0
B0B873K6RP	1
B009X4UGLM	0
B07C9MZ89P	0
B073R97Q2N	0
B07H5QHZ58	0
B0BVYSTQ71	0
B00GA9CKK8	0
B076BLBVJ3	0
B0BHWHTRNV	0
B09ZPGNHM3	12
B06XSLP2CV	1
B07FKJ57RT	2
B00IMNILU8	0
B07MVPFJKH	0
B07H7TDPZY	0
B07KZJMLMX	0
B01KYOY82C	0
B07583JR1F	0
B06W57BG7K	0
B08DHTJ3DR	0
B00XQAXLCA	0
B07413D37B	0
B07S4LKXG9	0
B0C2PQD1CN	1
B00DYQ50JI	0
B09LTSZJTM	0
B008LKGMLW	0
B00RLVATEI	0
B0BGS5QK3D	0
B00U0LQG0M	0
B074N49KZP	0
B088RL8X3S	0
B007QSBF1C	0
B07NRY3JRN	0
B01DKPN5BC	0
B00KHYHRIC	0
B00DGM4SUW	0
B012UE0GKW	0
B082X75Y96	0
B00CDF6V26	0
B09J27QKCW	0
B01MDTIMYM	0
B00358ZCLG	0
B01DK8R02E	0
B07KYF69BL	0
B0177MGTSK	0
B00DTQ649I	0
B07XDXXX6D	6
B00K0TZFR4	0
B07N3XBWSP	0
B085VWD1Q6	0
B00KM4QAGC	0
B00IV36610	0
B07FW7J457	1
B009QUYQYQ	0
B00MAS08WK	0
B085C5SQF6	0
B00CHTLKJM	0
B07589GNC2	0
B096BNFQ31	0
B01LXFPQO2	0
B079WHHYMR	1
B00HGHWMVK	0
B00D2D1OJI	0
B07LBQTWMJ	0
B00MNSBY84	0
B013VP8PYI	0
B073P8RR36	0
B078H33YVP	0
B00VHA6XDK	0
B09KCHNB6L	0
B00LLF0BK2	0
B08GM57NZW	0
B014RSAKIW	0
B06VWPYPP5	0
B08577HR8K	0
B07BJ4M928	0
B09C89SVB8	0
B09MP1WDDT	0
B01L0B0ZGQ	0
B01K6C5UT2	0
B076Y7VQRP	0
B08DKS4CT4	0
B00KKRALWU	0
B00GB36BMG	0
B08PQL6R1S	0
B08DDY8R2G	0
B0776SG9SS	0
B083LV7JB1	0
B07BPC42B7	0
B00E4XQXKA	0
B07Y1GLKHM	0
B0785R1S3W	0
B077XPV1KT	0
B07ZQX6HZV	0
B09G6LDJXM	0
B08BLSKD2R	0
B00KJ9963Y	0
B00UGB5L5C	0
B07JHGXD81	0
B0784TT49Z	0
B07DWR8J3W	0
B00P7E5PO0	0
B07LD7H6LQ	0
B0C8BZW43W	0
B07TZN2KWF	0
B0BLGV7Y8T	1
B09PZSM43Y	0
B003BLOWMW	0
B017OOCQOM	0
B07P43XJQW	0
B01N6LBTBX	0
B07RY4JPZJ	0
B016O8XWEW	0
B07PYTX14V	0
B0B5B4CHZ2	10
B07C89YK4N	1
B0BFVXC94Q	2
B01AWPP476	0
B07ST5PZYH	0
B06WV8WWV1	0
B08KZS7VPB	1
B07X9573LZ	0
B00B1E6V8E	0
B07TNWH784	0
B01BRB3RI2	0
B072JGXKZ6	0
B075PHLFHD	1
B072K3HMWH	0
B00BN83R30	0
B01H5ZJ31Y	0
B06XDMVK8B	0
B0B5587BJQ	0
B004ATGQVE	0
B09NFRBCT6	11
B071CLFY8V	0
B07QZYBGX2	0
B07M6SKK3X	0
B074ZDLPZ1	0
B07XTG1J28	0
B0BW92CD9L	1
B07Q5GZN2Q	0
B01A9FNA5M	0
B0BSX5M3DH	1
B017MXU7KU	0
B01JLKWD86	0
B07JGBRX2Y	0
B00EHDWIHE	0
B08ZMT8S77	0
B01IFPWVGM	0
B07K2SJFHK	0
B08L7926KL	0
B07Q1MZM51	0
B00HBR4NEO	0
B00I39V4PA	0
B01FSH51YO	0
B01BVFLBR8	0
B085253VK7	0
B00BSKQFMS	0
B07N1PZFRQ	0
B0B8M9G857	2
B07NKDRZD4	0
B089CV5JXC	0
B019COKHVQ	0
B08258BSTV	0
B06XPFXMXM	0
B0816R2T5L	0
B07HF4ZGJ6	0
B0108R9G9A	0
B00KM9X1CI	0
B07FW5VF7Z	0
B01M8N956Q	0
B089QG3P2W	0
B07BK3JT65	0
B06VXC7QMD	0
B00S6LERQS	0
B07485NDG9	0
B00BN2VA6W	0
B009A2UBHG	0
B0B5X9T9XB	1
B07WX75WFC	0
B009VHH6WI	0
B0073KAYH4	0
B0B4N41WF7	1
B07TL32LPY	0
B0062MY50G	0
B072MM2CFT	0
B07TC2QNG2	0
B01LBFT5Q2	0
B00CVG3YUE	0
B0895485FQ	8
B07YBXPHF2	0
B07CV4Y2B6	0
B00DQHQ9W2	1
B07LHMF6FP	0
B076Q254S3	0
B00GPSGRDU	0
B07D6Q4FVV	0
B0082D94O0	0
B0711R2FZJ	0
B01FYJIXNC	0
B078NQ8Z3G	0
B0BBW7SNGB	1
B08WKJS7JW	0
B08G8HZ5FZ	0
B00N1UM2X4	0
B00B8AZD4Y	0
B01EFM8V6I	0
B074HCLJ67	0
B088NP48MV	0
B07P1H9WP8	0
B07282SSR5	0
B01N10BUKQ	0
B008Z4ZV9S	0
B01LXP2XYF	0
B09GM56ZTW	0
B08C4VJG3K	0
B0BGRN6HHL	0
B07BWL5Q1F	0
B001NCDFVA	0
B00FSK05KW	0
B08F7CD4Y6	0
B0CB69WV6H	0
B097ZNSS1D	0
B008SAQ0GW	0
B074P1P66L	0
B019OKH220	0
B00BCQ1VD6	0
B0882Y3QWJ	0
B07KL3X3NL	14
B09GVCK8HZ	0
B084SQV62C	0
B08DKK6KTB	0
B00BB2O110	0
B004DER6DI	0
B0BQM89G79	1
B07QQBDTK5	0
B00MWUHV30	0
B08L4VBVQK	0
B07MCMY6YJ	0
B01BTPDIFS	0
B01LYLB2LF	0
B0BCFFTTJ7	0
B016CJVLOQ	0
B07HN7PTDX	0
B005OLAADC	0
B077TDWGBC	2
B0BZX2JB8F	0
B08HCRGMBC	0
B06XY91D56	0
B07MVLPMHZ	0
B003H4Q01E	0
B00GTXZ6O2	0
B00M7E9UPS	0
B07RDBG9T7	0
B085XXHB6M	0
B005GBVPJS	0
B00I15UB3W	0
B00S4SR1U2	0
B088RFHS29	0
B074N42J52	0
B004GBL00I	0
B07XD2RWGC	0
B07YDRVLF6	0
B01DE5A9ZI	0
B00DBKRL5I	0
B000I3HV6U	0
B07QX2SL7V	0
B09TR7BMGZ	0
B08JD8PVQ8	0
B097B8GJ22	0
B08N4XJ2VH	0
B093T7WWWX	1
B003L5CKPE	0
B0012NVOAY	0
B08XY1JDT6	0
B00M9E952E	0
B00KA7EIQU	0
B00C3UPPLY	0
B01MQ4IXAL	0
B0B4NQ6QBN	1
B08HHGJTHG	0
B07JJT4LS2	0
B004J3FAJU	0
B00AZKTLDM	0
B07DCJ47CN	0
B075GLL1RC	0
B07RD4M7SW	0
B0B61S31RT	2
B0834D3VS4	0
B007AQRGJ0	0
B07XWJTX1F	0
B076Y33QZL	0
B01CPOKLMU	0
B09FXYPY7T	11
B07RGY3QVV	0
B01EIMICTQ	0
B0BQDST96X	2
B0015KMK1Q	0
B09JCCD5P6	0
B00TXBTUFS	0
B07413XNQN	0
B0197VDAS6	0
B00HSYD68O	0
B06XWPJWS1	0
B075C3PP7Q	0
B06XW4BH6L	0
B009YLK89E	0
B09M7P37DQ	0
B00KTF9AZM	0
B07W6G2TM2	0
B08RHYVJN4	0
B09LRSPXBM	0
B00V90XIXQ	0
B07GSNM5MF	0
B00KQS7CBQ	0
B0C6811MMX	1
B07DPLHXS4	0
B07B8T9HFR	0
B00NX2N3PG	0
B08GKJZBND	0
B01CDYP1EA	0
B01BN0KE7Y	0
B07Z7R6LL1	0
B08JXKM9GN	0
B004R1PVZW	0
B01N74MBV8	0
B00IGQ7WJ2	0
B077RYXWS4	0
B07YM55NLW	15
B01MFBOVKD	0
B072HBYT2V	0
B07FZRHLQK	0
B00638MDSA	0
B089M4Q3DY	0
B087949TG3	0
B018GPC8DW	0
B012UAJL70	0
B078PQPY9C	0
B08JLF9F11	1
B01B74Z38Q	0
B00AKB7XFO	0
B07GR118Z1	0
B09PMNQF72	1
B0785J87CS	1
B071HPLC34	0
B094YX5VVJ	7
B08LQGQY6F	0
B019HDY8FS	0
B092S78KF1	0
B0019N1ABK	0
B01MQ5UAEH	0
B01BL62AR2	0
B07BPZ9X9J	0
B0823QNC5L	0
B0139N8RTK	0
B09V3GV25V	2
B000FH16W4	0
B07VGG7XRZ	0
B01G23C4D4	0
B07NY34LLN	2
B00KT98B2Q	0
B01AKGOBT4	0
B077Y6296P	0
B0144B26NE	0
B01CSHTA80	0
B07TSJ62HR	0
B0BFHSWJH8	24
B01HJ7GIL6	0
B07F72JHHD	0
B00I2Y4WOG	0
B07VCS49HG	0
B09778WSLF	5
B07PXNWBHR	0
B01EM470LQ	0
B007YGBA5M	0
B0BDLJVLFR	1
B0088VSL0Y	0
B07X5FSB28	0
B0B1HXDJ57	0
B07JFDJNYC	0
B01N5NG2RW	3
B07H91M778	0
B0BHNMD3LR	5
B072FW5GZ1	0
B00ZOQYK42	0
B0BKC8BDFN	1
B003BEE1MK	0
B00OLG411S	0
B0756NP755	0
B01LOQJKKE	0
B07V9ZWDWQ	0
B073HZ878M	0
B07CV8BFWB	0
B0058ZU1EW	0
B08CY2R861	0
B07QQRFQP6	0
B093KV7LP1	0
B000JLOXQM	0
B0842QLGPW	0
B07DTK7BLK	0
B01LZIJ12P	0
B09P7TNPLG	0
B08BC78Y59	0
B018F55IS0	0
B00NFHMBJ8	0
B093T33R92	0
B00ZB9NAZC	0
B075D5HX8S	0
B00IKGSHM4	0
B085XRBBQK	0
B07GJST3BN	0
B09BT8VPVM	0
B08R6ZMW7H	0
B0896SZ1HG	0
B07771295Q	0
B0051DUZH4	0
B077NSMZ5X	0
B07BGB8SBM	0
B00D3RM96A	0
B074CSQJBJ	0
B00CCAACOA	0
B09KXPT9L8	0
B07MYF9NFK	4
B01MTMYSR5	0
B0BBVN65BN	0
B0759SNSHP	0
B07ZRG4PHZ	0
B09C233NYK	0
B086BPBMZQ	0
B01M0S5UZ2	0
B01N2WINYR	0
B07PW5Q659	0
B07NXYM9FL	0
B07R2BGS34	0
B07WQZ6KLD	0
B073WZJFF5	0
B0936L6L1Z	0
B00CKL7TV0	0
B00PDYKWYM	0
B00OONM6GA	0
B00G57CWHG	0
B07T2W1QF6	0
B018E69PSO	0
B00FF9K77M	0
B01EBLBCFA	0
B005KMEUVS	0
B0B8J3X7P8	2
B07QMRNXWY	0
B019HDWH1K	0
B01KG1MB1I	0
B07QDS7WKZ	0
B0BWXLYRSW	1
B07HRBRVLB	0
B00F51ZF7W	0
B0CB3WFW3L	0
B01KOE4XFY	0
B000FINHAM	0
B09CHKVG5W	0
B08GRJ9963	0
B00DYPUAUI	0
B072XGLTTW	0
B0081XI8YS	0
B082SQ823L	0
B00AJNRM4K	0
B00GNJ4XK0	0
B088NLX216	2
B08D8LK7FY	0
B07L2TRX4P	0
B073X2ZKNV	0
B00E96B5A0	0
B00N2FTH6I	0
B01BBJVGME	1
B00E4PX9ZK	0
B092ZN7NZR	0
B0BF5CH5P9	1
B07GWMTKCG	0
B00IREQG7W	0
B017NK4SCA	0
B07F3GJ98J	0
B01J2NW0B2	0
B003VRW35E	0
B078Q2WX4X	0
B07H3LFLZW	0
B015TBKP4A	0
B0035P23LG	0
B00AQO9CCM	0
B000AN1IBC	0
B08R64GJ6Y	0
B095HSSRZS	0
B011CIW1OQ	0
B079VVLL76	0
B00VO4TER6	0
B0BJTGN3NX	0
B08GG8KP3K	0
B00FER0LGW	0
B0B5BLQFXR	2
B09YM6W4FJ	1
B00N24J368	0
B07H5QB85G	0
B01L8VYPK0	0
B0091K54OM	0
B0135IG296	0
B01HQM0UCC	0
B0B8HNK1X4	1
B0764LBC51	0
B07G5H4GZL	0
B089K5GV5R	0
B0093WN97M	0
B000RAYKAY	0
B00VJVH7EQ	0
B00KYCF81A	0
B085WGM23Q	0
B07FN7FM4G	0
B082SS67XB	0
B091TPXZ2J	0
B01L1ECZJC	0
B00EFDAZXK	0
B018GUUNES	0
B00E5NEKO0	0
B07P8X1BBN	0
B01M6947CZ	0
B003VEZO62	0
B07DHPK8S9	0
B07MJH84D8	0
B07PMFHK52	0
B08GH6HT5V	0
B07Y27ZH9K	0
B09FGCFYFM	0
B007XAI2JG	0
B0879CGSY6	0
B07G8Q53DN	0
B004FLJMD6	0
B014QYZBP4	0
B07TBGKMYJ	0
B098NCRYPX	0
B07CZB8YBC	0
B079BRHYNF	0
B005Z9PX4E	0
B01C9YQYVI	0
B07DD98Q7R	3
B08Y5QF1WC	2
B003DZ1P9O	0
B01N8XFIF8	0
B071ZYDYZJ	0
B07G8R49M3	0
B07TTWQM4Z	0
B01C49M5LG	0
B07W3XPQKZ	0
B00OVTGDN4	0
B01GHQ33P4	0
B00LXU7LVW	0
B01890KND6	0
B07WP596G1	0
B0751XC999	0
B019DGD6ZC	0
B07Y2Y3GVW	0
B06XD9729L	0
B015H39QTK	0
B01A4C579C	0
B01EOQYSXU	0
B07BDLZDR7	0
B07TRSKCVP	0
B01M5KP184	0
B00H6BVU50	0
B01MUBGBJ2	0
B0749NKDFB	0
B01MQPNE5T	0
B084RLFXNF	0
B07C2MN3KX	0
B016SB2FP2	0
B07WCM9KYY	0
B08VN9VT8N	0
B0BSMJDZH7	1
B07JLBC482	0
B095HJYFCJ	0
B0B2Z3ZJC9	1
B07NS11YQC	0
B00BELYQFE	0
B097BL6G7S	0
B071FV83CY	0
B083TQY1S9	0
B09MTN4JNF	0
B09NBBPDLJ	0
B073PP288V	0
B09HQ4Y91F	0
B00BEU1720	0
B010GUUY22	0
B097BPSMD5	0
B00BHOKURQ	0
B00RLTV638	0
B07JQG2X4Y	0
B00QHYVMG4	0
B009V3PZMU	0
B014PIKTUI	0
B08XJD69LM	0
B00N21SZNI	0
B089T3VCDL	0
B01M97VQRR	0
B07JBQ17PS	0
B00GUXHKKE	0
B06WP83CQ8	0
B07QWJN7NK	0
B0719113CT	0
B071JBLJWN	0
B08RRWKD12	0
B0BCP53V5F	1
B09YMTWDXJ	9
B00K83R8N6	0
B07B1LT5PL	0
B0083VFF80	0
B079KJ2ZCQ	0
B01G4I8XM8	0
B010688746	0
B08ML6TH57	0
B00D3D42JG	0
B07252Z9L6	0
B003LLYUEW	0
B074DZ3SNR	0
B07H763P8Q	0
B01FXPARHM	18
B08M3LL21W	0
B097SZT9N4	2
B08HWY4Q5G	0
B079JJXSSN	0
B00403NF8M	0
B00QUN346S	0
B077ZBHFRY	0
B003DSHYY6	0
B07DRGMSWM	0
B07DK54R2D	0
B073VWTV9D	0
B004I6E8NW	0
B0855HWMWV	3
B077Z7W2TD	0
B08317BBJC	1
B079ZJM383	0
B08D7XY4DS	0
B0762Q2FYF	0
B07C1QXJ4Q	0
B098WSZ5KD	4
B011AXPDFC	0
B077SQYKDZ	0
B01MRX4KXZ	0
B08GX8Y9CD	0
B09FFD2K6N	0
B08M9LJT91	0
B0034XS50C	0
B01NAPX654	0
B089VYJF83	0
B09WWQJM1G	1
B082DMQBFP	0
B00TFU92VY	0
B016DP2788	0
B00C250GHS	0
B0199NEWT8	0
B06WVK86ZZ	0
B0BNTYWGB1	1
B07JWVKFTN	0
B07MK1F66W	0
B094FBVT5Y	0
B07MTHLV31	0
B08HJXJSG9	0
B081N3GZH3	0
B07K245S7D	0
B0085850WM	0
B06XZ7CMZ5	0
B073GSWJCM	0
B06ZZMDH2R	0
B00WGVNZZ8	0
B01M7NMLLE	0
B0C623C7DZ	1
B06XDBQF11	0
B097SM8WDS	0
B077RJL78H	0
B019DQWOCS	0
B00451X7V4	0
B00F373SJK	0
B0888BLRN6	0
B01KQ6IJDW	0
B08R77ZMVM	0
B00BCKRR6M	0
B00J41RHOI	0
B08CTJB6CY	0
B010C6876A	0
B0192SRJ22	0
B07WHWGYRD	0
B0935PL54L	0
B08DRH9G83	0
B007ND80X6	0
B005NBAZFQ	0
B00AMM2N7Y	0
B01G29YR9M	0
B07KWS8FV6	0
B07N2994G3	0
B0832Q5X3W	0
B07NCCFM7Z	0
B019UDCOCY	0
B00G5IMN5Q	0
B00F2QG1XW	0
B00568YYRG	0
B00CQ8NFSS	0
B01N9M41LM	0
B07PWNBLG7	4
B01CIOUVTU	0
B09JSGXP1N	0
B075DRJ6QS	0
B007SGR47Q	0
B079G4Z6K1	0
B00WW5AZ74	0
B001VBAC4G	1
B00RBOKUQW	0
B07VBX4GNY	0
B07KJM9FGF	1
B00GWM5HHG	0
B0851RZR1F	0
B01J6TUXQQ	0
B0814Q8BV6	0
B07T2Q6HKM	0
B07KKWYWYH	0
B08C356KK3	0
B000EQTXTO	0
B07PXFFGN8	0
B073KLJJZR	0
B08NXZCQ8V	0
B012ZXK3SS	0
B01KTR8U0U	0
B01G1L6UQO	0
B00KDL8V0M	0
B07VT2WXL7	1
B00UB1V8NQ	0
B001KSFIS0	0
B079786GXZ	0
B00C93OJ2G	0
B07CH5TKLT	0
B0837G7GPK	0
B0B3856MD8	1
B01DANJX2E	0
B07GWMH578	0
B07T7J5T7T	0
B01KKIV8RA	0
B01NCJ2ARY	0
B07W47JXV6	0
B01HIXXUNK	0
B09LV2N6CM	2
B00EHQM1ZK	0
B08ZSP7V3J	0
B004GTRHWU	0
B00AY48OP0	0
B01FYFOWDQ	0
B005FIHPMI	0
B018AJMGY0	0
B00QU5JIQQ	0
B07K6CB5MW	0
B09DCRK24C	1
B09H5KXCMQ	0
B008M5AY8S	0
B075DF3LF8	0
B0757F8RJ2	0
B00N9IQUEA	0
B013ESTW1C	0
B09TQQQLYC	0
B003OCUU38	0
B00IRMMXWQ	0
B01LVYT0M3	0
B093L9ZZ7T	0
B00SU87ZZC	0
B089P4SRN9	0
B07GWB5948	0
B001EU3ZR0	0
B09NRB8M4G	10
B09WJX4T4L	1
B00HN9NUQW	0
B07M5YWVMP	0
B07WR53YSX	0
B084BN1CC1	0
B07KDL2Q64	0
B073YNGNN4	0
B001L7V4Z6	0
B091C37VXK	0
B073XHKSXP	0
B078GY3PY9	0
B01FTZ8FT8	0
B074711FTP	0
B07CSR2724	0
B00FZ603NI	0
B09BKBJ5DC	0
B00LVTONZM	0
B08YF33VMB	0
B08254VRMD	0
B01F31FYAG	0
B07DN7496F	0
B07D6JH6HY	0
B08CXMKQSS	0
B09299B8RC	0
B09218CB32	0
B00H4W95MQ	0
B09Q5P1JMX	0
B000TIVVZG	0
B01N9R280J	0
B003IC0IPE	0
B07BR2J71F	0
B07S4CS98B	0
B00TQHI6ZO	0
B08FD7BDP2	0
B07GFJNGS6	0
B06Y5SVW4Z	0
B01MU39KLS	0
B00CMRDQWS	0
B07WVG6D72	0
B07PRM3K1V	0
B018LUDF02	0
B07D5VGN9J	0
B07Y2V8NBD	0
B08FX52X69	0
B0849NG7L7	0
B0C99KDFWT	0
B07YWJ7KVZ	0
B08L7LKJM2	0
B01BMXJB08	0
B07S2PYN82	0
B01GV3RIBS	0
B08P97H3BD	0
B07WGY2D12	0
B006WBBTPG	0
B00YTXKCE8	0
B07NTPRG8C	0
B07WHSMZML	0
B07XD7FDJ3	0
B08BJS2JMQ	0
B01AKXGPZA	2
B0C32Y1YRQ	0
B082CZD4T8	0
B072BVGMJQ	0
B08C2N139Z	0
B00KWKNVWC	0
B07H7RGH3G	0
B06XKL4L8S	0
B0819RWMFR	0
B00P1NM77U	0
B00H0F74N4	0
B07G2TN3R7	0
B0796GM6V6	2
B007R9NBLC	0
B07K2XCZKJ	0
B00DUF6OU2	0
B0170RAWBW	0
B00I1ACJGO	0
B09SG49FWM	1
B07SBSRJZ6	0
B071R1YVS3	0
B06XBBXJK5	0
B07VDFNSGZ	0
B07V6Y6D6Q	1
B0865T7V3X	0
B005BRE5O4	0
B004UCARMK	0
B07KZRMDR7	0
B01A8BCR1U	0
B079N3K39G	0
B07HR5LDKB	5
B098QHFTF6	0
B08L7DKG1N	0
B00KYA3YG8	0
B00WDVVONQ	0
B019R7RRNY	0
B0B2QYRN15	2
B006LR675S	0
B07RPV75CN	12
B07PPBBX97	0
B01CT8FX2A	0
B0155PQNFK	0
B015WSF2KW	0
B01N9YKQ3W	0
B01DQOO0GG	0
B01FI60OO2	0
B01MAW4Z4B	0
B014Z01EQO	0
B084KT7SCL	0
B09FPF89PN	0
B0119N584E	0
B0058VS7LA	0
B0855WRV43	1
B01HJWIUN0	0
B07XZMG1R8	0
B00S6FI7SI	0
B016T25P8O	0
B0799GCTY6	0
B07P54KR55	0
B0BJVFF736	1
B077M9GGXM	0
B0B2HD6S9F	1
B07CNNNMGT	0
B089B1SSPB	0
B07VF9111S	0
B08JYF69GS	0
B0B3797S33	0
B07T6LFHW3	0
B00S345LC2	0
B07F8V5YDK	0
B074G1PNG7	0
B0BWWX9C8C	0
B09Q11H2ST	47
B08459WDVV	9
B08CWJL84X	0
B077XJSQR1	0
B074LRSQT9	0
B01I0D6RVE	0
B07BZD89WX	0
B08FLD24NK	1
B07R9SWBNK	0
B00UDEK4ZY	0
B01IEGWWOI	0
B00EPDVCCI	0
B007BYQQ8S	0
B07RQLKRCW	0
B09X788CMC	1
B06XBBHZDS	0
B07MTZ5C8K	0
B08Q3L1QG2	2
B07H7V74JG	0
B07RJLHTQC	0
B07J9HJT9H	0
B00ESH62SA	0
B083NDY471	0
B00EVK9XCQ	0
B00GD3VZXY	0
B00TYZUA2A	0
B00CCY09PI	0
B07B9W4SVT	0
B006MDIZY2	0
B00QFY7EXQ	0
B014IFMC80	0
B07VDB48WN	0
B0C4M1PVSR	2
B0822ZVJGP	0
B07TQDCFX3	0
B08FC75LJ2	0
B002E9HGMU	0
B09MPQ7NKG	2
B08X3K2BWF	0
B007H3TRRK	0
B075TTXV65	11
B017J0NS20	0
B09BQRR89T	0
B01LYA4P28	0
B006HUA5T8	0
B01N7RH57K	0
B00QY2W8P8	0
B08H5QZKNT	0
B0070TW8L8	0
B07WWW8CXJ	0
B09JS2L37K	0
B01HHFU43S	0
B0B697SKZP	1
B0014H5JXG	0
B00N9BQ21S	0
B076Q3CK2G	0
B01M35Z330	0
B004VKCTQ8	0
B010VUE1JO	0
B071781N8X	0
B0BJ62C3M8	3
B005BFI4D4	0
B07VNVCXMY	0
B099W76HXC	0
B076XZ8D8C	0
B0749MBHLN	0
B01HPYDGZE	0
B00FEHYSSE	0
B07JMZ1KQ1	0
B07G44G8TV	0
B07XC3BKW9	0
B08HY2RR8R	0
B08K9ZQ2J6	0
B09D8KXZQ6	0
B08CZL3KN5	0
B07T67WY5D	0
B00BKALJ7C	0
B08MZMPBLF	5
B01GVU2PV4	0
B01N6DJC0B	0
B004L3KDJK	0
B07GDDXS4K	0
B00IOHJ9ZI	0
B01LX0Z0HP	0
B07ZJNX1H5	0
B0BMW2NBMZ	1
B001E261B0	0
B09TT1P5NN	1
B001U99NKI	0
B07PDWBDC8	0
B09LRJ6NQX	0
B019AZ682O	0
B00GRNGJC2	0
B073S9DXLP	5
B07L5Q4TNS	0
B0BFRKL41C	1
B09JT5NT8K	2
B07WZNVPZF	0
B01IRCZEZI	0
B092MWZZ8W	0
B00D4KGPOI	0
B07C34BMH6	0
B00T703LR8	0
B083NTCHML	0
B09RX5XLMD	0
B0B62WDQMB	3
B08HRY3Q56	0
B08XLN1NZ7	0
B012D1H67I	0
B07W81MYX9	0
B07ZBRG9SJ	0
B00CPZ15NO	0
B00370IUE8	0
B0BLBBSGTD	1
B01NGYPFTR	1
B07QQZJNRF	0
B01HP4FCX8	0
B01ES1P10A	0
B09KT33B3V	1
B01C42UMPY	0
B07FD1NVHP	0
B07Z7RGRTF	0
B07BYF1424	0
B01FI7XP8I	0
B08D3TNWTW	0
B071W8X511	0
B09WC2K5D9	0
B07P3NGYFS	0
B07GK31189	0
B00K70FTAE	0
B07B689K81	0
B08K8CWZ1F	0
B0B4WXRJTB	1
B00GIED842	0
B08MXLQCQV	5
B07CRBH9SV	0
B06XGMBJV9	0
B07LGRDWPN	0
B08F39Z38H	0
B00D8H1E5M	0
B098MCWM18	0
B00DW5L30Q	0
B00VUF222I	0
B098N9T1KK	2
B09B4YW4BG	2
B08PF186G7	0
B07JW8BJCK	0
B077R2RX16	0
B06WP723NS	0
B0B31XXMWK	2
B06Y2B33HY	0
B08LTQG79Y	3
B07HJBZVHJ	0
B08P3GRQP8	0
B07B6G8MVJ	0
B08KYBVXTS	0
B013A46J9S	0
B079Y1LWG3	0
B0CCNNXYYS	1
B00OLMKTMW	0
B014VYMRYM	0
B07BMLZYWQ	0
B09QPQW3C5	1
B01LY3DSZH	0
B00EM5SVQO	0
B0BN7LV274	17
B00DNNVCN0	0
B00HVGMOI2	0
B08CGJ3Z3M	0
B0BX34WSZT	0
B07NLMZB4X	0
B00M3RGKU2	0
B081M6YTYT	0
B00AZSS7H0	0
B00BU1BYD0	0
B0BBM9YWLB	7
B001FU1DNC	0
B00LWBSP94	0
B07ZVDJQR2	0
B06VWRDT6G	0
B074TF9MSS	0
B01LY0YUAE	0
B07W9FNWB5	0
B07PDKPBKS	0
B0C3DHQZG6	1
B01M0VKVDG	0
B00RW5CCMA	0
B07J3WMM3G	0
B01HHAXXS6	0
B08YY7R84W	0
B01DL3WR3K	0
B08B5NVWDW	0
B00CPAFOKO	0
B01AH3UBKS	0
B008OLRHGM	0
B0BQY64DN6	13
B01MTLX6FG	0
B0757MMZ3M	0
B01GMRBHP6	0
B09J13LRT1	1
B0014ULHFC	0
B08CZK4NKH	0
B0BVFVWR74	0
B01JTHX4NE	0
B077QW9KTD	0
B00BBB1S44	0
B09NNFJKKG	1
B0B196P2WL	0
B076LC2JHG	0
B01N5EPEMQ	0
B01NBKO3TW	0
B0052VBU2O	0
B09JMRSS2H	0
B09H3BB196	0
B0BB61SR1P	0
B00VGR9DNQ	0
B07KZQXQ5R	0
B07D72SS5L	0
B017HS2T9W	0
B01FYGFSOC	0
B0016BPQ0Q	0
B091Q1315S	0
B08L8QHPGP	0
B0BK8NPC8J	1
B08GBLQPGW	0
B016AUZB7U	0
B006ZFFATA	0
B00BVU7V9G	0
B06XX9P1ZN	0
B095QW81G7	29
B08BW4748F	17
B0824K1ZX7	0
B09W9126GC	1
B07CVWHTM6	0
B07G5FQ9V5	0
B07DLV6NS7	0
B003Z4KQ98	0
B01IF4HCQC	0
B07BQN6TQX	0
B0BCW4QKV5	16
B000UZJVU0	0
B00EKJVV46	0
B09Z2TM75P	0
B0914PSXMP	0
B079JDR53K	0
B07RQ34JD9	0
B0101B3NUQ	0
B091CP7K63	0
B06XH2JDNB	0
B01INW6XZM	0
B07Q6C497T	0
B00HFD0SMA	0
B099MYGZJM	0
B07LFNGZSJ	0
B07BYFRFQH	0
B07XK9FTNR	0
B097M8XNZC	0
B01CODDO4E	0
B00WDVZMVQ	0
B07WLDRTWB	0
B072DX9NLV	0
B00U0HT51I	0
B07Z434NKN	0
B072JH67WM	0
B00D4LW6BI	0
B09XT4P8QF	0
B0897XTRK5	5
B08KZLYD5D	1
B09NPVK9LS	0
B06Y5XQ595	0
B0791Z6HJ4	0
B00VUXB1KY	0
B002ABWQUO	0
B07NX1BZVS	0
B07CZ1RY36	0
B00OLOZ380	0
B08MXVDBTQ	0
B08HPP76JB	0
B00XUVDHIS	0
B001BKR8SU	0
B01MT1MF4H	0
B07PRCJRN8	0
B01LWMEDVH	0
B01IFI9928	0
B07BTMQGKT	0
B00E4QJW3M	0
B00OHII3F0	0
B00SMJJYM6	0
B015MXZS42	0
B01C558R8O	0
B083FL6TXX	0
B012FJ4K0O	0
B09C7FKZ2J	3
B00RH35QRK	0
B0BL2H1XFD	0
B0C148CJC3	1
B07KC82ZGD	0
B07KKLFR43	1
B07D52G9MD	0
B07XCFG3T3	0
B07H5GPJ9H	0
B0088UWLVU	0
B07NGHTG1D	0
B001TM8WVC	0
B0728NHMBV	1
B00307RUU8	0
B0875CVQQZ	0
B012GQ6JVY	0
B00IMW7E5M	0
B074NCDRQJ	0
B076H27MN8	0
B004LVCD5E	0
B09SH3VSGZ	2
B07TDRR5QM	0
B0078T5A4C	0
B000P3KKY8	0
B07Z8223C3	0
B008DUTADC	0
B0788TT5VG	0
B00XA02AEG	0
B09SG2NVHS	0
B005H3BRA2	0
B01ETFUBCS	0
B06XYKH39F	0
B08KXRGTJV	0
B09HV3CWCX	5
B07KLQFHBP	0
B09YQCNHZG	1
B019X3BGWU	0
B097N9WLMH	2
B01608AEFQ	0
B073R7S497	0
B07JFHMKRS	0
B07BW7SSDM	0
B08TTXP9T9	7
B078BS69QG	0
B07XDHB1LM	0
B07R43T314	0
B07V6J87PY	0
B07WTZ3SKR	0
B081C2PQ13	0
B078K3JXHW	0
B00LFW7GFO	0
B072C6J275	0
B0BDF7TL9B	1
B01HYJDPLK	0
B007467MPY	0
B01M1YFK3N	0
B082HXWSQP	0
B08SLMG4R4	0
B07W1ZS31D	0
B07LFLVXXJ	0
B016AMHE82	0
B07TSGMD5G	0
B0754HR2MW	0
B00E8LV33A	0
B005175VWE	0
B0040QJKRY	0
B07CBQ79F9	0
B08CXP1W5W	0
B07JFVV1PL	0
B089PQRJBD	0
B005JG5J5Q	0
B00ZVL1PWK	0
B00IMPZ28K	0
B00L2J957M	0
B009BRGY08	0
B07XKFLXT3	0
B001LMIXDM	0
B0133UXZV4	0
B08GKRB554	1
B010QVTLKW	0
B07PKMZN21	0
B00A77VGPY	0
B09WKDXSH6	0
B07YN6K3B5	0
B00PEV8WO6	0
B00Q8ACXHE	0
B01M13KIQA	0
B003A8XSPI	0
B07JKBQ6N7	0
B00HA14LB6	0
B07C94FFYG	0
B00X627PIO	0
B00BFGKO40	0
B088R13FK2	0
B07ZYLTJQF	0
B00DOS1UUY	0
B08PGTZN4N	3
B01N6DVU33	0
B07H23DTVQ	0
B019DY2XCQ	0
B075DNNSCM	0
B07N3WDH56	0
B00KO6C2UG	0
B099ZD2WFG	0
B00403XUAU	0
B07ZX7QPBQ	1
B005CRZWOA	0
B07NSY5P6D	0
B00R1WCT22	0
B008CQIR4U	0
B0B8TMX7G7	34
B00LP6ZDYQ	0
B078JN8QKD	0
B07G9GVKH7	0
B00M03U8NO	0
B0BJ9HLZ9L	1
B07KP4XXHX	0
B01NBUQEZC	0
B00H7DIPPK	0
B01AYU62S4	0
B07GFVC8HN	0
B0059AMGKS	0
B088BD894S	0
B019VUR5RU	0
B09Q6227R4	0
B075GRQ8XD	0
B00SV52356	0
B079L44257	0
B079G961DQ	0
B07K2QTQ8Q	0
B074BBDTJH	0
B07MZKLXNH	0
B079HM7CFG	0
B004YZATUI	0
B082CT4HR4	0
B075KFKDP6	0
B01HEYS808	0
B001WWMH2O	0
B01MG2VEU5	0
B00O3GV8A8	0
B003DTMXC8	0
B07845HMRR	0
B0BHWNMGJM	3
B0BRXK1KRF	1
B008OD42HC	0
B07V8M6LZN	0
B017HXTLPW	0
B073RVWPX9	0
B09H2QZ2TV	0
B0BGBSFKPG	6
B0964ZJPGK	0
B087FZZSD4	0
B09B1KSZHD	8
B07CM7C4BF	0
B0BL735Z7S	1
B00NQ6L0UE	0
B07483XN19	0
B0036GGPAE	0
B001JT1IES	0
B01D9VKE2K	0
B00ALYRN8W	0
B08KLP4Z8K	0
B09GYB1BW4	0
B07KM97KWH	0
B07896YHMY	0
B0B14MPD3N	1
B07QNRQ36Q	0
B011O8L190	0
B00VSMC99O	0
B00U7W6PFU	0
B0777XPYGN	0
B0036VAD9S	0
B01G0YD9ES	0
B0B633PKSF	1
B0058Z3LLM	0
B06XC498FT	0
B087R9LVH2	0
B001H54Y68	0
B09P9NZDDF	1
B01AUU8LUK	0
B07VPXP7WD	0
B08PPD8FYB	0
B09KGFQDRP	0
B09VBWM3PP	0
B06XC6BSRN	0
B07DCCZFGQ	0
B00CQCUQJK	0
B0046ZH0U8	0
B07L5DX18W	0
B079H9CHDC	1
B00K5NVE7K	0
B07D6GP85R	0
B0040YIAUE	0
B09YRH2BVX	15
B082VRM6H7	0
B06WWDFN22	0
B09LMSCJBN	0
B07CM4ZMTJ	0
B095C3ZX6B	1
B075F8Y7NG	0
B01LWLY843	0
B005XRWIBY	0
B004KBU9X8	0
B017BVSUX4	0
B015Y8UBH4	0
B097YB478K	0
B09294Q9WZ	0
B07RZHSY7M	0
B073WQNK4X	0
B00WAXEEU2	27
B076BBRBPC	0
B071J26ZSP	0
B0187T0I84	0
B0788XV67T	0
B07XQZNX8G	0
B00J7X7VU8	0
B00JR4V97I	0
B0028Y5MD6	0
B08MJ6J351	0
B01CTJAGZS	0
B08ZXSK3LT	0
B0C4PCXD8H	3
B076454NTJ	0
B01002MKDM	0
B07XYHZJFT	0
B00AFCUO72	0
B00T2893QI	0
B07HDD5LGX	0
B07FC8CQJ2	0
B00DVFJ72S	0
B0B2XL9LPM	1
B00G0KEKXW	0
B010EZTB7I	0
B07Z7D2TTP	1
B07N43LWRK	0
B01KYQSJ5M	0
B01M3UKWTI	0
B0155K72PU	0
B07BXK8D21	0
B00JN6N2L6	0
B003B36O1C	0
B07SDPT958	0
B000HDBC3O	0
B01D0NZHOC	0
B01J6172HW	0
B07N4M2BKW	0
B08STSKPL2	0
B019C7KBE6	0
B078XJN2ZS	0
B008KL5UYW	0
B076BCX1WR	0
B010WFUIOK	0
B0BYCXX2XJ	1
B07MYJBJFZ	0
B016MF8HVU	0
B0BMWWBY52	7
B072DR9N4P	0
B0062ODJAG	0
B00STX6YWS	0
B071H956VX	1
B00NIN52JU	0
B07823C6P4	0
B00GF0RYFS	0
B07H4ZSWD6	0
B00PB2G8UI	0
B0078YOEIK	0
B00HJQH5GA	0
B0B1MHKYHM	0
B076LVMXN4	0
B09B3QN2SF	0
B01EAN8TZK	0
B07BLJWTYP	0
B08F77MHHN	0
B075H9ZTPB	0
B01CIMM53C	0
B01BTP9JWE	0
B077R58856	0
B087M315H5	0
B00YUWTA78	0
B09Q5J6QBV	0
B00M070C86	0
B08THF8S34	0
B08D91G6NZ	0
B00IJNGV62	0
B00EVQJ8LG	0
B01MSB84NR	0
B01MTC6U4W	0
B00TRKOFY6	0
B08V4NBBFZ	0
B08XVHFB42	5
B0982RCPSF	0
B00IH4K4X4	0
B00VQMNXCS	0
B07FQM18LL	0
B00NQ4VMXG	0
B09DVL2KJF	0
B07V32L69Y	0
B09PN99YJT	2
B00HQ1O7DM	0
B07PNK9KTX	0
B07QNMF3CH	0
B01MSU2Y4D	0
B01DJE8EM4	0
B01M5GEU6U	0
B00M6PEHE2	0
B07KQFNLB3	0
B00BBM0RAO	0
B075RX7359	0
B016DESO2C	0
B07DW2BZ8B	0
B07TWKSDZ5	0
B01MG5O9US	0
B089B2TXZZ	0
B0969QVJNL	0
B00Q0C4BLQ	0
B00FLCSGGW	0
B00GFHR8WA	0
B00AT85HOW	0
B07R42Y32G	0
B08JTNSD7V	0
B074BWLDXW	0
B08R85WG7F	3
B00MUEOO0Q	0
B076HXHGWS	0
B07WSWJY72	0
B08JGS7CWD	0
B0B323F3L2	0
B00HNXIQD0	0
B07CP2L2JZ	0
B002SW6AQ6	0
B0C691T65D	0
B00AKURO3G	0
B00I40CHF4	0
B00ZITYIWY	0
B0957BRZJY	0
B01FL68XQU	0
B006ZQVAE8	0
B076WXC69X	0
B07CZXGDRH	0
B07KRJLY8B	0
B07JLCL46H	0
B01LQAYFK8	0
B07V2YP818	0
B07HY855R7	0
B09H7MY7S4	0
B07J2WQ3SD	0
B07R6RRZTG	0
B004S0SUB4	0
B081H3S2MG	0
B094G2ML1K	0
B071R7V5MF	0
B07TN5CQ24	0
B019MP9RU2	0
B075BSHRY4	0
B007VE5WO2	0
B08N6KRZDK	0
B073S37PB6	0
B09HZXD6VD	6
B07G9MCNYT	0
B01CDKJIR0	0
B01MAY0ZF6	0
B018F2QN8C	0
B09JFV63H7	0
B00IOMWXLK	0
B0081SA1KC	0
B07KDHS6C4	0
B0986LYN7T	4
B07R3NFGKW	0
B07WS8S6XL	0
B07KS2K71Q	0
B07JXS7DXW	0
B0B5TNRVTP	1
B08FFHSP6R	0
B09B77CR6C	0
B00QHITDZM	0
B01BUNJKDI	0
B077THDGS9	0
B084BW3TBG	0
B00513EPZW	0
B00546BGL2	0
B00FYM3COA	0
B007PBJJBI	0
B07RMFZPX9	0
B00FCGHO60	0
B0BLVJW947	0
B00EIPA8BY	0
B08XVWM4GH	0
B00JWW85E0	0
B0BHQC8F5D	2
B01N2OXZR7	0
B006R0NEGE	0
B07H96SMZ3	0
B07G8C8LGT	0
B00MACKURY	0
B073SMRWZQ	0
B000B231SU	0
B0B7P6YYXV	0
B00LOUG25C	0
B01FEE78IS	0
B08YYJ8H9Z	0
B00D8WY1I4	0
B07KFSQN5L	0
B00DTQTJBI	0
B017WU9V8C	0
B00B58XA8K	0
B009EOD0ZA	0
B07GBXHZVV	0
B00CAU81CW	0
B0144ARB1C	0
B08K8PMCZ8	10
B00APLPSZ6	0
B009W7LABU	0
B01BMRBNGE	0
B007FIS3W2	0
B084MJCPZ6	0
B06Y1421KF	0
B09NR69FSV	0
B01MFF4XVU	7
B09HMCT28S	0
B07W81HKR2	0
B00ESVQG0A	0
B08C57CV8X	0
B007JXYONA	0
B00R58PKX2	0
B00WLW539S	4
B0070D093I	0
B07BZ3JMKP	0
B0943MJQ5H	3
B007ZKZ6MU	0
B07F9MCHW1	0
B08J3DYLV5	0
B07SX8JD6H	0
B07N4M3LXR	0
B0B6C5JCR7	0
B06WP67PTD	0
B00UNO6H64	0
B087TBBFTR	0
B00XTMHNUQ	1
B07C7KZN9X	0
B07WXH3L5J	0
B08CKD9RCZ	0
B07ZDRBN23	0
B01HP1GZUU	0
B008V8I7P8	0
B008PVX3W8	0
B075M6784K	0
B00IPEECN4	0
B0BP5NBXZX	0
B00R689DD4	0
B07PSDSB32	0
B011VEUTZO	0
B09B24MMT7	0
B089YTR348	0
B08XVRQQTY	4
B00XNC5TU8	0
B00685N9DQ	0
B08MXQ6MDV	0
B07VXM747D	0
B00ODM9OGM	0
B0B2W16BCM	0
B09FYBP7NM	0
B00HR1FZRS	0
B07CNHLYC8	0
B07GZ2ZZ7R	0
B0BR3NXTJG	1
B0091SNO82	0
B00XH5WOT0	0
B08DY8J9R8	1
B078SPB92Z	0
B088TP3QWY	0
B0141DYDLS	0
B00B9AM526	0
B07KCF3QL1	0
B01K1HFXWQ	0
B01NALI3N3	0
B01IQOG2EY	0
B072YRWRWM	0
B00DYXU0LE	0
B01D8CS31E	0
B016N49SZO	0
B08ZKLPDF4	0
B083NHZMRZ	0
B00VN20P4U	0
B07SX1ZSNW	1
B01LY96UIY	0
B0BD93WQZ3	2
B07DQP4X8T	0
B07JH3HTR4	0
B076VNB41N	0
B01NH331KT	0
B01N5A9CWZ	0
B07ZRR1YP9	3
B01LRI14FI	0
B07CK733SF	0
B07D6QZPL2	0
B002D48BAW	0
B07N39GNNY	0
B000OB3WVY	0
B073ZX3T5Q	0
B09GLK7N4C	0
B07FRTFRYY	0
B076BRRV4L	0
B00CNZ06O0	0
B00ZSP2KYG	0
B098JK9N83	1
B00KEY31LC	0
B075K643XP	0
B089DQXXRF	0
B07R4XT4TS	0
B07DY7FG6T	0
B0871GXMRD	0
B01N1F0PCV	0
B008F06REA	0
B08HH541N8	0
B014G5ZWE8	1
B08S7B7DWJ	0
B071NZYYKJ	0
B0B8RMWX82	1
B09CTWQHL1	0
B07QK9WNLJ	0
B072M3292Y	0
B07GF7ZGY3	0
B07CJL37VL	0
B0C6MLJRW1	1
B01GSH4X3S	0
B016MM64PE	0
B00O1EBM4Y	0
B01FO3KKRU	0
B07CN6ZKVK	0
B005T5VFRS	0
B01KMPTV5M	0
B07VMP2Y98	0
B00APV5GE4	0
B09Y2BWGZD	0
B01NAX3F4O	0
B086BLB16N	0
B00G6YQFYY	0
B01DLX88JW	0
B079ZLN8RD	0
B004I5IOAG	0
B00ZAOY9LC	2
B00KCCW77U	0
B005CRK740	0
B00AATFCWC	0
B008853JES	0
B07HMKC1TB	0
B07NSBLSMF	0
B00IRLC1OC	0
B00L4O5QIC	0
B07BS8DG14	0
B083SLF9QB	0
B0BPHMWG6S	1
B078HD3QG5	0
B0964HF8LX	0
B07ZH2T25P	0
B008AGFWRM	0
B07ZSX4W15	0
B08H8FPJQT	3
B07X2166GZ	0
B071FGWPP4	0
B07X3G6KS7	0
B07R6CR8WR	0
B07WQX9SM2	0
B07SQTFCJD	0
B01M7RT765	0
B074T1THSN	0
B07D4HJYGH	0
B096ZQ24S3	0
B007OQT7B6	0
B00U70089G	0
B08HH53TM9	6
B08ZK2R82T	0
B0C5NVK6L6	3
B073H9QLN7	0
B07JNF14RQ	0
B07FMTQTGD	0
B00L7903WI	0
B08PBRV9VD	1
B0BJP4TMNH	9
B07KX8YWN4	0
B0BQ2TSPVN	5
B01J91HMLU	0
B09TZY7VKT	11
B07LB73QHJ	0
B07F2PVRTS	0
B01K18JVRS	0
B089FW8949	0
B09YX9Z82Q	0
B06XZ91DYV	0
B00MFQB9NY	0
B07X8ZXBGK	0
B001VOWSDG	0
B089GMX1WH	0
B005ADO4GI	0
B00LV0B37M	0
B00FDWMPJO	0
B001HBHQKI	0
B00OUPXZUI	0
B00VAZ5IWY	0
B07L2PPJHF	0
B08QVVDSQQ	0
B09BKK9CH1	0
B0082G4KQO	0
B07BNT2KQW	0
B0113NRIQ6	0
B07B19K3YK	1
B09GYBY6GD	1
B08MWCWNNP	0
B07ZD7Z42G	0
B08MBP2SJP	0
B00XUBHSX8	0
B00B2MOLFK	0
B09KLT34T8	0
B01N0WRI9O	0
B00NBYIGA8	0
B00BKB6VQ0	0
B007MHY90Q	0
B00021HBMM	0
B07QL9VXKJ	0
B07MQBVDW3	0
B008JB8NOC	0
B07JZHSKQD	0
B071D2M63D	0
B083LF96C8	0
B00BLXMUVC	0
B008KKPS5O	0
B07CYZWLBR	0
B00GN0BZM8	0
B07CXN6DKT	0
B08BXSQJP7	0
B078WDSQ65	0
B0053VD8D2	0
B081PLTW8R	0
B001GQ9W2E	0
B077SQ1BB5	0
B06XQFSCC9	0
B095WW3NTJ	0
B08DFCLH7Y	0
B07C91PZ23	0
B01BPPR4OS	0
B005CP9GEO	0
B07QT4F31K	0
B08L39DMJ2	0
B0BKTGLVFS	2
B00SKRYIVW	0
B091SJRFBZ	0
B012SKSRMW	0
B004T16NVG	0
B00JQ02RBU	0
B095RXJ7DF	0
B07T87P421	1
B08B3L3QVK	0
B0868XFWFH	0
B01GNW638Q	0
B00IM3AESA	0
B0BQQM4LTB	1
B0183NVN6A	0
B07DGVJFPS	0
B017WSGII0	0
B01AV3J2EA	0
B07B7J3GC6	0
B07GR6RGSD	0
B005UY0PYC	0
B009K5WVS0	0
B0747566C4	0
B098RTK4MT	4
B07T8H4W8X	0
B003TM1XXO	0
B00CO7WXS4	0
B07NSW6B97	0
B0741J6S6N	0
B0C7LNDT1W	1
B09SKWZYD1	39
B0143JL42Q	1
B07JNHXQFL	0
B005FZ6OAA	0
B07MS8KW73	0
B00GS1B4Y6	0
B076C6F7CF	1
B0BJNFTQ5R	1
B01LXKGS5C	0
B0CCMH6XP7	8
B000J4MQIQ	0
B07G8S532Q	0
B0B7NJNR76	1
B07FZ1B12P	0
B075QYNXG2	0
B01HAE2574	0
B0B28LQQL8	1
B01LBWLL3U	0
B00QG5ZZ3A	0
B083TJYZ64	1
B00GNL4N9Y	0
B09PCY35N7	2
B088WV7KDN	0
B00LSSJR5M	0
B08H8K8XNC	0
B07F2Q9Z2M	1
B08PKMSPWL	0
B07RPQP34D	0
B008B1YWHW	0
B07JG8WYDC	0
B0BN3DM61Z	1
B00AZNVS08	0
B07YYBLGBV	0
B07F3HN6KX	0
B00MBJPKF8	0
B003XNT6RY	0
B00LN6OBA0	0
B07TYB7X4R	0
B0BGSF7FPH	1
B085RLHBKJ	0
B01A3VXWIC	0
B01N43MG1U	0
B08LQ8PZY7	0
B07D27PLLM	0
B07M62TJ2S	0
B007TWCCEY	1
B08ZCDHW9D	1
B003TOAFPY	0
B07JVFWT28	0
B01DCGCYK2	0
B0764JVVDR	2
B08BV3J5YD	0
B0712153CC	0
B009CCGPG0	0
B01DDH5VRS	0
B07F6DDNR6	0
B07455PWLC	0
B0732YF725	2
B00II5HL24	0
B095BM7Z5L	1
B00DIFHD86	0
B00EJHMG66	0
B001G7Q712	0
B01HPIPTT6	0
B0012117S0	0
B07DFRJWYC	0
B00IM54IIA	0
B094YM5HSY	0
B010CGHHOI	0
B073QNMWK3	0
B0195PHVCK	0
B002LTLN9A	0
B00KH7GUWS	0
B07HJXXVC2	1
B09BJQP3Y8	0
B009I4Z9D2	0
B07JLWQ47Z	3
B00H5BT7EM	0
B09M9L25SH	0
B076PWRDTH	0
B09L1933G2	2
B00GTJ5EA2	0
B075STS6Z6	0
B0043M5H7W	0
B087Q5ZFPJ	0
B01LZUM8AJ	0
B01DQ0Q0WW	0
B07G17RV7X	0
B07K693HML	0
B002HWSHE0	0
B07H25LTHY	0
B01NBB3PJZ	0
B07QX9TN6K	0
B07YWGP8JF	0
B0852DLD5W	2
B07FXQFXGW	0
B00BYMPBMK	0
B01MXLM1R1	0
B086DCDLQZ	0
B00C4UL20G	0
B004H4VU9U	0
B095LJX1MM	0
B07VKLDBN3	0
B09Y25MFDR	1
B00JF2KHGG	0
B00IPF0GLK	0
B08131MKCF	0
B00G337MMM	0
B01FABY716	0
B07H4LTVYZ	0
B09MJ7DCMZ	5
B081J2J2G8	0
B01I20NGF0	0
B083LFWGH1	0
B00I5RK8R0	0
B01NAZBA9R	0
B00WMBGIMY	0
B019NFKE44	0
B0BBN163NF	1
B006YQA9JQ	0
B09QS9WM59	0
B08R58NC3R	0
B002NSK8HC	0
B00PBFVMOC	0
B06Y491Z1K	0
B008PRCUX0	0
B081P92KKM	0
B07M85839Z	0
B07QVYJDP3	0
B07HJC53N4	0
B07R9R9MX4	0
B006BFT34W	0
B088NX9PCG	0
B07H7FG6RS	0
B07YJG3CZH	0
B001COIINO	0
B019MSTZC4	0
B0C3BCTP3Y	1
B01N0084OD	0
B07MZ1MT1Z	0
B000JFN5IU	0
B08CGWKQ6S	0
B088PRXWVR	7
B0B8GZLFP4	0
B086VTYSNX	0
B0C2JXKZ1L	1
B07HCX8KRJ	0
B08XYRTWL8	0
B01BPKD4UG	0
B07T7K5THX	0
B0B636TNHX	3
B08Z3GD5LH	0
B07BZV1PCM	0
B00D6910A6	0
B07J46VLZR	0
B086TQT1MV	6
B08L3DCTWT	0
B00RKPR4TS	0
B07JQ8LTDY	0
B005PM1YGM	0
B07DD1KZVT	0
B01L7WH20K	0
B07FW2GPJK	0
B076GYTXQ8	0
B087BVW4HR	0
B0785ZT9XV	0
B07P9BYL6V	0
B001H54AJO	0
B07PZR5C3K	1
B008UXAQ7G	0
B08H8HF461	0
B077KZ4TTG	0
B0714B733Q	0
B07PN6NHJ9	0
B07B8GG44G	0
B078W4X17S	0
B07HMV57HS	0
B07HHPDYG3	0
B07S81V4K2	0
B00OBBZ15I	0
B07QLK12SM	0
B0B6F1FZRS	0
B00KQQYVJO	0
B08WJYLXVX	0
B073SDDP8K	0
B00F5CFN96	0
B07J556GKS	0
B07D4XGZ95	0
B01KIO1204	0
B07485S4TS	0
B07HPC9MMY	0
B07XL4T545	0
B00DVHXGAU	0
B09PK48V7Y	2
B07T31SXQW	0
B0742S6K7V	0
B07NZ8VCHT	0
B07Q217TB9	0
B09V4QK6QM	3
B07G7FJ2XQ	0
B074QSMX1W	0
B019J0V4D8	0
B07HN37D1R	0
B010NGVQUI	0
B07BMVR952	0
B07JDLJXXM	0
B092LNPXMY	0
B0BTZZZWX7	1
B07WGFXLSB	0
B07BQFRFXH	0
B093QYC9WY	5
B015Q8D0H0	0
B003OFJH2K	0
B095L5VSF4	0
B091DN14LP	0
B014HKTIJM	0
B002MPPUL0	0
B09KXLYC92	0
B01IVYI17K	0
B01HNL5MII	0
B01C2N3JQ4	0
B09P8G1RD6	0
B01CODH5EY	0
B00WV8G1Q6	1
B014WBUNHC	0
B01EPTJEYY	0
B085B29657	0
B08D34N1BL	0
B014T8E28Y	0
B0BGLHVG7H	0
B0752492V6	0
B00JDPFVBQ	0
B09Z4DNRXR	0
B077TP9471	0
B07Z8KWD52	0
B003JM70OA	0
B07MBLHYHP	0
B004WYQA7W	0
B01N4MT5EY	0
B00M3JPU9C	0
B00W5DA31G	0
B07SG56LR6	0
B010DEVJJI	0
B074618ZHW	0
B00LNEOK4Y	0
B01MUVTW11	0
B07FQDC2N7	0
B01L246EXO	0
B018QDNRPC	0
B0B61DF2F1	0
B08RNF9RGT	0
B07VHL6C8C	0
B01H41RLDG	0
B06XGY9FTX	0
B077JN74CQ	0
B01M8EZ7L9	0
B09FK4W3G5	11
B0924RMP1W	0
B071R2254J	0
B08BG35QHW	0
B072M2TWQ3	0
B076R976VZ	0
B08J9PW78G	0
B002VP18YO	0
B0B4PGLTXT	0
B077P8V5LV	0
B01N00R1U9	0
B0887XKJLQ	0
B00S8W75SW	0
B01KGIISPY	0
B081KN2V8P	0
B08MQLVRRP	0
B01DA0RUD6	0
B0BSMKFLMH	0
B0BP7HJ1JC	1
B079KFPNBP	0
B08HZG1DJF	0
B00XXN7J8W	0
B004BJ87VA	0
B00K1OT51U	0
B079D3NL4V	0
B0B7XP5CP1	1
B088NJR6V9	0
B099255W5T	0
B00FGD2WWU	0
B018RM3PWW	0
B09JMY3DXX	1
B00PTZD8Y6	0
B0007R7D9C	0
B0754LR5MX	0
B0B7QVYKP4	2
B013VUEYFM	0
B004Y4H2HW	0
B08Y8Z2HJ6	0
B093D6NK9S	0
B00GGESEE8	0
B01N7OOX13	0
B00UUT567I	0
B07RYNJWFR	0
B08BLPC7JF	0
B07MH5NNC4	0
B016E41RDO	0
B09J85SCH7	6
B00BBS2TEA	0
B08S7NZ6D1	0
B07864XWWX	0
B072L6H145	0
B07RRCR43L	0
B01MRVK179	0
B08ZNPX986	0
B07NM2DCTD	0
B00LHYW4DO	0
5000000056	0
B09MTG386R	1
B01HCT6KV4	0
B071VTS5VR	0
B088KPZP8M	0
B07T9LRYRP	0
B09BKL4QNK	5
B07Y8KDXLP	1
B0057ILRVQ	0
B089GHD6VV	0
B0773GR1SL	0
B00NYQZP3Y	0
B08761VBY7	0
B07B1RVYPJ	0
B0098UWB82	0
B0B1883TP4	0
B07GSTTPCM	0
B0BGZFRM7Z	1
B01IFTDUCW	0
B09L1DKQBD	0
B00BOYY1YC	0
B00RSOWDL0	0
B07MNSXSRB	0
B01L9YR65M	0
B00354SWGC	0
B002Y2UMXW	1
B08HYLS1XP	0
B01D3IMGQG	0
B07KXXNYX9	0
B07Q3TR3KR	0
B07BNV6ZB9	0
B00FJ7Q8KU	0
B01HLNCB3C	0
B07GJ85R4R	0
B07SL278XZ	0
B07JJNVYH8	0
B07FDBST85	0
B002OTK9LK	1
B093TLW721	0
B07Z52756K	0
B003GB73LE	0
B01M0YW2IB	0
B078XF96X9	0
B081PN124V	0
B06XS2T88L	0
B079HWDPKV	0
B071ZZ4M8L	0
B00N45NWKS	0
B077QJ7SPC	0
B01NBJTTWV	0
B0BVGHM3QY	11
B077V518G8	0
B07ZFM77HB	5
B014LCP59S	0
B07L49L275	0
B07415W7FG	0
B01DWNP2WM	0
B083PSSQXP	0
B00GTXH9B0	0
B00EDHW680	1
B06W2G2BVJ	0
B08DK3X97B	0
B07Q9PNNB5	25
B07GZQW117	0
B01IEUC98I	0
B0895QFNSJ	0
B01M0GS21C	0
B00RDEUZI8	0
B09JC67VC7	0
B09ZKYVTSG	0
B016EUFPQ8	0
B06XBQKYVR	0
B08FBFQPQX	0
B08KXR3YKX	0
B08SM5ZKPN	0
B0011X4JT8	0
B000SYZNN2	0
B00DBC7PPM	0
B095HGML27	0
B07ZJMSSXX	0
B00ENQA3JA	0
B09V2GXLBJ	1
B00ICSLRN6	0
B01MU00T0M	0
B006JL7WEQ	0
B000QXTBN8	0
B073J1JYL5	0
B07BWGL9NS	0
B00H95FH0W	0
B00NP3DM1S	0
B00YUTJVJS	0
B0791N2XTK	0
B07WV4F2VR	0
B07TBTXJF9	0
B0711R27GW	0
B0949P4QDJ	0
B07TJLT5GH	0
B00AQ1SAUK	0
B00B2NR4KI	0
B09DSVG9RW	0
B000IIVWII	0
B0B7MFSYVP	7
B07N69BMRD	0
B01LXTZMTP	0
B08HRMH44K	0
B00B5OP1NQ	0
B00RTL980Q	0
B089P3HCZ2	1
B01BL25SSY	0
B00H4DH61M	0
B00HDH505I	0
B07J4GD5S6	0
B09M78L316	0
B077XKLHPV	0
B001HO8T2Y	0
B00HHZ4HDC	0
B07D3PF39T	0
B003WT5MUO	0
B00RXK32ZA	0
B00LWZ4HYC	0
B0997XN9TK	0
B08WSXZMCJ	0
B07QSH2YL1	0
B073ZFF596	0
B08DXMCNGD	0
B0713XXX9K	0
B01M69TDJS	0
B075PV9684	0
B0787WC8VY	0
B0BLZM2VS3	1
B0747HSZGV	0
B094FGRK4W	0
B083GGM8SS	0
B08FTGYBMN	2
B00J3EB0FI	0
B000HCLNRA	0
B07L2B39RZ	0
B01MQPY954	0
B0061JQFIA	0
B00E0ER6CC	0
B01DCT2HTM	0
B0179RARW2	0
B0BBV867H4	1
B08FMSCD3B	1
B07HP6HKQM	0
B00SGK55YW	0
B08LDLQX8G	0
B07H1CX8G6	0
B07DZQX8J2	0
B004VQBK1M	0
B01MG3J52N	0
B00P222ACC	0
B09C5FGK9Z	1
B00Q8GLL4Y	0
B08QR3C2ZS	11
B06XGCF8WG	0
B07HLLTXKK	0
B07VVMCLT9	0
B072FNQMF1	0
B07C8QV41M	1
B07Z88YN5Q	0
B088BSHR1B	0
B07PC17SBT	0
B08C2C2184	0
B06XBGS8G3	0
B018YQOZSO	0
B01NAAJX5H	0
B0BMVKJ3CM	0
B09MCLRBR1	0
B07CPQNN9V	0
B07Z1SF8VV	0
B00JSP37RQ	0
B001EJNJJU	0
B091H1653X	0
B00VWBHEDC	0
B008AML9LE	0
B07HYDYS85	0
B079XYVMQ3	0
B089SHPRKF	0
B094TVSRPN	1
B01DOHKIFW	0
B07DLDSH91	0
B09FJZCX18	1
B002JINBJS	0
B07VYSLSVB	0
B005DA1WYA	0
B0719Q52Z6	0
B006TC60QQ	0
B01FQ5OUCM	0
B00THL9ZXQ	0
B07BKL58ZR	0
B07H82DFDF	0
B07VMCLJHZ	0
B08KFKLHX8	0
B00HC80QHU	0
B01GIZLX8S	0
B002E18YE2	0
B003ARTQ9Q	0
B07HG7731Q	0
B0829DLLJ1	0
B00AZPPDTI	0
B07N66VPZ2	0
B0143IZ252	2
B01018OBJQ	0
B07TYJ85M8	0
B01ITFEQ98	0
B07RVJ86JY	0
B08ZJFJGYG	0
B01CTJ0GAS	0
B01F9LLHHO	0
B08HRTWDK3	0
B076BYC726	0
B085HYRKFC	0
B00K14S1WO	0
B014RGEX1O	0
B08SHQB9BG	0
B07L8L2WHL	0
B00Q7JMFV0	0
B07DRBGFP1	0
B096JR3DTM	0
B08DVFXLJJ	0
B00J0SBMKU	0
B09X1J2Y61	0
B07L9TCBTV	0
B07TK8QS63	0
B01BPKLH14	1
B015TNWZHS	0
B07K1XK9D7	0
B014F0ADSY	0
B01E65F446	0
B07R1DNCB4	0
B076TK23SG	0
B008J0PNNW	0
B079HTPV62	0
B0015SFK4M	0
B06XRDBJ3W	0
B009V59WX6	0
B001I44L7K	0
B0C6Q7FDJV	10
B087ZBQNJ1	0
B010DTU48K	0
B00YEGKLC8	0
B08HD5PP6F	0
B014UJH4FA	0
B00LOVTU8C	1
B005HM80GM	0
B06VX3XLTL	0
B09YCYBWMW	0
B081R2PWTH	0
B07YKF5TJD	0
B09B25QX9S	6
B01KMUXE0U	0
B003D1HN0I	0
B0BX4XSFY5	0
B00WCB54E2	0
B07RWLSVFR	0
B07MJGVHZY	0
B08L8TG5TR	0
B00ON3ASRK	0
B003F25YZQ	0
B00KKNVH7C	0
B00E3MKQDC	0
B07CXQ9BD3	0
B08GS81FF8	0
B01DVKKDSO	0
B088DCZJFZ	0
B013JPMN48	0
B01HIDEJ2G	0
B0CKF4LYC9	1
B00HYRI766	0
B0C6XPMF56	3
B08786GMGG	0
B0BGVBF4MT	2
B09VTLWWGZ	1
B06W2MRMNM	0
B07VT47J3T	0
B0B5N6Q15W	0
B00BQQC4N8	0
B09V2JC7B5	1
B071XLR1GR	0
B01N04KNF9	0
B071KF6Y8R	0
B000I3P9J6	0
B0B9FZS52Z	0
B00352L1NU	0
B08PST9LL7	0
B00AZO7TKA	0
B06ZYQQVFK	0
B00HZVWZ8M	0
B01N7EZQ2N	0
B09WJSJPSX	0
B01FU1JA2W	0
B07HYF6FD7	0
B07V5Z992T	0
B088851BHQ	0
B07FCC4856	0
B009AMOTVA	0
B078J817LC	0
B09YV4C7FQ	0
B089NNSHY1	0
B07C88R9YP	0
B07T6L515S	0
B09YVQQB46	0
B018UOP606	0
B01MSZDNEI	0
B00ESUOYL4	0
B08FRJ96RS	3
B00D12B7X8	0
B07X3HM8F5	0
B08M4GJHMJ	0
B09HNWB1X8	0
B089ZZY1R6	13
B07VWCXT2T	0
B01C5WA4I8	0
B011F2RX2O	0
B01H1963U8	0
B00B7YG0ZC	0
B00MGFJYDG	0
B07P7Y57X3	0
B00K6YY4YI	0
B077RB1WWK	0
B07S8SVG7B	0
B005DJ7CKY	0
B094NG96T9	0
B07C5JMZR5	11
B01L3ZDYIA	1
B07YBVSQC9	0
B07PNCHKZH	0
B0713WTS4Z	0
B07DC1KMLH	0
B08167W78L	0
B0787PD5VR	0
B09J3SR1YW	0
B010CJA2WY	0
B073CJL35L	0
B01N0RGOJC	0
B07G2MQ8MW	0
B06WWPXF1G	0
B01MEHSKBQ	0
B01BI6S4T8	0
B007PJNOHU	0
B07XTMKWS8	0
B00HQJI4EC	0
B07S5BP4TS	0
B00SL9S2M0	0
B08HZ23HKV	0
B072JLPVCF	0
B08GCXYG49	0
B07G9CWNTJ	0
B08CH3XWX3	0
B099MSTSCG	0
B096Z5T9XB	0
B00IZKU0TS	0
B08K92STMM	0
B00GXEHEN8	0
B00AJL7Y2C	0
B07NRQLZQ7	0
B0BWMPP34M	4
B00KXD9UQY	0
B07TY6B7YT	0
B00WYEOZE2	0
B00P1UARN4	0
B083Z2VQ93	0
B01M0OFM1N	0
B09SDZBBK3	0
B00SWH0E5Y	0
B088FGNM5Q	0
B01GK33CFA	0
B074Z3KSKZ	0
B0768GBRBZ	0
B073G9VTPF	0
B07GBSRX6P	0
B015YWVXZE	0
B09FNYWWWY	0
B01BFBPZLG	0
B07TX5CJ7Y	0
B01F2P50DY	0
B01MS25X9V	0
B074MQVLYD	0
B005I6QBRM	0
B07H29VWQ5	0
B071WRBST4	0
B01DMK7CQY	0
B07DNZSD6L	0
B0BD5GVHLR	1
B09TB2T3B2	24
B01D805K4O	0
B06XB8R3V1	0
B0058Z7DO8	0
B0054QYVK0	0
B00D5NAUGS	0
B00LPXAUFG	0
B0170NT6P4	0
B07FMWFLJH	0
B013AWNW7W	0
B08PN2X1VS	0
B079JVH2S3	0
B07KQMTF9M	0
B01AAU600S	0
B083DTKK38	0
B09ZQF99BZ	0
B082DBR1VJ	0
B009XYLQN4	0
B084FV3WRR	0
B07NLXPVCD	0
B08SY5HCB6	2
B000EQRYOU	0
B078C6DXVJ	0
B07N7Q6SSG	0
B076PRFZHW	0
B083HWSJ5Q	0
B07KQX44BZ	0
B07618CPXX	0
B099VZRSBD	1
B009VZP4PG	0
B07D3SK95J	0
B004RE5JTM	0
B097B15PQ5	0
B07BC692HD	0
B07BN2ZT11	0
B00AAPHLHK	0
B09NR9DVX4	0
B00BGN9L9G	0
B07S7NXZ7J	0
B077QK9ZPK	0
B0085BAB7I	0
B00HEPD03I	0
B075D4TMG9	5
B01MRY86UU	0
B00VWUPQ88	0
B0B6YT72BG	1
B08YRTLDX9	0
B01NAH0CPG	0
B09KBYTC8W	1
B084VQL8DC	0
B073WH4QGF	0
B07WR5VWSK	0
B08ZQVBR1W	1
B07GWB1LX7	0
B018S73LBQ	0
B079248JJV	0
B0BWY9J2H5	2
B00DBL54TC	0
B09PBC3TF1	0
B01COJILKK	0
B098LX4SY9	0
B01NBX12PU	0
B07B4RS2BP	3
B004XK96LW	0
B07MZW4WPR	0
B09JYSLWJP	0
B01N369QT0	0
B0921B3YVP	0
B071GBN3J3	0
B005AV3D9O	0
B087KQ3ZN1	0
B00L42PXTG	0
B07ZHJJ62N	0
B07RFVCK4Y	0
B07PQBRJ82	0
B00264GRCI	0
B07DTD1YT5	0
B0BQMH815B	10
B01DAG2AP8	0
B07GQZQMX9	0
B00GXDKWVK	0
B07DN4GLWS	0
B000BBG71E	0
B00HJSS2B0	0
B000XEEX7Y	0
B0CGRC72YG	1
B00U1TECTU	0
B071R4H6B5	0
B07VY3FWCQ	0
B074V35326	0
B09HBYFB76	3
B016A4KYA0	2
B00LSV7GAC	0
B09HHDY3X5	0
B0161J27KO	1
B01E95DU4E	0
B07P2XRHCF	0
B07D651WF8	0
B00IN814TC	0
B07G6Z4KQ8	0
B07RY1DC9P	0
B07KD3K6CZ	0
B00R6CKDS4	0
B09VDJSGB8	0
B0C8FCMS9S	0
B0853BRL4Y	5
B093SW13VK	5
B00AX95A4E	0
B07KH68XY2	0
B01HYVNPG8	0
B0B4TZQ5R4	2
B005SIXAQA	0
B07PT4RRV5	0
B07SZ69C46	0
B0C6PSJ566	0
B083788MC4	0
B004I8XLMO	0
B010EGEECE	0
B00JRN4NGI	0
B00FO7DG00	0
B005UQ6KEE	0
B00ATRPQAS	0
B07MW4JZ5V	0
B09T3D789L	0
B09MLW2KC7	0
B084HNPB5X	0
B00XM6X7WM	0
B07MB6TNJ8	0
B009Y8VJD6	0
B07D19VGGW	0
B08R5RQTS9	0
B08KBH5STX	0
B07P67R5YC	0
B076J5F94C	0
B00JG0Z8KW	0
B0195PJNWQ	0
B07THX5QTB	0
B015A6LKMU	0
B00KIGY7HS	0
B086723XG3	0
B008BBDGR4	0
B08P4F9FYM	0
B00XC1HOQ2	0
B0895YYKX3	0
B07PM8YRGH	0
B08BNNM8WH	0
B00LG7ZH04	0
B06Y47ZCT4	0
B07CSRD44T	0
B08H1SJPQT	0
B01KAHU0UM	0
B077ZSRNLM	0
B00JHOP366	0
B07D2FMCWW	0
B00RO9G6YO	0
B07PMFM816	0
B005OCSV6Y	0
B081395SJM	0
B094W4M1LT	0
B0735L4P2D	0
B09YNBG78V	6
B008MBMO5S	0
B01I54JHUQ	0
B071RSQZLD	0
B08B5ZW8WR	0
B0089OUH48	0
B096XSMMS6	0
B002LZTH1U	0
B08F53Q6JP	0
B08GSMNYP9	0
B07L997L3T	0
B07P5K6FGD	0
B07217TLWM	0
B082G648HX	0
B09HZBLVFG	0
B07GTYYJMQ	0
B077XDY2N2	0
B07R73QJ3N	0
B01HECZZQK	2
B0184R5TO2	0
B0168T5MK4	0
B00GFSAS4Y	0
B082XQ1YNZ	0
B06WVC1WJH	0
B014X1W6JO	0
B074GDTLM6	0
B06ZYW629N	0
B075VGYTCY	0
B077PND32C	0
B07Y1BRYNV	0
B004LYDFEY	0
B0BGY411F2	1
B08JPMFGYP	0
B0B2JX5TWS	6
B0048BP53Y	0
B09HBL678L	0
B07X5S33RH	0
B07B44VQHL	0
B07YQ7DV1T	1
B075FCQ4ZS	0
B0747CN2ZC	0
B08D7LRHKQ	1
B013RVDK4Q	0
B08F2H2WS4	0
B07DBN383P	0
B011XZ1UOA	0
B07594WY1Q	0
B01DMV2484	0
B06XFX86LW	0
B08SJ79TQG	0
B082SK5G2K	0
B09PTT6QTH	0
B07KYF8SXQ	0
B00AOERBA4	0
B07FK5FF5R	0
B0722C9M3W	0
B077ZGS447	0
B01F98JLKM	0
B010NBMOGI	0
B07DHN1S5S	0
B0058CILRE	0
B01C7VZWU2	0
B0774KM3D2	0
B072Z71QL6	0
B07Y511GY3	0
B07G7H463D	0
B000TK6SC0	0
B08G59L944	0
B00VMB2N7E	0
B01NC2ZYBV	0
B082P7KLHF	0
B00FALQFQW	0
B015H5OCGK	0
B01MXJ264D	0
B0921FF53C	10
B00GJ9Y1F6	0
B07FZ74LL9	0
B014WVNN92	0
B092R3C8LV	1
B082MPF73H	0
B01MXYNY2X	0
B0BDD6GBZL	1
B0BRTLG26L	2
B07YFG97YN	0
B01LW34ORI	0
B07PP1V31X	0
B0015T1RWU	0
B072BKN9XB	0
B07VJKRPGH	0
B07MZP6P15	0
B06XWGRV59	0
B0B4KH11PV	1
B00CSGR732	0
B074TF4ZBT	0
B005LSQIWU	0
B00AOB2CYM	0
B01N6J5SIS	0
B00E96O2O6	0
B0BWT1Z863	0
B01MUDTA7L	0
B07GSL37P1	0
B01EIT5IEQ	0
B00LPARA5C	0
B07MG77LF2	0
B015QSA3XE	0
B08CXP2NQ9	0
B07F2RLKMD	0
B0731FL522	0
B07DVF5XMN	2
B00M1AZT0S	0
B07B656WZ6	0
B07GNFWNGK	0
B08P3C5PYH	0
B08GPR5G28	0
B07D4D282Q	0
B08QRQGWWV	0
B01DA87A1U	0
B07ZPF8JRL	0
B00LUNT912	0
B08L3CWZPG	0
B0785HPWD3	0
B073XXYJKH	0
B01N7Z4M1C	0
B08394FVCW	0
B014RM1PV4	0
B07QTDSBQK	0
B008LIOPTA	0
B07NBTQ6FB	3
B074X2RH5M	0
B098SNR8SV	3
B07ZBPFGXG	0
B0119D8EJU	0
B0BFHXDD2Y	13
B07X4TZP2X	0
B072HSQX3X	0
B0797NZRHY	0
B01N5361ON	0
B093Q7XZSJ	0
B088KLHRHW	0
B00IM5DNJA	0
B07MKDMYCP	0
B07SSXFX85	0
B00IAGBPGY	0
B011R7TIUW	0
B09YYGR3JF	0
B00L3LYXVC	0
B018B6Y8QQ	0
B07K2ZGRJQ	0
B01JOBTTMU	0
B07TN1845M	6
B01N8X195W	0
B006ZUZFRW	0
B07S5S8XML	0
B078VRT2P8	0
B071WVF7JJ	0
B000S900HQ	0
B08NDM47GV	0
B09825GQC3	0
B0834VHWJT	1
B01M1GJEHW	0
B01J8WZC2Q	0
B01DL44AZ2	1
B07F79CVQK	0
B00YNJ5PD6	0
B01F0CNFMC	0
B00U1TLONW	0
B074XGJ7ZQ	0
B09TXP44PW	1
B07D9T9K5C	0
B0889Q64RC	0
B08W2VJ4JQ	0
B00HA02TZW	0
B08YDRS89X	0
B00VFJMPOE	0
B000FMQH2S	0
B0793JM8R1	0
B019DM90PQ	0
B00KH1P8OK	0
B01LX3VQ9D	0
B08V4QP33L	3
B084P6KDV8	0
B0050NFQXI	0
B07JQRSN7N	0
B091HWVN21	0
B09XTYRWVL	1
B075SBXTZ7	0
B07FDN4Q5W	0
B00LF3AW7M	0
B07MCV2YZN	0
B07D33FX2J	0
B0C817FYQN	1
B00WGXYON8	0
B00A0RA3F0	0
B06XD2Y889	0
B00MFNW378	0
B01I0PRS6K	0
B0BB9LR25Q	1
B076MP6HQN	0
B0796QR2WF	0
B008NYUJ8S	10
B00P5RQMCI	0
B019ZUJDIA	0
B00MBMN33Q	0
B09797M6V8	0
B08G9M59JC	1
B006OTE9NU	0
B06XWL4M93	0
B018VL3A9M	0
B01H863LIQ	0
B00F8CTUQA	0
B07CBTGS5S	0
B0011ZRM3G	0
B00GBUZPIK	0
B01FT9IUTO	0
B096SWKKVP	1
B08HMDFLCS	0
B07FWGRS8Z	0
B07WRMB8YD	0
B095PD6VH5	0
B08S3L95WS	0
B088Y6BN67	0
B01EJUGZGO	0
B08N61J6K8	0
B00EYXSBAU	0
B09BQGTH74	0
B07NPHG713	0
B00Y8DDT4Y	0
B00JI79QRY	0
B08QSMRWS7	0
B07MQ4DVRM	0
B07D1ZX7MZ	0
B081Y12B44	0
B00LUIB2V2	0
B07CVM7MQ1	0
B00CMSBPYS	0
B078YB7L16	0
B01CRMZTZE	0
B07WD4JYKF	0
B07C3S3WD7	0
B00LMUP9SU	0
B083YSGS29	0
B001CJNEQU	0
B07QS3Y66W	0
B07J4XSQHX	0
B0B9KXBVRT	0
B092HMDBJM	0
B00JH0RXE0	0
B0007X9F7O	0
B07VNDW1TY	0
B078GQH3JX	0
B07J2WL922	0
B01D90JMUQ	0
B07QTXPW1C	0
B09LM6P62L	1
B082LQ7QZZ	0
B08615GCRW	0
B095JL44ZK	0
B08VFRB85R	0
B071ZF9JYT	0
B0B2LDKZWS	0
B01DBI4P3A	0
B07HRYM3JK	0
B005W2RECI	0
B07DWL9SD9	0
B09Z7ZX54L	0
B00S27IWEO	0
B00499TLG2	0
B01IDS47YA	0
B08D6HL7C9	0
B01B3EH51I	0
B07JK8FZRX	0
B071P114TR	0
B07FFJRLW3	0
B01NBCYDRT	0
B07T272FS8	0
B07Y5XHTCL	0
B002DUCN5U	0
B08LFZ4FT7	0
B008EA17PA	0
B006TWIF96	0
B07G2B8YZV	0
B07F1FP6TG	0
B08DFKGHS4	0
B006ODOHMY	0
B09PJTS7LV	0
B008BRGCW4	0
B094384FZ3	0
B072BJGWL6	0
B0BKJNL6TG	0
B07CM6W723	0
B08LNYHDXX	0
B01N07OQ12	0
B00M1YO2XE	0
B07QMYMCC3	0
B09T9PQXYF	0
B06XCV3Q1M	0
B078H4HZQY	1
B07567JYH2	0
B0925CYVQ6	0
B0100QA26A	0
B01D2I7XEC	0
B0BHXQJLC4	1
B083K8CRSL	0
B0BTK2X963	2
B07CKGYRCJ	0
B071Y45HT1	0
B07569S1RP	0
B077R1B4XN	0
B0841FNXXV	0
B07Z3SGCKC	0
B07CTRHHC2	0
B07PLPXQ2Z	1
B074CLCTJ6	0
B01B6O3KQE	0
B078PHC8HJ	0
B001XIPZC6	0
B08PL32JFY	1
B07KX5HHN2	0
B01J2MD85U	0
B01N591VOO	0
B077YSRVMN	0
B07PFLMY18	0
B07BWCYQK4	0
B08CNXSJSF	0
B09FYRY7RN	0
B07FN15346	0
B000KKB55O	0
B09VBTH8LL	1
B08KDD82VV	8
B07RKVFTM8	0
B01N6T5TWK	0
B077ZK4MC4	0
B07MVKDS8Q	0
B07ZG1FHBL	0
B0749PQDH1	0
B00GN55U8S	0
B086RP4BCY	0
B01M5ILIA4	0
B00GS5UE2U	0
B00BQMG5GY	0
B08NFBW425	0
B07HGBWCN9	0
B08J868873	0
B07192QBR4	0
B0C4J8864H	0
B00CPTK75C	0
B07D586RDV	0
B09T3NZC3D	6
B000VA10MQ	0
B0BZVVD4F8	1
B00ACIH4AE	0
B07DWWDWGP	0
B003LSZM2Y	0
B0079M0X04	0
B01MRZHBN8	0
B07YY5W794	0
B00O84F8EM	0
B073N3WQDV	0
B076JJQFZ8	0
B01BOTJVJQ	0
B07NP5TYG1	0
B017NJSD0O	0
B01D54944U	0
B07KKPDZ3V	0
B01N57D6JC	0
B013XEOEEW	0
B08N4RBM2X	0
B07K1NZP3J	0
B003EIKUH8	0
B00EU4M81G	0
B00KOAKBQY	0
B09X1D4CV4	0
B075NRXVKL	0
B0116MG1M6	0
B07JX5114N	0
B07BTJL6PJ	1
B07BYTP82L	0
B00MR51UQE	0
B077GMFYWZ	0
B0038BATJU	0
B074FFKKZS	0
B08CXNZYXC	0
B0756PXB8H	0
B07TFB212J	0
B0832QJB6Z	0
B0756PVT75	0
B01IIZCU56	0
B07XMMVTYS	0
B00AZWU3A0	0
B07YDJFZ39	0
B07FBHL5MJ	0
B08B8L5WYS	0
B0BJ6N3FZZ	1
B08M4BTRM5	0
B01D5301AC	0
B07BX7MWSG	1
B075PF4PM3	0
B00E420OEW	0
B07SN2MB3T	0
B07B9NPFG5	0
B01MQSVV98	0
B07P5RVFKG	0
B0716DRH62	0
B07H3MFN1V	0
B00KYSBF2U	0
B00EM5NARY	0
B07BM1WZNZ	1
B07QWKKZKG	0
B004WTCVBQ	0
B00BU717DQ	0
B01JUNL5W4	0
B07HJVYB1Y	0
B07CRX67WC	0
B00LGHKSYY	0
B07YD4SMBL	0
B07G677SBG	0
B07K19Y3ZD	0
B07C4FPWXD	0
B01AO1K14Y	0
B0145A5IP2	0
B08ZSH98WH	0
B07WZRWQBF	0
B00FR6NLRG	0
B00EX5M3SA	0
B004B81WX6	0
B01095LZ0O	0
B07GT24CQD	0
B09Q9VLYQG	1
B082MXT3JY	0
B09JHGZ2Z9	0
B09MRNG1ZL	0
B01FW1XCLK	0
B07K6BKVKK	0
B07Q2CJKS4	0
B077R6X3BT	0
B08358F4JH	0
B009ZKMWMA	0
B07C2J55G1	0
B0792YT2WQ	0
B0BCF2YWXH	1
B09S6KXRX3	0
B0768QZ5BH	0
B01FHEEJIW	0
B0076ODBPY	0
B00SY4P32E	0
B00C9D3AKI	0
B00BTMLYN0	0
B01H79K13C	0
B016AM792I	0
B072DVYSS1	0
B079C98L31	0
B01N99HTE4	0
B07121X385	0
B01N2OGIX4	0
B07XZFVBG6	0
B00A6JBAYK	0
B00UPU7CC4	0
B08GLZ3833	0
B00HJ31K46	0
B06XSNJGWH	0
B07KQF5475	0
B00852XELW	0
B07W9LSVM8	0
B085FWQJMX	0
B01H5X9FSC	0
B00DB79W5I	0
B00YUT5SOU	0
B00TF9KT4Y	0
B00M9D2DVK	0
B09SZ1Z6XZ	0
B08CXZV73C	0
B015QWI1KM	0
B01471TZSU	0
B07CTLF8K5	0
B0BVYVFJR3	1
B06XL16BML	1
B08LMH77WX	0
B018F571QC	0
B00BPYP3J8	0
B09X2JC8VQ	0
B01GDV0YVY	0
B09NR8SXL7	0
B01JZX75FK	0
B07SLF1JFQ	0
B078GGN9SM	0
B01MQEAHL0	0
B018T2NA7U	0
B0B8Z9L5PX	1
B0814RK8NK	0
B00MYKR368	0
B07HNBRYSY	0
B0041VBWTC	0
B00RSNMYTM	0
B08ZXHZ33G	0
B01GS4XIPA	0
B01CBCEAVO	0
B07X528GRC	0
B00MC9VUWO	0
B07YDR9RY5	0
B00Y4SMN7C	0
B014JXBRU0	0
B00884XVOC	0
B00O6VZQJ4	0
B08R9RC4CF	0
B00ONC6XS4	0
B075GPZYDL	0
B013M7C3LQ	0
B00TSRI38W	0
B00KN7YSD0	0
B06XDYX8VP	0
B083QDK9JC	0
B094QZ1DVZ	0
B001GRVSZ2	0
B005MPHN1C	0
B073WJ1YYN	0
B002918N8O	0
B00XIWSEPU	0
B06XWXYC4Q	0
B00CRLIB9M	0
B07XW8Z8QT	0
B0748247F8	0
B09CNMX14S	0
B08G56PG6D	1
B083Z2TF1X	0
B0016G1KYC	0
B09KM14VGX	0
B09265KLYD	0
B06XXN1K52	0
B007QRBQSU	0
B019JKGV1I	0
B07HMSRD98	0
B0043RTQ7O	0
B0B3SLXXW8	1
B09882214F	1
B0778KMSC1	0
B083FMFLM1	0
B07P41YWSS	0
B09NNL9MD6	0
B00IWL34U2	0
B00LO0BUUO	0
B07QWNJPPG	0
B07F19S7J2	0
B0822DPK4F	0
B07Q3YMDX8	0
B09G61WKL2	0
B07SC15RMJ	0
B0834KN661	0
B07BMBSD9W	0
B07X9NBKLC	0
B07P7QP3D3	0
B086W722KZ	0
B07DNBBYH3	0
B07F72D67L	0
B001EXMRXU	0
B00BCX4S9I	0
B071VFMXWZ	0
B00QGE5WCA	0
B09JNFVR3F	13
B00YSGQ5OM	0
B00DHFD4MG	0
B07MM38G9H	0
B07P85882R	0
B0792HCYXD	0
B079KT7QCK	0
B01JSEI0N2	0
B00QX6FEG0	0
B00XT9SJXY	0
B019NZSW9S	0
B00OQXYKI0	0
B001KUI9X4	0
B074W6GZNQ	0
B085M9FXN2	0
B0B8HGL7YK	1
B01NBNCAL2	0
B07ZNM8JYG	0
B08FSY1D86	0
B00HQCY3CG	0
B07H3T5YGH	0
B08P4FVL8J	0
B0BK88QWTG	7
B07R58WMSL	0
B074DR42J6	0
B00LBPHST4	0
B00IEZ0APS	0
B00BIRQNQ4	0
B00WCO05T8	0
B08WY897LH	1
B00DOEE8CU	0
B0026P3540	0
B07GNRBJWS	0
B00OX6PH4G	0
B00QFDFUN8	0
B078MQP39T	0
B08V95Q38T	0
B07D3Q27TQ	0
B07J481NNG	0
B07VZ48VYY	0
B07RSDD8JZ	0
B096SCZV79	0
B002SSULV0	0
B004IS0RF8	0
B01HBV8S4K	0
B00SKRTIM6	0
B082PV619R	0
B088NMRS9Q	0
B06W2H7BP6	0
B00A40GKZU	0
B076CYBZ9Z	0
B00R7PTVTM	0
B0BRVFND5P	5
B001Y8SRFC	0
B004QWSGMM	0
B09YLWHZB6	3
B000TGPTOC	0
B072Q7FLT1	0
B07WNRSBHN	0
B08F7X66D1	0
B00KJDX46A	0
B00DNSSGFW	0
B09QQ31WY5	1
B06XGH7P19	0
B097SZMWL2	0
B01IXVM4P6	0
B009PL68MY	0
B07F3BZQ5Z	1
B00GNZP47U	0
B00HS4CVBW	0
B07R7PH27H	0
B07NC4R7LH	0
B00CH4QHZO	0
B07TQRX3BF	0
B087ZB1VDB	0
B07L14JLMY	0
B0B7SCRTCS	0
B00M4UU1JY	0
B01J4BLT00	0
B0BXJ2ZK4X	1
B00RKEYGDQ	0
B00DZL3JA4	0
B09BXDQCGJ	1
B00AIYD528	0
B01N5FRHRD	0
B07PFZ5RZR	0
B00E401FJ2	0
B075S4WB77	0
B08GWW644J	0
B07Z7167S3	0
B000QSQC6C	0
B00PKEDE68	0
B099RYLVYT	0
B01M0IH5B6	0
B086YCPXK2	0
B07PDMWM9R	0
B001NPD616	0
B07B9VXK8V	0
B082PDSW1K	0
B07BT2QJVP	1
B0728BTKPB	0
B000N995WM	0
B06XQ44VPK	0
B07LF71W36	0
B01H457YT8	3
B00P370QPY	0
B00BBHWI0G	0
B08L8HN35R	0
B01N7GMDCP	0
B07P6MPWMP	0
B00H40O794	0
B071XNP1YD	0
B079HX6BCF	0
B0744XHXYC	0
B018SBM4RE	0
B0BVWD4X4R	1
B07TZYQPWN	0
B0894YR6QT	0
B005TI4LZS	0
B005BT6C4I	0
B07F97SMY6	0
B08KNYNLP6	0
B07G52L5HG	0
B07YLSLFBN	0
B0B4KLD7S7	25
B010ILPYBU	0
B0725PJ57W	0
B09DGN5HYN	0
B000GD5DLM	0
B0016CFLDM	0
B0BVT6SP97	4
B00QKR6TRA	0
B092MWR4QH	0
B003GBY9YS	0
B0BS5L3211	1
B01BOKOC80	0
B083HSF3QM	0
B00SISCJ0K	0
B00V3M0VT4	0
B07H3W3DRS	0
B088B6GYNH	0
B00M3S01B0	0
B01L9T7E3G	0
B014WDPHVW	0
B01N0O886U	3
B00MW65R8K	0
B01MT5WVM5	0
B019EMCIEU	0
B06Y2GHNSR	0
B003YTJ848	0
B09VDLX1FR	0
B01EJJ6QPK	0
B00N0S9O60	0
B00GPWP7YQ	0
B0793F6932	0
B091CTCW83	0
B0893P387Z	0
B00IRH2LE6	0
B0097NDETU	0
B003YC1UZK	0
B075CH87CD	0
B00E1CD9NI	0
B07RLX2Q2G	0
B00YHEY5A6	0
B091GTWKYL	0
B07SQXYWXQ	0
B0727NLQ8Z	0
B09VC3H5VY	1
B01N26VEPI	1
B06VV5JYDD	0
B089KXZQPJ	1
B01N9X91CG	0
B093LP8VJN	0
B09TB966NZ	1
B00DUEJEQE	0
B07VJJ85W9	0
B07KXH57LM	0
B0170J305K	0
B079F5V8SX	0
B00FAUFFKA	0
B0016CPKBA	0
B01KBRYH8M	0
B07XDBCN64	0
B085LSBPF1	0
B0725R2TLT	0
B09VNSYDKQ	1
B09J4W738B	0
B0BFHQR5XV	11
B07K1X4KJM	0
B018DLXXLU	0
B08K79476Q	0
B01MT8PNIR	0
B00SZFI126	0
B01MG0OWH9	0
B08QH9484W	0
B011NSVZTM	0
B08564HP8Z	0
B0198TVFWA	0
B088WZG94J	0
B00GWOT6Q2	0
B07BL5GS23	0
B0BMP99BFK	1
B07H8W9MW7	0
B07R77D2HG	0
B00MY3GLZ4	0
B01HEVIP4A	0
B073456CYD	0
B09VK89VLQ	1
B00ZXJANJQ	0
B00AOMXS44	0
B07DPGQ6ZL	0
B01MDU19VL	0
B0797QBX9P	0
B004HZGXFU	0
B08ZHP9YKZ	0
B07G77SYCC	0
B079Z4FS8B	0
B07N344MW4	0
B0102ZK60G	0
B00AQOGRUM	0
B09W5NZCBD	0
B07DPRT7RT	0
B094VS5MZR	0
B006N0V8MA	0
B07F1GDHBS	0
B008ACMMW4	0
B07L2LPWTG	0
B00403MOWU	0
B072MWZDFY	0
B0BNGPR4CB	1
B00D5KRFHI	0
B074L7T2WZ	0
B009L51AOA	0
B00C9V23CG	0
B002JINR2Y	0
B00KZIV0Q0	0
B09GLH1B75	1
B0B8DF38GT	3
B0741L3J3F	0
B004HFAKXQ	0
B08NDB5LR7	0
B07BNP9R6F	0
B01MQVAE0B	0
B074W69BFP	0
B071SH4T2D	0
B07CYCKP7V	0
B08TZP4SCS	0
B07KPQ4KXM	0
B077ZMJKHP	0
B078MJCVYJ	0
B08FHQT82T	0
B091KF9SQY	15
B08JGJQTWB	1
B010O2S2JO	0
B07PK73X22	0
B014QP2MGO	0
B07FZ49LDL	0
B07R1YG7Z9	0
B071YP6SPD	0
B06XWQZZFD	0
B071WL5HWF	0
B07PFC8QLW	0
B073HLRRTM	0
B01D0N7UII	0
B07YNYHGQH	0
B01MF4PD11	0
B07RPT27D7	0
B00HTQYBNU	0
B00W9TQTYQ	0
B0B4RZ2PBC	0
B01E6MYAOO	0
B08SW65C7W	0
B01LWDFDBU	0
B008S993US	0
B0967CP9J3	0
B0848TJWV5	0
B01LNXB9OI	0
B0159WT77U	0
B00CTGUK5I	0
B01C3DJ71E	0
B00ZFOEJ5I	0
B00RCYMR6W	0
B00IMH9IQA	0
B01AWZCK64	3
B01DZ53KNA	0
B07DB133VQ	0
B017PQDMVK	0
B08LNWM3KQ	0
B073VSFKKZ	0
B0149GUHC6	0
B0C1TWVRDS	43
B073F7CSZM	0
B00SN8QB5E	0
B0097K31RS	0
B093PV99YN	0
B081WQJ1Q7	0
B07H77W6G4	0
B07QZ474L2	0
B00FJC11ZM	0
B076JRLLHG	0
B00U282WGA	0
B004GHNTQU	0
B07K82BL4Y	0
B0BVVGNDZ4	5
B09PYC9KTT	0
B06XXGXJGS	0
B004UOE21U	0
B092Z8DN96	0
B08B3HQRVM	0
B00VMUOYOK	0
B000QW6LPK	0
B00TDJPMGQ	0
B099WM6YVT	0
B07BSF368B	0
B08MHCZL2J	0
B077WF47F2	0
B09CKRKLFN	4
B07BH5NKJZ	0
B01L2TGHEA	0
B07MDBMXZQ	0
B08DHL5CQ6	2
B01549MY7S	0
B097SYQGSD	1
B07SFKCSR2	0
B01NB1QT7H	0
B06ZYJ77LT	0
B0088QMUQK	0
B00BIP8IKA	0
B074W4BVPR	0
B00L62EYGW	0
B08R9GYCVS	0
B01N4MGMYD	0
B012SBPGZ2	0
B008Y12XMA	0
B07D9JP28D	0
B08V33548Y	1
B07DB9Q96H	0
B082NP2T2V	1
B07Q28HZR6	0
B07GLG9JHW	0
B07LGB9G54	0
B0714MVRLH	0
B002T1G72S	0
B078SXS7GF	0
B0C1ND449K	2
B07THHYX7Y	0
B01N9T3OIG	0
B091295VTS	0
B01N2KIFZ8	0
B07CL2K5F8	0
B0743MLWZV	0
B000NDKTJQ	0
B01MZ82NYP	0
B07S8GHZRF	0
B083DG5YDG	0
B003UQ1CQC	0
B07V4YJ9BZ	1
B0B7MLXMMT	12
B00OB5M4CM	0
B08SS3KDNN	0
B07QXX7YLN	0
B06Y62M2ZD	0
B010V5EOXC	0
B01DTOV2H8	0
B07F4LRFXL	0
B07FDLMDNX	0
B000J2ACNO	0
B01BKCE25K	0
B01L7L2HI8	0
B07XMG1Q71	1
B0064J7R8E	0
B08WTK16R6	0
B089DXH39C	0
B00ZWLN23E	0
B00NGYPOP8	0
B08C47BL1G	0
B002DHBPIO	0
B073DKYLY6	0
B01H1SDV2C	0
B01G0PFNK0	0
B08GLTY414	0
B00K1BCO0W	0
B07BNRYHBB	0
B010EIBKB0	0
B01FNQV8G0	0
B09JC2VFPF	0
B08N5SJZ1H	56
B087CVWBWP	4
B01MAZ0ZVP	0
B081RGJY4D	1
B082XV7WPC	0
B005I6PTP2	0
B094Q1XYGC	0
B005MEKVUS	0
B07FF7LVGF	0
B08BC9JTVX	0
B07DH3JJC8	0
B0C3S19FMB	12
B0164P14QI	0
B08J7K5V9R	0
B00C4UQ1Q6	0
B076ZBFTSC	0
B018J12H3Y	0
B003XKVIYQ	0
B072FQLX5L	0
B07W4YD7YH	0
B072BPMD4F	0
B06XRJKTZ3	0
B00F1JO8TY	0
B076C65LNN	0
B07BBS8J6P	0
B0002M13Q6	0
B07D9KBNXX	0
B07PN6MGRS	0
B00L4QBK1C	0
B08CVD9YMF	0
B00XC1551S	0
B004M17O5C	0
B01CJ2LU3M	0
B00WDVPJIC	0
B013U6G2WU	1
B0758CCLHX	0
B08HZ1RWKD	0
B07GH9167V	0
B00HGRGWMU	0
B005TKILB6	1
B01LKEJTUQ	0
B003OAQFSE	0
B07RRPT8XM	0
B08RDJ1RXQ	0
B086RF8R7S	0
B08VL6F54R	0
B084QFWP9R	0
B07C17315F	0
B01JC0VQQ0	0
B09FK4GR52	0
B0746GJPG1	0
B08K75MK5K	0
B08M5L6FH3	0
B00UFXWCJ4	0
B082TR716C	0
B07PR8GZS5	1
B07QDZSRW6	1
B0BKFTK63M	1
B09D9GDYYK	1
B003DIVLSG	0
B003CN6D0I	0
B08JXBK3RQ	0
B00D4EL08A	0
B079YCXKYF	0
B08N6KSWC5	1
B00R79398W	0
B0B4D545SB	0
B00BM4IEH4	0
B08TBGWX4M	1
B07P3H2ND2	0
B01HHJS77Y	0
B007RNPOWW	0
B0B46PZWHZ	0
B07R8D3YZM	0
B00PKPMRJ2	0
B07ZTB3TCB	0
B07XRDRHRL	0
B01C5ET1SK	0
B003R4ZBUK	0
B0BLN9X5RP	0
B0088MVCK4	0
B004LYVFFA	0
B08M18RFFQ	0
B002KV0I2C	0
B081V5SH73	0
B0811RB22H	0
B01HHCN424	0
B08JTTZ4D8	0
B07CRL9MVR	0
B01KVGVXFI	0
B076QKQT15	0
B09RW1J2GP	3
B015MVE818	0
B09943N1V8	0
B07DY6ZKLZ	0
B06WGQD1WM	0
B08N69JXQB	0
B00B3F9IEK	0
B08LZ59H82	0
B07CCWBVJB	0
B00KNQXEXQ	0
B07J9YB8NP	0
B006XNL426	0
B00P5S4HLA	0
B00VKVBOE4	0
B0752XJX83	0
B07Z3GH2VF	0
B015WYUJYU	0
B017Q168RE	0
B0919GHK22	0
B07F29YL61	0
B01AAD8YTU	0
B00RCYRMW6	0
B07HCBX128	0
B089KD4FKF	0
B075FP9RF6	0
B09YYHNQ23	1
B07MPNX4P4	0
B089ZTDBS3	0
B07X48JFV1	0
B002OC9HCE	0
B07R6XGK4L	0
B00VP2T8FA	0
B08CMWRWW3	0
B00U9PQP1Y	0
B07H7ZGRK1	0
B07X86BGYV	0
B00TT33CTA	0
B07WZDN4PH	0
B07L2D6464	0
B00Z0DSBDU	0
B01JOU6KMS	0
B089CW6P4Q	0
B078YK1J8V	0
B011JA5NP6	0
B01KHQVUQO	0
B001P3P7X6	0
B01FZ2IUWM	0
B07KZNW11C	0
B095JWCNG6	0
B0824LXBVJ	0
B07GQLYDQ1	0
B014FD4WU6	0
B0B5G7BVQS	0
B00HMBN5XO	0
B08DCR7L5Y	0
B071RSXYSQ	0
B009F1792M	0
B06Y4CZW3D	0
B09GKRTWD1	1
B0875M1TPR	3
B004D7NMHY	0
B018LU45JW	0
B008501TUM	0
B00FXBNJS6	0
B07K24J6MC	0
B01EV95R2G	0
B07VZKDL6F	0
B07W47N5ZH	0
B098JVDSCF	0
B01LVXT4B5	0
B0744GGS6Y	1
B097F2JXYB	0
B00GUWH2JE	0
B07FPT1RQ2	0
B07PK8PHMK	0
B08PNT266Z	0
B00482ZPH4	0
B005OD9FU4	0
B078MKQX9C	0
B01IDT8ACY	0
B07MJ51914	0
B0894MZ9JS	0
B08LR9S8S2	0
B072MRSGCQ	0
B0BVHDCHRX	1
B01MRSL5YT	0
B00XLEAED0	0
B005NS04SM	0
B00BXF5EK2	0
B0BKB2R4M3	1
B01443FXNM	0
B005QIC1TO	0
B0BFM18QS8	2
B008PXWEH6	0
B077SC7Y1B	0
B07DW4S861	0
B0824K3RBJ	0
B005QL3O60	0
B08YWTQTXX	0
B0092KICEA	0
B073W7TBWT	0
B075QX8KJK	0
B07L941ZDM	0
B0899GKNQQ	0
B07YKCL6XT	0
B087Q7GF2F	0
B09MSKVKHX	0
B0BBXTJ5CC	1
B010WFUUXO	0
B07RZ558Z5	0
B000MUY8YW	0
B09QPMFDY3	0
B09M87PRJK	7
B00MFG17IQ	0
B01J4Q0QT0	0
B09Z7Q8KRD	0
B075QVM9ZH	0
B079J7N4PB	0
B09WDGKBY7	0
B08JLQWNM8	0
B07YQFSX66	0
B00PSFIZWW	0
B0C8LB7821	0
B07VZMCDCR	0
B00ZYIEY0U	0
B08TBDJBCG	0
B00MG77O3Q	0
B00F2GA4M6	0
B077NS1DK2	0
B00LCUP4LC	0
B06XSLS8GP	0
B01MRK8O31	0
B08BR5WYY6	0
B00U1XGLZY	0
B014KPGIG0	0
B013XFCJVQ	0
B07CM7TFPP	0
B00O2HZ5LQ	0
B07YM5DXKF	0
B07MPC3PBW	0
B0B5Z92Y2L	0
B076GHJG8P	0
B004ML7PTW	0
B078ZL8L4B	0
B01C7TBWWG	0
B000UUBSQU	0
B07WMTQRZV	0
B096XLCK7S	0
B006R51X62	0
B006H31VQG	0
B07KFTKQJH	0
B01LMZ9GCO	0
B07MQRC8G9	0
B08NP8XCQ6	0
B0025VC316	0
B08HGQQMP1	0
B08HQC57W8	0
B09W9BT1NG	1
B00UYOMAVY	0
B019OWX06U	0
B0B319PBVF	0
B08DTPYFC8	0
B09FTFX4GL	0
B00XNR2NT8	0
B01F5YXXT0	0
B008RM5LZM	0
B00X4IEVPA	3
B076MHF53W	0
B09471F3BG	15
B00ESZCZWO	0
B07DVC8HJR	0
B0BJ1NJM7Y	1
B08CB3GVDN	0
B00MV2HC42	0
B09CG9JDP4	0
B07QTPM2S8	16
B086131LRF	0
B08JRVDLY4	0
B000N2DBZQ	0
B07H91SX3J	1
B00JJG5Q1E	0
B07L5M7GM9	0
B00Z5HJ82O	0
B06Y2R5LZX	0
B01H0KXV08	0
B07YXZLX3H	0
B0013O7MR6	0
B01A4NVENO	0
B00GIGHWY2	0
B095J2HZ35	0
B07ZK16ZG4	0
B07D3BCL71	0
B074R7Q81J	0
B07VTL2779	0
B07WT9HFMT	0
B015DL32OQ	0
B09MZYZLP6	0
B01MAY8531	0
B073K8N7YS	0
B07RKJBWSQ	0
B001JAH7LU	0
B0948HF7BG	0
B01BLYDSFW	0
B07XFZQZ2L	0
B01GJ0LYCM	0
B01C3VV4FI	0
B01FEBYLNQ	0
B07T3DYNK1	0
B07L95J954	0
B0BPM771GG	1
B06XZ9ZZ6L	0
B07T4JQD9V	0
B07BYK9M13	0
B077YDGG9H	0
B01HQQDGBA	0
B07BH3WDJ2	0
B008XTWB48	0
B00FF2VZEI	0
B0871HW2X3	0
B00ZDUGM4A	0
B00UYVXPZW	0
B07WFK8FQF	0
B08MW27N8Z	0
B07C2VVXSZ	0
B0725R1DTR	0
B01MT38MK4	0
B072BK5BW5	0
B073SLDGDL	1
B01A7RFQMM	0
B00106DYZQ	0
B06XWD1TCV	0
B01A162LEK	0
B013EK236G	0
B091BQP5RY	0
B07FN4HJCT	0
B09535Y4SG	0
B016XCKM06	0
B09CCX7497	1
B012A0LRNG	0
B0B5F3NPN7	8
B07N2T6799	0
B00IMRIKDM	0
B0100PM2BY	0
B007FNDVL0	0
B07DT93HKL	0
B00946TDEA	0
B007PKD6JA	0
B01B58OHD6	0
B00LIL4LJ6	0
B0C6KF11GL	6
B00I0EOWC0	0
B00QT8LUOM	0
B01IBT8K80	0
B09B2DC83Z	1
B09BPVLP5W	0
B08CC3CM64	0
B07DN9WNCL	0
B01CJE28G8	0
B08BY9NWRZ	0
B00NARSWMS	0
B07QWR7CF6	0
B00BS9M2DK	0
B09PB8WQRQ	1
B09NB3VXJC	0
B07BN4RZ9N	0
B015MEWZUG	0
B09P5NFVTX	0
B0B71DX5BD	1
B0B6CD2C4C	1
B09N9JBNMC	1
B015QLZ6JC	0
B08TC2R14G	0
B09C587BHV	1
B00EAH21AG	0
B09GJD4Q44	1
B00T6N9Q4I	1
B06XDHZNYS	0
B075H2S3MH	0
B011UFM05G	0
B07M9STRX8	0
B00Z20QUV6	0
B009PTWFA0	0
B07F78MN24	0
B002MRRL7E	0
B07TWZ4YXC	0
B00QHCWZS0	0
B001U88SDM	0
B08R7WN71X	1
B01B1KFQDS	0
B07V462M8T	0
B008A7R97W	0
B08FC8QQC2	0
B08DKXW5J3	0
B076PQ6FCM	0
B00MHKI5EO	0
B0BVBHCY1K	1
B007A7KMU4	0
B09824M675	0
B01IAFC8WY	0
B00NMUIUB6	0
B009UJRB3Q	0
B081YHFJ6D	0
B08HRT3LM2	0
B088X1YRC9	0
B07DB9T673	0
B01N1939S1	0
B08GYM3TYC	0
B073BV7R19	0
B01N5VLNWY	0
B08MV2Y8BV	0
B07RNGGJPM	0
B0B7JTM76J	0
B08KQDN4MH	0
B07JKZMYQW	0
B08VRSX8H3	1
B00K32EE0C	0
B00KH9M97G	0
B08YR5M6C4	0
B004J34A5K	0
B08BLKPKJD	0
B01FHOZJ72	0
B098LYR7FK	0
B0924FHHGX	1
B072BKNBZ9	0
B075736V8T	0
B0722XQ6T6	1
B0058GADLM	0
B08Q5H7B3K	0
B00LK1PVD4	0
B06XH5W1GT	0
B076M48KKT	0
B00QTNUHFK	0
B08SLQL6RR	0
B07TXC91D8	0
B08CWLSTRZ	0
B01N2VJR8G	0
B01KCPKHSM	0
B00X1TY8CI	0
B074Z722QJ	0
B00AOJNNQU	0
B07JYNMD3P	0
B01472DBWU	0
B00HLW3UZW	0
B07J4R3BKC	0
B01MSTTOPH	0
B09KKTSCH2	0
B00ARXU2RQ	0
B0BX5Q1MHZ	1
B08GM91RQC	0
B0894QLSZR	0
B00RORQFYW	0
B0C2614YHL	2
B08T1ZGJKB	0
B0B24NZXFK	0
B0793JDTCF	0
B00GMA8WQG	0
B08YD7G1VK	0
B007F9GTTA	0
B0168YLNY8	0
B07MCM1G82	0
B07HKXRHR8	0
B00DZFW5AA	0
B07MRKC9PR	0
B010ACD2TS	0
B00HUEHPV6	0
B09KXW6RY5	0
B07TCWF1Z2	0
B0BLSL1L9X	2
B07GT43CNT	0
B07TT9FB84	0
B08V8FTHQL	0
B08LPW28HV	0
B08Y5LJLJM	0
B0759ZH76P	0
B07PH3TG79	0
B0BC8S8RDD	1
B079XZXQH8	1
B00O4UPQQ0	0
B001FWUOIU	0
B00DGF8RP6	0
B005JSDQUE	1
B07QQBNM14	0
B07NZQXTRF	0
B003IW50N4	0
B0716FH1HF	0
B0731ZNG6Z	0
B0B2JPRDMG	3
B07Q7249YV	0
B07N81KC78	0
B00P7D21PM	0
B001J6OJR4	0
B07FYL3R2R	1
B00BPTHW4W	0
B07P42PNVW	0
B00TGB9YF6	0
B01AHSEDXE	0
B075QCDDY8	0
B0BL6VP288	2
B07MJ43FVT	0
B01M3Q5DIZ	0
B0BJFJ5MWB	1
B01G5CFBNM	0
B07DR4CHN7	0
B07VT5FF82	0
B07F71TSXD	0
B08R3LKQZ3	0
B002VPEE04	0
B08K8DVBNM	0
B08CKBLRZT	0
B07HMTL5SS	0
B0009GI3CM	0
B07FD5GKD2	0
B005H6Y3KA	0
B093SJH3J7	0
B06ZZ884G5	0
B076DXWCSY	0
B0B458MD3X	64
B00MHZHVZ8	0
B07XCLYFRZ	1
B075DDTBYB	0
B07H3FP3R5	0
B07H5NG3F5	0
B09WJ1BNK2	1
B07LC2V7R6	0
B07MX4X1X8	0
B013SM1IPC	0
B07XRCKNNB	0
B07XQTWCGB	0
B00MG8QPTY	0
B077T4ML8N	0
B07HJRJ1JS	0
B01L0O7WSM	0
B0116NVPM6	0
B0883DFV46	0
B0054TJOP4	0
B08T5LFHC5	0
B07XGQC62H	0
B0146Q9IN8	0
B0B2S1D5WY	0
B07PQS76MV	0
B08T6ZD987	0
B073JBXBH4	0
B07KD1GX79	0
B00B2YV4BW	0
B07D7Q25N6	0
B001AP5AFY	0
B07Q9GB488	0
B011O9MTBS	0
B001UE70D0	7
B06XFCBJFY	0
B007VQLEVA	0
B0B7JDQN2B	1
B093X4QSN7	0
B07D41MVQT	0
B07MDDYTDH	0
B08R6FC8KQ	0
B07KCJNLD8	0
B09BJRN72Y	0
B01L3J9Z4I	0
B00O7BAQZW	0
B0038JU38Y	0
B06XWYBJD7	0
B00A0GFXTC	0
B07CNVZ8N2	0
B00336G8NQ	0
B00BJALRE8	0
B076DKB6PL	0
B00A6DRRHA	0
B07HWS52L1	0
B073J43NJC	0
B07JH11FJX	0
B00ED7M1AI	0
B01BMUA484	0
B0BM4JDVYC	3
B01ARG7HCU	0
B006FZ9LQ8	0
B07N5MRK2F	0
B0101A5WVA	0
B082P185F4	0
B01BHUX9RC	0
B000BYCKD0	0
B075YDLHCJ	0
B0CBCP1LSH	0
B09NY4B339	3
B08QJDLY6Q	0
B0BNVK4PBQ	0
B0B4WB8YXW	1
B01J8UGSH6	0
B017HY4YAI	0
B006BU0XHI	0
B074HKMW43	0
B0C2YQ74TW	1
B07QJWMCL8	0
B09VDZ2JTX	1
B08LN78DJ6	0
B084215YDN	0
B00CSK0VSQ	0
B0BHXJX6PV	1
B000X5WSPW	0
B093BVDGSK	1
B07TVNFDBB	0
B07S1L953X	0
B010RJD42O	0
B07CHGDLXN	0
B00V5O3PYS	0
B00Z9EECV0	0
B081819G93	0
B013BXW6VI	0
B09XBHT46L	1
B0098Y9L6S	0
B087CCZGZ8	1
B07PBV3MCK	0
B07314DZZW	0
B00HBXKR7K	0
B088PGN5LM	0
B07QHZP1YJ	0
B08RJ7GXNK	0
B000YB507S	0
B00FBCGH4U	0
B0117LYP1U	0
B08G4N9F9L	0
B08LR7F5LM	0
B00XCSTEHC	0
B0108NUK0S	0
B003E7LMU8	0
B0BNQZS6YG	0
B07C7D4CZ4	0
B01E7WLYY2	0
B07MKQFKV9	0
B07V6GQX7V	0
B010N4FO58	0
B000J5CHXE	0
B00NQAJ18I	0
B07B65S4YZ	0
B07V6RQC7Y	0
B005CSOYDO	0
B07J62H51N	0
B086W1NR71	0
B07SDCW5Q4	0
B07PLZ3JDN	0
B07YBQWY4R	0
B08CF32GZX	0
B07B8BFFCL	0
B07CWK6KFK	0
B08XZH4TMC	9
B08GN5GTPG	5
B07746TGSX	0
B07XBT88B1	2
B07YTSVDLK	0
B019YKKYSE	0
B071KTPPZV	0
B094ZHF7BD	0
B074CF8SP3	0
B07L16BJBX	0
B07W4W6QNM	0
B002HJ64PC	0
B004FED0Y0	0
B07D49G1PT	0
B07TS5Q2G6	0
B09NM78ZC2	0
B079YMKHCX	0
B01F0IWVTE	0
B08J61QG71	0
B092QJNSX5	1
B087M1QFGS	0
B010N9D6M6	0
B0BC7QJR6T	1
B00BLQK83Q	0
B00U1PDPA6	0
B00AO32JTS	0
B07HML6XQX	0
B08NJ9FLX5	0
B07PSK4WWQ	0
B07Q2M3N93	0
B082BWPFWB	0
B07VXXFKKC	0
B00UCKGX6S	0
B0BZZL9XJQ	0
B00H3ZGQU8	0
B005NGW7RK	0
B072MK1VPH	0
B00SZ1UQIM	0
B01HGHPJFU	0
B007JMVO16	0
B0BCL6WT2B	2
B082P6P23H	0
B09JCP2RDQ	3
B07JG11FKQ	0
B008KLG2P8	0
B07VNL2XLS	0
B01N1528BL	0
B076Q4XC5W	0
B01MFXP5MP	0
B009OWN5T8	0
B002Z3EZRY	0
B0748JCM4K	0
B00MN92SYC	0
B09X45NGCS	2
B075CNSJJ5	0
B071G3M2NN	0
B08G1C4MN3	0
B0175Z0GJC	0
B07NJP8GYH	0
B07LDN7YY5	0
B01807Q9RC	0
B09ZVLBSLF	1
B0083F6WVA	0
B07XPF3JKZ	4
B07KMCRR28	0
B08HRWJBSG	2
B006WQEP0C	0
B07KD75FLZ	5
B08Z754ZNL	0
B00CPKG156	0
B00E5IWBWI	0
B0721LGLMJ	0
B08B8T9BMS	5
B0993R5LG5	3
B07WPBGKJP	0
B085KYNH77	0
B07XC73BK3	0
B0CD4XZ4WC	0
B00GN7UOM8	0
B07BSLVVD8	0
B07R5D462C	17
B01G5NVDKG	0
B00G22SEIA	0
B006K30VBY	0
B09B5S86W4	0
B06WV9MY2T	0
B07BNHRLDW	0
B07VLPHHCD	0
B006PHE56C	0
B07LGLD2KH	0
B084ZSPZ9Q	0
B0045KAXS0	0
B07WT1F1DF	0
B084P55J89	0
B00A1C958K	0
B0B6DYJKN5	0
B00B5I0PB0	0
B072MJ243F	0
B0C4814ZY8	0
B00IRJDFG2	0
B002RBY07E	0
B00JPT3BTO	0
B00VSAQVRW	0
B08L7CQSJ3	0
B091YWTJ8W	0
B07DFDF91J	0
B093329RL8	0
B08HHVL7VL	0
B06VSPFNST	0
B07GQXC8L5	0
B07VCR89TS	0
B00R40TA3C	0
B07C3RSKPT	0
B08G81979T	3
B0059ESKG8	0
B07BGHTB4Y	0
B09Z61PQS6	1
B07K8MZX2Z	0
B08SBSJM1F	0
B01HTYWQPQ	0
B01MZD101U	0
B00HNDD9AK	0
B08WJ4D41Q	0
B00K2DX5KW	0
B00TSONN7Q	0
B01B5QQXYY	0
B08XGD6NYN	0
B08BWPHQKD	0
B07XPN9RGM	0
B077CTFJ43	0
B00BZUT8DE	0
B00LIUVQKO	0
B0155NCZHM	0
B009FV9WEA	0
B07SW9GYN6	0
B07QQQK84S	0
B07BBLKVGM	0
B013UAOJ7Q	0
B09263SC1G	0
B00O9OA01W	16
B08M3S1KS5	0
B00B2G6CJE	0
B07V4X2XDH	0
B07D56QSN9	0
B07XT3PRBL	0
B09Y558QBQ	0
B07R5Z8NGZ	0
B0C4G54M7S	1
B01BFLH2JO	0
B07P5PWPKP	0
B09DG65QTS	0
B01IDFLT9O	0
B00GYZMKE4	0
B07WKDW9P6	0
B000MD6TTG	0
B07K48MLLQ	0
B00J9CT858	0
B08R19TMMV	0
B0074938GS	0
B0797CVHLQ	0
B0074COFA8	0
B07KY4PL96	0
B00HNDDAF4	0
B087BWRBBS	16
B01BTGPMYM	0
B01IW5TXYI	0
B00XIX9BZ6	0
B097QQQJRV	2
B01FSH94GK	0
B07YR6HQ8R	0
B09QYG95BH	1
B076F4HYPJ	0
B07465K7LC	0
B00CXLLWEM	0
B08CGFJH14	0
B07Y8QZPV5	0
B0B7X4XRWP	0
B01MCYUVBQ	0
B0C34144HF	1
B00MGS92JY	0
B00KTZTXW2	0
B00FLTUT8S	0
B07HF5VV46	0
B004CLYJNW	0
B00YPUIV8E	0
B001W8QFA8	0
B086ZMJ8JV	0
B08HRH3GZX	0
B0876MVXLR	0
B07Z44Q2LK	0
B01E3IN5X8	0
B08YDM7J34	0
B00S1HKDC4	0
B00MAOS614	0
B07G7SLFTP	0
B07WJ29TM1	0
B08CVV33GS	0
B071WS18L7	0
B07JDSYK4G	0
B01B4Q372G	0
B01N7KLQ9U	0
B08FFTK17T	0
B019I0WQ86	0
B086TZW76K	0
B07BT24K1D	0
B013YRRFJ4	9
B01HIN5EFM	0
B07RWDPWG9	0
B084Z5MS48	0
B0195CUVJS	0
B0BKL52G53	0
B00EPQT5D8	0
B07NF8MMS7	0
B09CDC14HG	3
B01AEDB1BY	0
B07PQK7WC4	0
B0055OAXSU	0
B0B7F768MZ	0
B07HQ6VGSJ	0
B08JLX16J7	0
B08R8P5GLX	0
B01LY3A43K	0
B01549EVOW	0
B0957LZPJF	0
B00B4XLA6K	0
B08ZSC6KJ8	0
B07ZRWYN1W	0
B00YP2U5AE	0
B07N6RBPMF	0
B0BGBM979S	1
B0006ZR4J4	0
B07DNCSZMV	0
B096ZQVRH4	0
B0BCZPNW8W	2
B0049IASSS	0
B06XK2ZTGR	0
B09H9R8XD5	1
B0155EFUUK	0
B0719SVJL4	0
B0148H9LAA	0
B08X2P1MRZ	0
B00XIIZ94S	0
B07HP8Y3NQ	0
B081GPLMCB	0
B00Z4YM3D4	0
B07SY7QCKS	0
B086BCFJN1	0
B07YB2CWJ5	0
B00BECKZC6	0
B017AHMVX4	0
B078SZ9WSW	0
B07MF9C82N	0
B01MTNGX5F	0
B00R408TD4	0
B074KF8DXS	0
B07S4B1TPV	0
B07VPK77DX	0
B089D7PGXS	0
B01N5H90XJ	0
B08MWFGDYX	0
B010NFNTF4	0
B083YNF48L	0
B06XK73TN8	0
B07MYZ5R9M	0
B016R5Z75Y	0
B098NK2CLR	0
B004O2G0CW	0
B074392MWN	0
B00Z69PA6O	0
B004EF9UZS	0
B07R8ZKJ4P	0
B096S7MDMG	0
B0097XAZLA	0
B07Y1VY1D1	0
B01LEFCDL8	1
B019D9S6SQ	0
B0083C4QTI	0
B012QWBK58	0
B09VSXHYX3	1
B08TY6P6WX	0
B075QRJHJN	0
B085LYRJK2	0
B005KPETDY	0
B08C4Z4XBJ	0
B00YBBNX2G	0
B008XHQTK2	0
B077K896TB	0
B002HOQ0N8	0
B000X1HNQU	1
B01ELBMUM4	0
B01NBF7O73	0
B000WBH2LC	0
B08DFVFZSP	0
B0168TJMSW	0
B08JLBWBF8	0
B07NQQ8YYL	0
B06XB8FDRT	0
B079P9HYSR	0
B09LS5BQ7D	0
B003T9PTXM	0
B002VLYEB2	0
B08YCYWYFS	0
B00RL7NS5E	0
B072M4K5LF	7
B07CMFNBVX	0
B01H7BX8W6	0
B0052BCMBC	0
B01MTMO516	0
B01N5W3Z0C	0
B0797D3GPG	0
B095X95CMR	1
B08VXJ2C3W	0
B08Z83QL62	1
B01LZGADCM	0
B0BKL37Y6J	0
B08L4GW69F	0
B075WZ1CKJ	0
B01LW8ZRRA	0
B00DRANMUU	0
B00M9A6ZM6	0
B0B6V28865	1
B07Z5DV627	0
B093T7JBFV	0
B005EIJP04	0
B08RBR47RC	0
B07BPXBWBZ	0
B07XF34P9P	0
B00DWGFPM2	0
B00B7GFA38	0
B07BLHNNNT	0
B0796QS3D9	0
B07FWPWXDR	0
B082QVXS5Y	0
B01M728GGI	0
B08LVHRQJC	0
B006ZKD9WK	0
B09FKTNCJQ	0
B09Z31F3PD	0
B0BHJ5WN4D	1
B079Y8S1P9	0
B08C6SH4GQ	0
B016JWAR64	0
B00CMT1FZ6	0
B088R9HSF9	7
B07NBTTXXS	0
B00X5F9KHQ	0
B00RMMSQGO	0
B082PKZ7DP	1
B07W9J8RFL	0
B07BCGRRQQ	0
B07QPT8V7H	0
B08GCF8QRT	0
B00BQ75YJS	0
B01EZ22H7M	0
B00XHN7BLI	0
B08FBW62T5	0
B01ALRTC6O	0
B005LVLY76	0
B00Z6FGMZ6	0
B08F55QFWX	0
B07V8RZ7ZC	0
B08XQ7LD62	0
B093FH8LNJ	0
B07MBHY9NJ	0
B005XJTE5K	0
B097XSNQQN	0
B09KS84Y7S	0
B07X53FHQ6	0
B07WG9WZJP	0
B09TG134J3	0
B005D7XGWY	0
B00JR4VRCU	0
B07LF94F7G	0
B09W5BQS9D	0
B00AU3HEYW	0
B08M3RFBWY	0
B01KG9XPBA	0
B000Q8UZTM	0
B07TN23HZT	0
B01M1LG3YC	0
B08MQD461Y	0
B07L5RJF77	0
B08RCGS5HW	0
B07NHJ33B9	0
B019HDPPSM	0
B08KWQR9YN	1
B00Z1WWNQG	0
B01772YSVU	0
B0934WPG9J	33
B08Z8JCN7W	1
B008GVO1TG	0
B086PQKR5K	0
B09NC92ZY7	1
B074NJT3V6	0
B00MBMBXYW	0
B081RGTQD5	0
B0953BX2J8	0
B00ATOQPOW	0
B0751W48TZ	0
B01HSLHZHE	0
B00BO6URHU	0
B01N6JS8C5	0
B07SXQLDTD	0
B08XLVD8NP	0
B07GCCTN9K	0
B088GVS7XW	0
B019DR15CM	0
B079KKFL7K	0
B07B5G9C1B	0
B083NLB59K	0
B015Q1RFIW	0
B0993NJRLT	0
B004URS1LY	0
B07Y8TTXX8	0
B01CGUCV6C	0
B085GJTN49	0
B00DF9CQVO	0
B003LY4I6E	0
B010MR51FE	0
B00KOLFNQ6	0
B0B17NB93Y	1
B013HUP108	0
B019YDVSRC	0
B07GDTGWX1	0
B016WWTW4Y	0
B06XJ53PYR	0
B013FJ68VM	0
B07FSW9X4C	0
B07XBJDZMK	0
B08Y6LXT3H	1
B01KVT25A2	0
B00I3ZXRZ4	0
B00ZZG12IS	0
B00XRDOPW6	0
B07TLD57Q1	1
B07MQ2SQR1	0
B077GPKTSP	0
B06XQSCZ7Z	0
B007SM1S2W	0
B01K6ECKZM	0
B00XHQI90M	0
B00S8JNJ9O	0
B08GC13LC7	0
B0009J8BU8	0
B001AYCS6E	0
B09Y36HS8P	1
B07TKC47W3	0
B00AWJ41GI	0
B09VXLDG84	1
B08L6D6P67	0
B07T9DMR21	0
B08B7VS9Z2	0
B00MH6XKZ2	0
B07D1M9HR8	0
B004CT3DYK	0
B07HMSDL4Q	0
B01IAAHGBW	0
B079KWGQJ8	0
B09CM49QDV	0
B074H7DK82	0
B07DNVR5PP	0
B07L8CYCJG	0
B00YHSXWWO	0
B00AFL1IN2	0
B003DXA2V8	0
B07XC9CGZQ	0
B07YQ79J1W	0
B00BPX6WJ4	0
B015Y94THG	0
B071KBW65R	0
B09CLMNLLS	0
B088876LP6	8
B01GJFVMT2	0
B0768CLQ4W	0
B07H859QSK	0
B07KMG9ZQZ	0
B01KX2DWYU	0
B081F67V4V	0
B07BPBR7ZS	0
B07RGJDCFX	0
B07C894V1D	0
B073T58LGN	0
B07L89YRT8	0
B074XS11Z4	0
B077GQW532	0
B08RDTN7QH	0
B003YL323O	0
B01I33SAEI	0
B0787DL7GK	0
B01BTL8CS0	0
B07MQ3DXSW	0
B08NW9SK1L	0
B07DNZM4JX	0
B07L5CT1HS	0
B08KRFV46Q	0
B009GG5JPK	0
B07DC2VP7W	0
B07F3FRGB5	0
B07D2P6Q7T	0
B079P782VQ	1
B09FP484HR	0
B071DPT411	0
B07X53M4L4	0
B01MT5WXB2	0
B07SHNR89G	0
B00D2ZTR4A	0
B00LVYTQ9K	0
B08HZ1JJBY	0
B0BFZWZM57	2
B003AZYITG	0
B01HZ0LF42	0
B07DHJBLLL	0
B08JPV5NWY	0
B073P3GD7G	0
B00TXVB0BA	0
B071S77MXQ	0
B009VPN7GY	0
B07RY93CLN	0
B09RWNZBFK	0
B08231D4N7	0
B09FYWDYMR	0
B07CPMQ5CB	0
B00JS8DUKC	0
B09PYGV9R9	0
B00K4V7FK8	0
B07GKQGH3C	0
B00GSDAZH6	0
B00PCR5RWC	0
B0841JZQKM	0
B01HI55G7G	0
B01GEH4WTM	0
B094MMY317	0
B083LSHH3T	0
B088NDF7X5	0
B072PVQ53X	0
B00H4B83Y8	0
B07BB45NC4	0
B07JM1GV8X	0
B07Z4R7L9H	0
B006C9E6EY	0
B000R9DEPM	0
B076DD53V2	0
B08YJK2Q8C	0
B09FPPKNLK	13
B071LNSP2G	0
B01II4PS1A	0
B01637ZH6U	0
B07H61H9BY	0
B08ZSL1S7F	1
B01F6IJ1H8	0
B07BBL6P6M	0
B00B637GMK	0
B089GP4C3D	0
B01LDV95FU	0
B00JLRQA0C	0
B07632HMWF	0
B014WBBZSS	0
B08FJ6XC4C	0
B00L856FVE	0
B003B3OUBS	0
B001ULDSDE	0
B000B8QEO2	0
B09G8B9YSY	0
B0149CTUO6	0
B07BMDDFXM	0
B07J356G21	0
B07Z4S5BJS	0
B00N3IKGX2	0
B07L6JKSPD	0
B08SQRKPBB	0
B08P4DLWGG	1
B07S3Q6V86	0
B06XWM8B4J	0
B0BT5756BS	1
B0174A2OSY	0
B07ZW3MB1G	0
B07TXSZGFV	0
B01DTB92MS	0
B0061JJUQY	0
B000FBTXZ2	0
B09TGKBFCM	0
B0BNKJ3HGJ	1
B00DROSIZ0	0
B00CRVGKAO	0
B07NY43PJS	0
B07WGQY9YB	0
B07T9WNRXJ	0
B07D541W37	0
B071HDP43V	0
B07R6CR2W3	0
B01N4LFY3Q	0
B07Q2C49SX	0
B00D3LKKXK	0
B01EMY0BVW	0
B00TJ5BURE	0
B00J0834R4	0
B083VRVT6B	0
B07MT7G75W	0
B09R9WYJFM	0
B07L5DMKKG	0
B07SHW13T4	0
B0BY9GY9DS	0
B08V9576J8	0
B0BM4ZR186	9
B08GFJBFWZ	0
B08HCP1KBY	0
B085NJXT9B	1
B009QYT71O	0
B074VHW93Y	0
B098FMN9JQ	0
B07PYSFFS3	0
B01MXWDFH8	0
B07F84BRMW	0
B0010VSHDK	0
B07KTD43R1	0
B07HC39TL4	0
B00K256DW2	0
B005YDQAGQ	0
B00IE050Z8	0
B00NAUV5QU	0
B07PW34T2N	0
B095LJ53TW	1
B010S07VJE	0
B083N53MSN	0
B00KT8N5AA	0
B00P9EQQ3W	0
B0B6FZBDSM	12
B091SQVYTW	0
B09T6NW68F	4
B00116OK30	0
B0B3MPZTNV	0
B07M7XTCP1	0
B07MNSVFYP	0
B07H9577XG	0
B00IY8SDRW	0
B07536V973	0
B01EB2BFJW	0
B0029F2FU2	0
B0791MJZK5	0
B074KQ5KGG	0
B06Y3YCN3Y	0
B00MG2NRQO	0
B07X4BD93K	0
B07J5PYC7W	0
B097QG31KD	1
B07SFM89GQ	0
B07WJYVTW3	0
B07FPNMVWW	0
B0719TF43S	1
B086T5CLWZ	1
B07QKZPXV8	0
B0869KNYW2	0
B06WD5X2X3	0
B01N66BXT4	0
B07PRSG872	0
B08HS1QY7D	0
B08RBK1VM8	0
B08ZS5227T	0
B08MLC4Y4G	0
B009VDCPJ6	0
B07PPN1X4X	0
B003Y3B0C2	0
B0091X3QEE	0
B01MY56RGI	0
B01IJ6Z3RQ	0
B0048LRK3C	0
B08CMFM9XJ	0
B00EF023QK	0
B00J2WNNP6	0
B0C7RCFTTJ	1
B08GCMD4VS	0
B07KC2SLR5	0
B0B5F5N1ZN	1
B0B1H2DVH2	0
B088KB8L9Q	0
B07N32S4MR	0
B00U2YCQCO	0
B00KA4UY6Q	0
B07ZCMVJB2	0
B075FMRL2T	0
B0721DXHRP	0
B008KAB9PC	0
B01M8N8FFY	0
B00TQM91EO	0
B08CS69N26	0
B08T1Z77KP	0
B003U5YOJA	1
B092QB21NK	0
B0772S1FX3	1
B07ZRZKXN6	0
B09VD3QVXJ	1
B01BN5K9QU	0
B07F9LMGFC	0
B07B9ZPC7T	0
B00FEAQOTC	0
B0886L8RYX	3
B07JG57WYV	0
B0062B9FTS	0
B07RNFCDG7	0
B097SY7HT1	0
B00113AP0U	0
B07TFF3C28	0
B08CXW9N93	0
B08C9PP4PQ	0
B00MGW7QZW	0
B07CMP685Y	4
B07RSHB6C7	0
B013HQE40K	0
B01DL0B2Z2	0
B00M09DZIS	0
B07ZX36FVH	0
B07JQBGSC9	2
B081J57LP5	1
B00MUCMXBA	0
B07CN9JBGN	1
B08KK3YZLH	0
B00PX2QI4W	0
B07R8WCCZW	0
B00J9QEZJS	0
B01LW1QIOU	0
B08TLMLKDQ	0
B00LXD542M	0
B00MMTYQZ2	0
B07T9DFLGB	0
B0BDMJ4TDN	1
B078YRCWMH	0
B07STYRC9L	0
B007GNI43Y	0
B07PFX38GV	0
B0988X2ZBJ	1
B00AKK72RE	0
B06XX6LL7W	0
B07ZDFGXR3	0
B07MFW4C76	0
B07WG45KL1	0
B07TS2RCHQ	0
B0BJFJXB4Z	3
B092JL5BP4	1
B07PRGG5D7	0
B0056XUX9E	0
B01N039T2F	0
B00LYTD6NE	0
B09Y8XXFB5	1
B07J2Z4DYK	0
B07MZ4Y3YS	0
B07FZ41CFH	0
B09BHD1DQF	0
B09J4W7DCP	1
B00PC56QQK	0
B06XH43KL9	0
B01DT9T5RC	0
B00E0J4PJY	0
B09WMWSFDR	0
B00TSW49S0	0
B09VXNQZSW	2
B09SX4V4YK	2
B0B3GHMVW9	1
B08VJDPWPN	0
B00BTCKDJQ	0
B0163GGN0K	0
B071LTSF1B	0
B07H85ZTM9	0
B07MNKT12M	0
B082B2RTTD	0
B07XTHBT3C	0
B019YNZEMW	0
B0759K8LX5	0
B00A4CF3RY	0
B09PZW24X8	0
B07VHYM7TP	0
B00F3I8HKE	0
B07D9SL5Q2	0
B004LWZNG4	0
B07X4W1J52	0
B07T1BCWT6	0
B078B7VCN3	0
B08ZK13545	0
B07V7WJ267	0
B0BLJ9L62J	5
B07VDCPLMR	0
B013BZIMGE	0
B0748F1MWW	0
B013HAV2BU	0
B09BTMRQQG	0
B079MD55P1	0
B00AVC79PQ	0
B0160WBGGS	0
B087N9QRFS	0
B092421SLX	0
B07FFNPZQS	0
B00BNPN9FE	0
B00SJ7QZU0	0
B08GGCJKQK	0
B0058YYAT0	0
B00GSY7686	0
B09WCMPTN6	0
B07BRT9X29	1
B07XL2Z9B7	0
B01BBDJQG8	0
B07FB5GXQW	0
B08F9F527S	0
B00PU0LO5K	0
B0018B1B6C	0
B0062QDXI2	0
B073VS4XDH	0
B07PN4RPSF	0
B00NU925RY	0
B00O8H6ML2	0
B01K2LYOYO	0
B07JCGXVCW	0
B00J5ANU12	0
B0012UZY7Q	0
B0B8HVCGX7	0
B0B82MF7YZ	3
B07XCFQF4N	1
B08W1ZC2FY	0
B09L61B2Z7	0
B003U6LF4Q	0
B07PYFTG7W	0
B01EWS6OSC	0
B09PRF3PL7	0
B07BXPTJ19	0
B000B5KT96	0
B08J3WPKRT	0
B07L5P7SCR	0
B00E41SKT4	0
B0BWL4M256	5
B07W18KVS2	0
B09291VD1D	0
B003CO5A24	0
B08X1QNJX3	0
B003BT57UA	0
B07GTTW1CL	0
B01ICF4B68	0
B075YR29MP	0
B06ZYX4PD5	27
B00JDTBJ5O	0
B096BGRVYZ	0
B00N9EM8CM	0
B077QJ3MF3	0
B002PU8IZ2	0
B07FS7JNFZ	0
B00E38MTHW	0
B01LCRT1PE	0
B008292PIQ	0
B00INI13PM	0
B093GT69ZM	0
B0B17TBTJJ	5
B00O18KQME	0
B093QPFHR4	1
B004V2L9JY	0
B00AVL18QS	0
B07SK6WGBL	0
B08T6LGVM9	0
B009G8NABI	0
B006Y7JWFC	0
B00WN2T770	0
B08HQSS1VT	0
B08KGZYFMD	0
B09V8B7DSB	0
B079CVMX34	0
B00Q7JDXC0	0
B005CTBE3G	0
B079PCX21L	0
B06X9RFQJB	0
B00G1U4798	0
B0B4GHNVQP	1
B002BZN81A	0
B014Q592YE	0
B00BMPXYOG	0
B00BECYXFG	0
B0182NCDFG	0
B08BY77MBV	0
B01MA31875	0
B08KW55D2S	0
B07ZSZZH28	0
B07CCGJHST	0
B07R22Q5CX	1
B00LBYXO66	0
B07D4HTV2R	0
B00IJG3D6U	0
B01N2KJN9S	0
B09LQK6GJ3	3
B01FT6VE18	0
B013JVTCZU	0
B07T74SSRZ	0
B0B3SZB1SJ	1
B079Q5LKJV	0
B082775CRF	0
B09FLLGQZV	0
B07BV5LV6Y	0
B09QXHD7KF	0
B07HB9KXBM	0
B07CKYMXXP	0
B07MW38DXF	0
B071GMZRQQ	0
B07PGDNX5R	0
B07JG61GD4	0
B095P8283H	14
B01KZK4BIQ	0
B0B1H4NYQH	1
B01779Z6M8	0
B09MSYKGPS	2
B075RW59WK	0
B00KM4P7WU	0
B004BFJAT2	0
B07RFLGPS4	0
B012U81A62	0
B0BTMNNMSH	0
B00S5PG4MK	0
B09CLM5LPZ	0
B087TZSNR7	0
B07KR6R9FV	0
B0721RJQK2	0
B09R76HB4J	0
B0BW51MTJX	1
B08BHP5XNH	0
B0118OVKD2	0
B01H6H87AE	0
B00V7DSTOS	0
B07R7HPSNP	0
B005CTDDLC	0
B00MNSJN1Y	0
B07BKQ9DT4	0
B01NAJ6A7F	0
B00ENGRQOU	0
B00NCR0KYE	0
B003STEIJ4	3
B07WJ4GN2R	0
B07JBWRTC4	0
B07BVHY57M	0
B01F5KWS18	0
B00HA33MHS	0
B08N6HPJ6J	0
B07Q8KD36B	0
B008XM0E08	0
B08K3R1DG9	0
B0173YZH0I	0
B0BX58P2DS	1
B0824R8PNV	0
B07F7VS8VR	0
B00HNBAE4G	0
B004D80RDK	0
B00JY70BFO	0
B07CZD4BZX	0
B07N97V83B	0
B08DRFD7YP	0
B00HMZV8VQ	0
B07FDVYBBN	0
B01CGZOAJI	0
B06XTXN9NF	0
B092PQSN1S	0
B07RHJZG2S	0
B004OD9TUQ	0
B00YCYG3BU	0
B00N2A94EI	0
B08L3389VF	0
B092MLHVGV	1
B07CY6NB5M	0
B08YK76YTZ	0
B0895NYTHW	0
B0897XY8L2	0
B0058Z6JNO	0
B09B93J25N	0
B004GB141S	0
B099DPVWF9	0
B01DE69YRQ	1
B08GC1PJG5	0
B00F5CJDUG	0
B0B7J8J9QW	1
B08CB4HP28	0
B0BZRNQW99	6
B00NGJK9DU	0
B071XQ6QSM	0
B073K1GGNK	0
B007JS7Q9E	0
B07N3MJYZT	0
B01N683YET	0
B09M3PVLPR	1
B071J8RXW2	0
B01AATZJA6	0
B00ZLN55I8	0
B08J47KN34	0
B007U7WN6U	0
B00P8J8OHE	0
B07CSMLV6J	0
B01M62HPKG	0
B01EIT5FXU	0
B000XRF5BO	0
B08RRVSH4C	1
B079QH2D1B	0
B07RGWNCZ9	0
B01N6571N6	0
B093Q2VDXY	0
B003NVKKYE	0
B00EKRTQ9A	0
B0716K6WFS	0
B0843GCBKL	0
B01C00PL8S	0
B009DLKT7Q	0
B07T554XXT	0
B0773QC47N	0
B085VKK7GG	3
B01G8WL5HK	0
B0BP1Z2F2C	1
B01ICQ4A6S	0
B07WP9MS73	0
B00P6SRW0W	0
B01L7UARQ8	0
B06Y2QHMKT	0
B09LTQSFFN	0
B07MNZTZG9	0
B07HC1T7QT	0
B00T6NOV7U	0
B07GD3D1QS	0
B0BT1CWDLQ	0
B00YV61Z7G	0
B00O7YVEM8	0
B089NB6W9Y	0
B07WPPGR2W	0
B005AMCD7Q	0
B001LRQ2Q2	0
B081QX85H3	0
B06WD3W3Z6	0
B0051IZI2Q	0
B08Z8DKYKP	0
B07PDH3SK2	0
B09B1P1PSG	1
B00S25TOE8	0
B09FSJT676	0
B003X0X6KU	0
B07L32MCJN	0
B07TXN5YR4	1
B09CPRC24M	0
B078K2MVZC	0
B09Y57JLQW	1
B00WNMNYQK	0
B09TNLZ2WQ	0
B01M29D3YO	0
B00NEWEF70	0
B01CH6KXTM	0
B08HLHBJNW	0
B01AULA5OY	0
B00RDCSO6U	0
B093CNMHH7	0
B00MIIO8DM	0
B07GL66SGL	0
B01FGU8NPM	0
B09JYYMR2B	0
B00AWKAY7M	0
B00HB5X1BC	0
B007JW624K	0
B0711JDM5B	1
B08W2T5LX6	0
B07719S5YZ	0
B07Y9G864B	0
B00JVSX0FO	0
B07VXLDRGT	0
B09QHR4TV3	1
B0B1JNJTW9	1
B07D1HJZT7	0
B01G3CQ9J4	0
B07B6CZ41J	0
B002VEC9CU	0
B013G1DHK4	0
B08N9K3S3Q	0
B073SBFYHR	0
B087R8MSZ5	0
B07YFFSMXV	0
B00UKYEL4C	0
B000BO6BEY	0
B08YJXKZBW	0
B07H79FHSF	0
B071ZNDQRF	0
B00YFUMG12	0
B0093THBWE	0
B00XPV5RNQ	0
B006WC7O9A	0
B00FAIB6LE	0
B07CGC7Q78	0
B01GRSN4BK	0
B009ZNBRBY	0
B07STYR6JS	0
B077YMCB2P	0
B08BHXPRXH	0
B077KZ52XV	0
B06X1H3FTG	0
B01F421RJ6	0
B07GSWV3N3	1
B09VGCP8XF	1
B08P78BVWF	3
B09QHVJ4BZ	14
B07MBPSK42	0
B0C2BXC8KH	0
B06VY557R1	0
B078Q4HK9Z	0
B08D6RBWNL	0
B08FTD4Y38	0
B00HSJDIMI	0
B0069ZRSDM	0
B0942X5WGH	0
B07N4N6YC2	0
B07R6LZS2C	0
B07PGSG3CM	0
B07VSXKW81	0
B07M5FD1JP	0
B007HN6EBW	0
B01N5HGJ8E	0
B01N03IVYD	0
B00373A5IE	0
B008N6KKD0	0
B07RH3X411	7
B07CJF9721	0
B0018NCONO	0
B00VW2N23W	0
B09T6FFCZQ	0
B000IF3VG2	0
B096N6JC1P	0
B085FY8QM2	0
B00F1JXA3E	0
B0056L7QOQ	0
B00U0ZRHRE	0
B087X1JZHF	0
B0055CQA3O	0
B005AN7UJG	0
B079JYTQSB	0
B07924WW6N	0
B07BVT6FZF	0
B0899N73CC	0
B073GZB98B	0
B086XJ1KDY	0
B01HF257NK	0
B074L3QVHG	0
B017H3N0TA	1
B005PXQ2RC	0
B007R9WDUW	0
B07P9WF547	0
B00VLVAG24	0
B097NDT7QM	1
B00QNDQEWG	0
B01IE5V5R4	0
B08X6W3ZNT	0
B074HP1J4M	0
B00YB33LL2	0
B013ZRC65Q	0
B074X9PMTT	0
B007J5RI6I	0
B07N6P8344	0
B014UPAHO4	5
B073P1BKSP	0
B08NTB2PSY	0
B01JLHAWHI	0
B081P9C25R	0
B07CXZ13VH	0
B07J6PF8VW	0
B08SQQ2QTH	0
B0029POAXC	0
B075ZV68PG	0
B08CXQJ7V3	0
B098WM7SST	1
B07H7K5QMV	0
B0B977HXJ9	2
B07HGHQJ12	0
B01BP3N2SW	0
B000H7292I	0
B00J98GFTY	0
B0948RZNRY	0
B0BS22KZN7	1
B00E8QM5VO	0
B06XYNZRCZ	0
B0081VLKAE	0
B07VGHWYCH	0
B007YGYAGI	0
B08BKLJJDG	0
B01M35L5MK	0
B07T6T18CD	0
B06XJC1CF3	0
B01C5KBM6I	0
B097DBKB5P	0
B07QW6Z8S4	0
B0BRKBZZ7H	0
B01N6LOTWF	0
B01EX959MC	0
B07BB73VF1	0
B07Q55WP9G	0
B07117RBPS	0
B09D8KM6JM	2
B0099EEIF6	0
B07SSS3H9F	0
B0B4F5LZD5	1
B07JN6S24J	0
B01DQ2CE6Q	0
B08DFXMJFC	0
B073426Q26	0
B076Q58P74	0
B09L3XJCSC	0
B07F7JBYGB	0
B094FXH24D	0
B071DXLY3F	0
B08K7L6FR8	1
B082VSHK2S	0
B08F4M1Z7N	2
B07BNKBPG9	0
B07MY9YGSQ	0
B072SB8HFT	0
B07X53B8CZ	0
B00MWA61CC	0
B071J8986T	0
B01MF9XPKX	0
B07XXSB8W7	0
B007VJ4FPY	0
B07N47D6BW	0
B010110WRI	0
B0992VBJK5	0
B00FH1VGB4	0
B07Q2CF9H8	0
B0743FFMNL	0
B012YS6I56	0
B01J6WWGQS	0
B003M5QXY2	0
B0C6DQNQK7	0
B01MZAD9U8	0
B006IVNQVA	0
B0753JK8DP	0
B01A3CUHDO	0
B073R9GGQY	0
B01N9EQC1T	0
B01DOWDE4Y	0
B09L1J5Z9X	1
B07N7TMXYH	0
B07XV7GDPW	0
B07HFTB6QV	0
B01AKEUFY6	0
B0751DGFGG	0
B00A8Q4PYS	0
B089QKX3TQ	0
B07XC91CSD	1
B0099FOWME	0
B0B5G5XKT6	0
B01BPC3L7U	0
B0049HQ0L8	0
B07X3922XV	0
B01DAF43K4	0
B082492M17	0
B01M9AGV1I	0
B009DZOQVW	0
B08BS13RKM	0
B0BYW8LQQ2	1
B00XLSAASA	0
B07TJJM7ZJ	0
B077YP48NP	0
B00FEW63KA	0
B00BJBHXF4	0
B08XWXJ4X2	0
B07YNHZDY2	0
B073VFCZ3V	0
B06XHZB7PM	0
B01KCSGACQ	0
B000W2TA84	0
B07MQ5ZSF5	0
B01CWP1YUU	0
B0853XV3HR	1
B001MXSP1K	0
B076R125BX	0
B08L83S4K3	1
B07KJ4XDCJ	0
B07PPG8MTY	0
B09HGCMNXH	0
B01D60U56Y	0
B01M10U436	0
B09FGHVYZ8	0
B00JS5OL5I	0
B00B6EA1LM	0
B07QKK6WXC	0
B01N5PZ42P	0
B07PHP9Z7H	0
B08HH31V8S	0
B0125PQSSA	0
B00JYGBLFO	0
B017MZGTJ6	0
B007O13VE0	0
B07N2DCVPV	0
B00ONAAZ6W	0
B08SBRYSDS	0
B075NJ8P7V	0
B003W08LK6	0
B015ZB9TJG	0
B07KPCTY6J	0
B0778K6SC8	0
B07GF7XWTW	0
B005KPLJ9G	0
B007ZZHZKQ	0
B013L380S6	0
B01LX9F84C	0
B08Y8NMMGB	0
B08RLPP1SS	0
B0058REZPG	0
B09VX7HZHW	1
B078GLDB25	0
B00H1LHYQY	0
B07FGHBT1Y	0
B00IABTB4W	0
B085L6T1CM	0
B07DDB3QKY	0
B017DNFIBW	0
B07MFJYMG5	0
B092893LZZ	0
B07HH549DT	0
B0779C2GQJ	0
B08QJF7BML	0
B003811OR6	0
B076Z318FP	0
B06XNZ6MLN	0
B07GJF52PP	0
B07NTZRTP3	0
B072V7JBZ3	0
B08BK4YLRN	0
B0721GK3B8	0
B07GVP7FZT	0
B07BL2ZKFG	0
B08HRKZF6F	1
B00P72GGRM	0
B09NBF122K	1
B083TVFRJ7	0
B01J7QV56A	0
B01J1IER8M	0
B07GNX7941	0
B007GNI2VS	0
B079K92V71	0
B07ZHY9PKC	0
B001N0UIYO	0
B07BTJCRCN	0
B01FUV7BDW	0
B01N5HF8DG	0
B077ZKV69Y	0
B00GXI13VS	0
B004B81P42	0
B08MBJ9RPX	0
B00MXH4PKE	0
B08G896NVK	0
B093WWJRKB	0
B00E0SMAJC	0
B09132PQ2N	0
B07SGPC4QF	0
B00DSG4V44	0
B077VM2LSM	0
B073MV6GKX	0
B016YS25E0	0
B0BYSVSDMQ	5
B07BLRTCHJ	0
B00C1792EA	0
B0BCPYK1SR	2
B07N87P7JH	0
B08938XXC8	0
B00QWWAOM4	0
B08HZBZRS4	0
B08637PK3Y	8
B00CRAOOIA	0
B0758CF17N	0
B002J7OOZ4	0
B00M0W2VDU	0
B09ZT32QXY	0
B0041TSHO2	0
B0087FYZ3S	0
B0B6H7HB37	0
B09TDGTXXL	0
B08R59F9QD	0
B0B68W7V31	1
B000EUH7MA	0
B08XXP1WYV	0
B08331FDJK	0
B003JZB14W	0
B09QCKXZZG	0
B08ZW1GNKP	0
B07JV9JRHB	0
B01M4JM5G1	0
B07DR78Q33	0
B06ZZY6152	0
B009331VG2	0
B009URSGDW	0
B00JC10KXA	0
B07D18L3QC	0
B00I1AGBLS	0
B0054685ZM	0
B07G5SZB5S	0
B016KKZF3U	0
B00HVG3LRA	0
B07WNT13N5	0
B010FMUC0A	0
B072JTX6W1	0
B07H968ZM5	0
B09G2WRFKW	2
B004DT4IQ6	0
B01MU7NF2K	0
B00KWKHRN6	0
B00G7SBOHC	0
B07SWQQXDG	0
B081ZR7SL1	0
B000Y4Z5RU	0
B07CGKLMDH	0
B089QRQNNB	0
B01GCIZ6PM	0
B0927FH1YT	0
B08FQSS124	0
B00JFFSCX8	0
B07L5NL8KJ	0
B01M1B1LUZ	0
B07XFNNLCR	0
B09W61TDXY	4
B07QPTMPYY	0
B01DFLX7A0	0
B006TH4NHE	0
B01MT3SRAX	0
B00LXTC06Y	0
B07XRWMC6P	0
B00IRL6KRG	0
B008OMUJ9I	0
B07F2QQN57	0
B071HYSZD9	0
B07YSHNNQ4	1
B0BHLMYG14	1
B01M8GTBE3	0
B01MZ1V690	0
B006QTGG2U	0
B07NPMLTXB	0
B0188LDEWI	0
B06XNTNTSY	0
B014WD5T38	0
B00JN7HEBE	0
B098SP4NHB	3
B07237B7KQ	0
B07TQSB1DD	0
B08V8JLMQJ	0
B00AZZ00CS	0
B001FV80MI	0
B00DKN743U	0
B096P6D2BP	4
B003QUW856	0
B07PRDFLCM	0
B0B5BDY8N1	4
B0879245JP	0
B09X1V17QL	3
B014VGI9L0	0
B07BN7HRJ1	0
B019DU6AL0	0
B07CQSSSZG	1
B00RO391M4	0
B00SMX28TI	0
B09G5TFGXG	0
B01MQ2BIIU	0
B07W1KS6M8	0
B07H55K6CN	0
B09ZPLJ2LF	0
B07QMHWQNY	0
B08P1ZLC43	0
B00XE3EAM4	0
B001F51RJM	0
B0C22Z39FJ	1
B08NJ8Z5L2	0
B087R16HCP	0
B095NNNXDN	0
B07CKZS8WJ	0
B07B3JSCPY	0
B003ZWQCFC	0
B07FQVR8VQ	0
B0006MWJUQ	0
B01FYFOTNO	0
B0037YWVDU	0
B0822HFZS9	0
B09MF9SNPD	1
B08R39CYV3	0
B07DY1FHL5	0
B01DUQ1UEK	0
B0126Y2ICU	0
B01IIGSB4O	0
B00ED8UGFO	0
B08P3695TQ	0
B06XYT17T2	0
B01IWR6B6E	0
B07R8X9P72	0
B00P7RSPHQ	0
B07PXR23X7	0
B006Z6QJ44	0
B004H8NRW4	0
B09MV82Z2Z	0
B01KHCXY2G	0
B091SW87PN	0
B01F3ZKW2W	0
B09XXJ33MD	2
B09GPDMT28	0
B09P4WSY2D	0
B087PZ8TXC	0
B07JNNGHVJ	0
B0B1L2B3GM	2
B002U82PDU	0
B00CZOHFVQ	10
B07MB6WZCD	0
B0C74K6GL4	0
B07X7SMQ4Z	2
B018CW20DC	0
B0754STNTV	0
B00G9TAQFU	0
B019QW2MZ8	0
B013SLHL2M	0
B075QBMYNQ	0
B00332EZEY	0
B083N4GKXV	0
B00XZ35X06	0
B08GCH6PHB	0
B07P93XXKV	0
B0B6B86B7H	1
B0B2QBGJL2	2
B00N5TK918	0
B07ZR5X7G4	8
B074BXBZ5C	0
B01IAJ1DIU	1
B01N6GZBJU	0
B082HLWVQ5	0
B09Z2FG7MC	27
B07VCCV47Y	0
B00KJLME1I	0
B01BU1HJGK	0
B07X1MJLX3	0
B002TUYHO4	0
B0748MHV5G	1
B08T1B57DY	1
B07C7MYND5	0
B007HN7CSQ	0
B07JQ24SH6	0
B08CY5JLSV	0
B09RB121K8	1
B01BXJ3PDA	0
B00EE0UPZC	0
B08ZSDJ9CV	0
B07871D88G	6
B0097BE66W	0
B07429C5WJ	0
B01DE5A7KA	0
B01M0HD822	0
B07D4NR3F8	0
B00GUJUHG2	0
B075R3RDBW	0
B01G69OFGI	0
B01KTZM8K0	0
B00U9TV0WY	0
B07DL9HGD9	0
B000XJOFZ4	0
B07D7JM4H9	0
B07QGW5JT1	0
B00PJ849EQ	0
B000QV1OVC	0
B09DK2MP61	0
B07NJQ66H4	0
B0BJ6NWWH3	0
B005M0818G	0
B00YMEXA3Y	0
B076898QZJ	0
B00TDW86JS	0
B001LVU2Z0	0
B008K9MNTE	0
B09JWC1FB1	2
B07QDZMDVG	0
B07TQMNJCX	0
B09GY1HCJT	0
B07CN7XYMT	0
B00B62062I	0
B0044WV0XQ	0
B07F235MM1	0
B078WHQZJ1	0
B001GNCFL2	0
B014FBREQM	0
B07KJ6FL1C	0
B07HB36B8Z	0
B00DIBOUPO	0
B08VH5BNTV	9
B08DNBCM7Z	11
B00ALM16A0	0
B01F7W0TK6	0
B07Y8QN1D2	0
B08K2G4KJG	0
B07CLDFLG4	0
B07J4YC57S	0
B089Q72WWS	1
B07T82BGNN	0
B09PBKR243	0
B00ILEL59W	0
B000YDH5GU	0
B00GXL2AN0	0
B07RGMRMXY	0
B008J4S7MM	0
B06XVC7JB6	0
B0BXCXQNPN	1
B00R1L3MP6	0
B07TV1Z961	0
B089Y6P1VS	0
B01MA6AJUE	0
B07YY582SF	0
B01CXZFUQS	0
B00L287GQU	0
B01N0VCBLQ	0
B076Q6T9W4	0
B0958DDHWP	2
B00EW49YJ8	0
B01MZ0U10J	0
B08HCVH3ZR	0
B001UV3ULE	0
B0118409FC	0
B07VXQF26D	0
B082P7RP63	0
B08PTTVCRX	0
B07FDC2XXD	0
B00649TUYI	0
B09VCNRTK9	6
B082K2NNTG	2
B00B358XGE	0
B08ZYF35PF	0
B09GL65W9V	0
B00TTCR4A4	0
B09GXCWVWM	0
B083GGT4N3	0
B07L3NT5M2	0
B09GDSSKYZ	2
B07XHQW15V	0
B07VN58KX8	0
B08CDLW5Z2	0
B071GMJJD6	0
B07YLSM4CV	0
B00KHYSQNW	0
B00Y1H7Y4I	0
B0C2KNZGGY	0
B08GBYPRSM	0
B0743XFGRM	0
B07Y27F6KJ	0
B086ZXZ8CX	1
B000GHLB6E	0
B07J5VRSFZ	0
B07T4JG816	0
B071G2BN3X	0
B00I67WF1Q	0
B08LBF62H2	0
B0028Y4S18	0
B07LBBKYS6	0
B07F9Q6TMZ	0
B011KHGK32	0
B0142JCKBQ	0
B07H3VSMZ1	0
B095YH3YKM	0
B07HJ9L96J	0
B01DWAZKGI	0
B00AFCJWIY	0
B0817WVY11	0
B071HWQ6L7	0
B003JGN3A6	0
B09J5GTY9Z	0
B071GBZZ8D	0
B00YUF4LGK	0
B083HNQVF4	2
B07PRFLQS6	0
B07JVGXMTM	0
B00HRJS1VC	0
B01GJMHPD2	0
B004HKSDO4	5
B0014UHNAK	0
B01H7835O0	0
B076648HRX	0
B00A6GVOVW	0
B08BRL7WML	0
B09BJR5R81	9
B0756DV7QJ	0
B01M23PYI4	0
B0B7KW687Z	33
B06Y1WX9FM	0
B07CNP2ZXX	0
B01N5CXW4G	0
B08R5ZY4W5	0
B08TC99S9T	0
B00K8FLEVQ	0
B00FFGY03W	0
B08GQGXD1Q	0
B016O9NIGS	0
B07QTCHJTV	1
B07YZLCJJG	0
B07M8LKGM6	0
B077XMSB1S	0
B07HT5CCPJ	0
B09GD73P8L	1
B00TUIPJUY	0
B01DE19674	0
B00QM0AGBU	0
B083LQV79H	0
B01A56R6CI	0
B07H34NBD6	0
B07WN58KGP	0
B001G4NBPA	0
B00ALT1ORI	0
B07ZDF6525	0
B07M9SLF2Q	0
B09NVM3FQM	0
B00YJC41KA	0
B00J0S2L28	0
B01N8UJLRQ	0
B01L3FIRA0	0
B014R12I84	0
B07ZDF7CLQ	0
B01M9D2NV5	0
B09C3RQ7PD	0
B00ITPNA3W	0
B09HMQRZ69	0
B09Q1N8MN7	0
B0026ZOJVI	0
B005EUDPOO	0
B00U6ZYO7Y	0
B0B2P427CK	2
B08F9P3YBL	0
B074PWJNCH	0
B01AIQUSIE	0
B08G1D6NNL	0
B07PY4ST35	0
B011SGIHWW	0
B00146YJZG	0
B08XM9C6NV	0
B00W8AU1KE	0
B088PH99YL	0
B07VBGW9LW	0
B00IWXGGQY	0
B0823JTTJV	0
B07VK9DQ9K	0
B0BHQQP3D2	22
B09L7J5X54	4
B00OCIWKDG	0
B09276F9TX	0
B081CSKJ86	0
B08DVDW48F	0
B07ZHQTFKC	0
B00G0MVF06	0
B07GT7L8BC	0
B09NRDFDSD	1
B07F266KJK	0
B07YZQ4197	0
B088WHDXW9	0
B015S0GI7A	0
B06ZZ6VJWL	0
B00AFCMSQM	0
B07FJQ354Y	0
B00G1VSLSA	0
B0059VD1BA	0
B01N9YVD3A	0
B0B1M2YXXD	1
B01NBL2ZRW	0
B0882ZBYLK	0
B08JG53497	0
B07G4K8FD8	0
B07V5JDJZT	3
B01MQWT13V	0
B07ZTTND1R	0
B096B6ZFY5	0
B085G1S6JB	0
B097NZPX2Y	1
B015947O3M	0
B07ND4RXQ5	0
B0068ZXCNI	0
B08P45PZCW	0
B07QN5QS7K	0
B0842PQKWN	0
B08LM9R3M9	0
B007NMM3U8	0
B08WWZQN7Y	0
B09QT477D6	0
B07FZY71KR	0
B01N040OQJ	0
B016A80EDI	0
B01N9R1LX5	0
B07VN4VFR5	0
B07CT5GSC4	0
B01HM1CQEM	0
B01CGOKW9G	0
B009LL8WKY	0
B016839JPY	0
B08VNPGQY9	0
B09GT64JCG	13
B07WNVHF1K	0
B099PB7QYH	1
B08T9BLC57	0
B01MQDJP7X	1
B08C38ZJPH	0
B00K5NUAV6	0
B00EHUWR2S	0
B01977MV8A	0
B079ZBQ97W	0
B09XL6JFJ1	0
B071R6SX1C	0
B01MSZ42FA	0
B07XBMLV4H	1
B07F6C2FKW	0
B07HQDNK4W	0
B008F06YB6	0
B0C2BJDYFK	0
B07692SDLC	0
B083JYZNL8	0
B088JY9S4M	0
B00RBNSW2W	0
B076CQX7QT	0
B072N2JTW8	0
B01ELNAIEO	0
B00R95DK0Q	0
B01I0ICDT4	0
B08T1YM5MR	0
B07CJ2M132	0
B01M5GWPTI	0
B07DKYXTRV	0
B000E94XGO	0
B07MMZBNMP	0
B07SQKZN96	8
B07CN3V7HN	0
B0BJQFVCCM	2
B06WD2GXWB	1
B083GB47SQ	0
B00JLKRWQK	0
B07YBJYDYG	0
B08G131M45	0
B07HBWPWM7	0
B0058XNFWY	0
B075FKMNQ9	0
B07JLGL6BT	0
B076TBHJ9P	0
B019SJRGRI	0
B017O7H8KG	0
B076Z59H4Q	0
B000FEPROU	0
B093QD1CBW	0
B08PQKGYN1	0
B004WI2WF2	0
B01MYMQQRN	0
B072FRFL36	0
B07412P8KJ	0
B00JGU31ME	0
B07141HJGD	0
B00XOLXX9M	0
B0082IY602	0
B07HFMCKSP	0
B0BCFYRV6W	43
B008XAXAOW	0
B08H5H8YQB	0
B00MSN8H6G	0
B07SH4BS8R	0
B09VY9TD7N	0
B098FD3BYZ	0
B00IJM6KQO	0
B000P4AWKE	0
B08N6BYW1G	0
B0B92C8FFY	1
B07PXMTZQK	0
B00AJ353GY	0
B091MNNKGM	0
B095TT95HN	0
B00MNGMG2E	0
B078HXJYYS	0
B07D4BSJRG	0
B00NXQJHWU	0
B093H9FSGF	0
B001MNX8NU	0
B07N2YQ6D5	0
B00IS00054	0
B07QLKXFRJ	0
B09RJ3JG7M	1
B00NOAVOIU	0
B00KGKTAQO	0
B07WK1DF9M	0
B01EKMP0Y4	0
B00Z5VSW6S	0
B00H7SNOCO	0
B07ZMVSRCP	0
B07JFVWJRJ	0
B01N5Q2STK	0
B07DPZB72T	0
B096M8FZV2	0
B07S9X61W4	0
B00SC06IJ2	0
B09PFWXH12	0
B00SJ8KEGK	0
B07MDVQBN7	0
B00RNKS8Z4	0
B075GMHNYY	0
B01FKU9IBQ	0
B0779CHHHF	0
B00OPQYIJO	0
B00EO9ZQXO	0
B01MQKGWS7	0
B09XVB8MT3	2
B00RNBFDUQ	0
B016R1EHWC	0
B07GZQ6FHH	0
B001VNO3NK	0
B0983GVBR4	0
B07BK3YTG3	0
B0089Y9AF0	0
B07KQ36LVT	0
B005YV0PSM	0
B01CUJUHXS	0
B002JIO3RC	0
B010R9DGI6	0
B0B2TCHVGL	1
B07X3HCMFV	0
B07KFX413W	0
B00T3IED6W	0
B088WJF3TK	0
B07CRW3TTF	0
B01IB6UUUY	0
B007KPF3RS	0
B083NDY4V6	0
B09KQ74TSF	2
B07QYLQH5Z	0
B004WN6MV2	0
B09C1D1KNW	0
B00717XDBI	0
B00I3UNQMS	0
B07BF7GVSY	0
B07QKKHJ7R	0
B06ZZCB82C	0
B07JFJV6RG	0
B014K7EG58	0
B0BGQLQ676	0
B001H546PW	0
B01M7VNTAF	0
B01D577Q7O	0
B016IC574W	0
B08L52SM2W	0
B002P4JUUU	0
B07ZTHH6BQ	0
B0049SP8RO	0
B0768RRDPT	0
B07TXJ8D5J	0
B07T1HDNVR	0
B01H36472A	0
B07SQ2KWM1	0
B07KYXZXDG	0
B0195YNDEQ	0
B084RJ29JZ	0
B00BGFNWPS	0
B08245CCQP	1
B00D7UEBBY	0
B074R5WMQF	0
B09TWX2VCN	4
B08B6DKBYW	5
B083VZXVRM	0
B089W3K95N	0
B01D3IHS96	0
B010GTMZ34	0
B071GYTPQS	0
B07V25Y8QW	0
B085XX6LGL	0
B07FTP6KWL	0
B00GEFTKWE	0
B0793SRT1D	0
B00P04BKS2	0
B08MPMBQX5	1
B078PG98TL	0
B07MX4YK5P	0
B008DS4JOO	0
B07DXNLGR8	0
B01NAPON3P	0
B01BH9521Y	0
B01879PLQ8	0
B07K34W3X7	0
B09WYBM4HB	0
B07LB4PSBL	0
B00HNXKLHE	0
B01BW0ISD2	0
B07R7DXHW4	0
B00UYIL5SY	0
B00OI12V3G	0
B018QIMO6K	0
B07VKQLGT7	0
B076CX11MQ	0
B07T46JHDT	0
B07MPBTMYL	0
B07W51445K	0
B07625N5BN	0
B07FC2FJ3V	0
B0BJQHZSNZ	1
B0199V8BH4	0
B09B7K66S9	0
B01G99L29S	0
B008VTLQ96	0
B0BK7JN72F	0
B07PFML1J7	0
B01G8NVRA4	0
B004XG5EGM	0
B01HOOVJ4A	0
B07XCDNDB7	0
B08XRQRWN6	0
B0BXP9MW6Z	6
B07MZGLHZW	0
B07S3ZP6BQ	0
B08DHVQMN1	0
B08NFC7KHN	4
B0BF8ZRTRK	1
B00KAU0C6M	0
B0BFN592SY	1
B07P61QD2W	0
B08FXJ8V5M	0
B01NAJXFGX	0
B07DNCGPK4	0
B07MNZFVL2	0
B089Q6JMSC	0
B07GJNXC3M	0
B0B6TZXQCK	1
B07NVQDMZ5	0
B09Y52B9DC	0
B016SCJZI6	0
B07JR1RX7Y	0
B00S8Q3DMK	0
B06Y47CYFX	0
B07RBVWSDW	0
B00FZ6D3WQ	0
B00K60BIIC	0
B017V0WQDA	0
B09KT4QM4J	0
B01A93A90S	0
B07FL4SN8S	0
B09XWCS9N2	2
B07HYJ38H6	0
B00OUT1UUG	9
B00D86D89I	0
B001709N7I	0
B07C3YC3PX	0
B01FS8U40Y	0
B0059Q8HT6	0
B00FGQXGPO	0
B00GAYSREG	0
B07VV622BR	0
B07QCX5R36	0
B083HVM67M	0
B087R8WNF6	0
B0834S2JLY	0
B084ZJBV82	0
B07LGNFFXJ	0
B07791KH2D	0
B07KGNGGFP	0
B00ODSUU0K	0
B07WZJDRC8	0
B07GCM9ZQJ	0
B01KP9EAX8	0
B003CQZXG0	0
B00KPNDX9M	0
B0957D5RTL	0
B079DVYXVC	1
B00AVZ02ZM	0
B00BHA1Y84	0
B008QHYVV8	0
B07FLWH15R	0
B07DL2BKQ3	0
B005DOMPH4	0
B096DQBGQ2	0
B01CTOF2SY	0
B00AO356IO	0
B097TRG2HJ	0
B01F84K4QW	0
B0B97HML76	0
B093GJJMYH	1
B00L4IOS0U	0
B08WJNJXK6	66
B07M82G84J	0
B07KMJBQH1	0
B015EW2HGI	0
B000GHK35E	0
B09F8SY375	1
B08BBBG2G8	0
B0787T8PZ5	0
B008O5AZXU	0
B08DHVLKXJ	0
B00SLOT4WC	0
B084BZ84TM	0
B0CC6F6BHQ	2
B00EZW4HLC	0
B0BJ29WF5K	1
B01AXFOQI8	0
B00FXKWY2Y	0
B07YJG8TL3	0
B08K7SCR59	0
B00TK00J34	0
B000WBAO4O	0
B07V3ZM5DB	0
B00I8H8JVO	0
B07F42BWN8	0
B0BDDXMB8G	6
B00VKTD11U	0
B08BK7N585	0
B01MG8HFQI	0
B01JPCJ1EO	0
B00XG1WDL4	1
B07BHFZ47R	0
B018IB9DGO	0
B07VXH1FGL	0
B01ABNJKOC	0
B07CK3J8SN	0
B08P348K2J	0
B00439HXOA	0
B0089FB73W	0
B07KX33NDS	0
B0034B4CZQ	0
B01N69ZFBX	0
B07J9LL1MG	1
B088FZZ9X2	0
B00A8D5KZY	0
B08V4WSCYV	0
B088TRPYCG	0
B074VCFQPT	0
B07X4B7CH4	0
B00E1MWI6C	0
B071SH5X91	0
B09Z8RQYF7	0
B00LBMIDJG	0
B074TBNJR4	0
B08L9VYQP3	1
B00S7ZY1B4	0
B08J7TRRF4	0
B000249WB2	0
B072K1RYYF	0
B08S32ZFJC	0
B093B2PWD6	0
B07CT62FVW	0
B016MPXB02	0
B003MTFFM4	0
B09LCDGX8G	1
B06XHR6TTY	0
B091H7SND5	1
B07Z86NS99	0
B005XXALDU	0
B01MU2VUU0	0
B07SF4SVT1	0
B00G53J8UE	0
B082R1852R	1
B00ZUKIA02	0
B07XWPVRSP	0
B07PDVLX4Z	0
B08H7LWD8L	0
B078BB4ZJZ	1
B075W85D3W	0
B09QKFPWSW	0
B07MCJ529C	0
B07CLJBKX4	1
B00FA384VE	0
B01AD62EYA	0
B0785G74DR	0
B0BKWBTJ5R	10
B00AJK6TN8	0
B0B6CQG1Z6	0
B09RHS7QRM	0
B00DROWC02	0
B019800MYG	0
B01KXFLXO8	0
B07M5BZ6ZK	0
B074NZ3D63	0
B08SGRKLQS	1
B002RNSCC6	0
B0C5VLWK5T	0
B003UY1W6O	1
B07WZQ3C6Y	0
B01M1I3VKK	0
B078RTBVZ9	6
B07FM7T4XF	0
B08K3WFGCT	0
B0136DM3AM	0
B08615N9QR	1
B01EUPDDU4	0
B008THUQFK	0
B086ZVFDWF	0
B00KHE8TCU	0
B007CU8JJK	0
B0030NLGQQ	0
B01875RFFM	0
B082X3CM99	0
B099DC45C8	0
B084WRG34B	0
B07MQRJVG2	0
B08CCNQ9SG	0
B082HQ46RB	0
B07DLFYFMF	0
B07T1CV5TD	0
B07QL4Y38D	0
B000HWOI1S	0
B087MC94RM	0
B01KO0BFF4	0
B016CD4ZL8	0
B00JUILICW	0
B09Q1R8LFN	0
B00H40SRVS	0
B0873CBYTF	1
B085DMCGW9	0
B00ALY5GVI	0
B07XF2SW2N	0
B00UO2KDX8	0
B08DG49M3L	0
B0B9BWK3PY	1
B004752XFE	0
B00REO6EUK	0
B074257BWQ	0
B01EX670LS	0
B07768GRRN	0
B0059NL1OW	0
B00MVO87WQ	0
B08NSLG7MC	0
B07KYVZ5BL	0
B002KT2CFU	0
B07GGP7948	0
B07WQV1RDC	0
B0BKZTR432	1
B00N4IORZO	0
B07CGFW2M1	0
B09JW97JJD	1
B09V7J9FN4	0
B07XJD9BY9	0
B01GJSN0RQ	0
B006ZP54S2	0
B075DYKGZ1	0
B01N1NOWOU	0
B086RHF6MK	0
B01E9J1KTC	0
B00HSR6SVS	0
B07XCJ7JQ5	0
B00TGYA5TM	0
B09F96X5J1	0
B0BBKQ1KXP	1
B005B4K712	0
B09GGBCZJV	0
B07G8KG8W5	0
B00HVVM2Q6	0
B07S88Y9TY	0
B00KI3PRKW	0
B01JM6S49G	0
B0B1M7Y3D1	1
B008LWAUZE	0
B07ZR88YLW	0
B08J7GVYQP	5
B017QZU3KI	0
B01BPCA3YO	0
B08644XWFB	0
B0795YX3CY	0
B076V3SGHX	0
B075GFSC38	0
B0C68WT6HR	0
B009Q17N5E	0
B01LW2KH8F	0
B00L44AYWU	0
B07H29RGQ4	1
B00QJF062C	0
B0728NXLCJ	0
B07D5HLWRS	0
B005ONGJ30	1
B09ZPLLX1X	0
B07TZQLX15	0
B09JMP7713	0
B01IG3D6SK	0
B00UAFM2MO	0
B00GT4OTYY	0
B07GRGFK2W	0
B07HRZNVYW	0
B00MWNDJPG	0
B003U5X5LS	0
B000PHNJ2O	0
B0868WZ64T	0
B00KR4BDXW	0
B07B421GPV	0
B00CO67EG6	0
B09FSX11KJ	2
B0898LQ31B	3
B00SLVFETW	0
B00N1MZYI2	0
B08BRB1GV1	0
B0012HR4QI	0
B08GXDP5V9	0
B076VC9TMQ	0
B085C6W65N	0
B004SHBTYM	0
B005VBXPZ0	0
B0BP212L9L	1
B088KC47HF	0
B0059196C8	0
B09MS488B3	0
B07NLDB4DQ	0
B000A6UBJE	0
B013VQ8XZS	0
B005ESFFQ2	0
B0BK4WDZFG	0
B00ICIFCYQ	0
B077ZGRW84	0
B0BMQ5SJSF	1
B00DZ3S9KC	1
B004I8VWA2	0
B0755XVSWL	0
B07CVTF873	0
B09288X5JL	0
B00V43W7NA	0
B07M9NSHRJ	0
B09FXJKV8R	0
B0774971JM	0
B09VHBNMVQ	0
B00G48GXYY	0
B01N03FOGA	0
B077XVM5Z9	0
B07L51BBGM	0
B071FNGR51	0
B06XK7ZDGY	0
B0013AAPY2	0
B01A6SZ4YC	0
B07SHVBHXL	0
B07SSY8PKT	0
B07JR92F6W	0
B08LKJLGKF	0
B005YNTE3W	0
B08CXTHTW6	0
B08NC481LG	1
B0933G2XFM	0
B00J5CAQIA	1
B00CB2NE8K	0
B016ZX8E8A	0
B08T9Q4R2F	0
B09M6Z3FSW	0
B07BTD9S3G	0
B00GJB4KVE	0
B07ZPVTZ8C	0
B08CXMC2LW	0
B07YN946VW	0
B00CTPXUFQ	0
B01JJ6WRU6	0
B00KNSZ4NC	0
B00DBT21JU	0
B007PSLZ18	0
B07HK228G4	0
B07NRTKMWH	0
B002JV0IWS	0
B0932HW2CB	0
B08FSZNYY8	0
B07VY8N4XX	1
B07FQ3T99T	0
B07DFYZC8K	0
B006B46Y0Y	0
B071Z9BTDS	0
B07YDKDMVL	0
B07771Y78L	0
B07QLNJ5C7	0
B000ZBY11S	0
B078XPK8PF	0
B09F2QMD7W	0
B07SRZ3GKL	0
B0BWMFZXV7	4
B01M7TFO87	0
B005M0G1ZQ	0
B08L64ZSRW	0
B0B8CY4P7J	1
B0833MSW1T	0
B07B3VL15B	0
B09F613H3M	2
B07PFKXFMC	0
B08BK5M5RW	0
B0168G5KMC	0
B01JR5VZJS	0
B07RHYPF1C	0
B09VBXNZKC	0
B07SHXLGT7	0
B00GZYKA28	0
B009WGX10E	0
B08WCDVCT6	0
B07JNVT2NL	0
B07L5GYM1G	0
B085T36V91	0
B075DRYF14	0
B017JFR4X4	0
B0BXMV1GQK	0
B07XKXW75H	0
B08JH8N1JC	0
B07SPXWS9M	0
B008HO4MM8	0
B019N5IIN8	0
B01LW1PQSE	0
B01GMU3A1M	0
B07JB6QH8K	0
B07GR8SZDP	0
B07CXMHG7H	0
B08LW4J9S4	1
B07RZ33BCK	0
B0BLGVKV2Z	1
B083LTJ4YQ	0
B001GFQVMO	0
B07Q81YKL1	0
B074KJ68LT	0
B07PHMBN1K	0
B01KX5FJX4	0
B07GQ8G7JG	0
B006555SS8	0
B08BDR8BMD	0
B0814HRT47	0
B00EP25NKQ	0
B08KGF3HG4	0
B0BQ6NFR7Q	5
B07GQS9FK5	0
B00EEE88LQ	0
B00UGKRTTY	0
B0982W3RSG	0
B09NR5CY13	1
B00NNG6JHQ	0
B07DCDQDPV	0
B00IVECO8S	0
B09B11R82B	0
B00J92GV3K	0
B07FH5VRJF	0
B00LSGCXZA	0
B0BZQ82WF9	1
B06XYM7VF2	0
B08DQ4J5SK	0
B01IZ7NTOS	0
B00E67BGRE	0
B075R8LSY9	0
B07GRNNC9W	0
B007OSLLC2	0
B09TYWJVWJ	2
B010CB2BI0	0
B00IF3RMY6	0
B078WCJJD9	2
B086T3QQPM	0
B00JQHZEW2	0
B00ID0ZE0U	0
B07TVRX12B	0
B00YGNFMBY	0
B00DM278C6	0
B078Q424MT	0
B01NBK16XF	0
B07RGXB3XB	0
B00ZR9AKXG	0
B071NKZ4PK	0
B093R6W692	0
B01FFJJ8G2	0
B07F8KYGBC	0
B00NFNK2IO	0
B0BBC5MYGY	20
B08L7CM8J6	0
B083JW6DQB	0
B07DJ1R1LC	0
B01L0Q00G6	0
B005PQPKJ0	0
B07PSNF4S6	0
B01N6VG7Q4	0
B09MLTZ4RF	1
B09C29NJ1G	1
B00KEADSYQ	0
B08LSFCGBQ	0
B09ZPBNMZF	0
B07SZ1RFVH	0
B003QPFT84	0
B00EF01EQ0	0
B008XLGHWI	0
B009F7K16C	0
B07WNLPPQP	0
B073DV6HYF	0
B073F9HZ6T	0
B0041C3LEK	0
B08LMVJTB8	0
B018YE7P2Y	0
B08B3CHZX3	0
B016KERQ8S	0
B019X1INSC	0
B09MGFLHQL	1
B00PP601HQ	0
B01KZG0TOA	0
B011LLD2SI	0
B01N6Q06QK	0
B08NJ78899	0
B084GG69PT	0
B008X2PVAQ	0
B08CDDFR7T	0
B0899FVXB1	0
B00SKGXY6S	0
B00JOC9KY2	0
B00R9CTWGK	0
B083Z98ZYP	0
B07BXT78HB	2
B073RFZW8C	0
B006K41GW6	0
B07YDQPV4N	0
B0BS3LGL5G	1
B09MVMYF3S	0
B075R1SV9C	0
B003OQTPJO	16
B00EZ6ZHLW	0
B07176BVLK	0
B08T62QWQ1	0
B092M96M3Q	1
B00LH3R8TA	0
B07583J8Z3	0
B08TRB4KQ7	0
B07CWKGPH7	0
B01CFXCFU2	0
B08JJ7PNJK	0
B00D86KDUU	0
B089W453ND	0
B07H2JHM1Y	0
B01KIKC0KY	0
B0947BQXSQ	0
B09FJ6JWQB	0
B01D3Q4SLY	0
B07YDH8MJH	0
B07Q56NP25	0
B00INCQTVG	0
B07CNLTRRW	0
B00IZ0EKJ4	0
B07D6MFPJV	0
B0186E1UXC	0
B0028N6VFA	0
B07VCGBMVC	0
B00H3OBEWE	0
B01DEOTOFA	0
B004M8SFV2	0
B00HGFGC7W	0
B07QGRSBL8	0
B08X6QBBHQ	0
B004X4P91E	0
B09FT6JSS1	0
B00F07MJQQ	0
B01HDMYHVA	0
B00QJGTRVC	0
B07BT116F9	0
B0BDRPBMKH	0
B0946833Q2	1
B01C7YETM6	0
B08P14CYYC	0
B08F4YSKR8	1
B0788QPP1F	0
B00Y1QGR0Q	0
B00A7NNBX8	0
B003ZJ6WDW	0
B08HJPG2C9	1
B07F2RJR9Z	0
B083Q37CHS	1
B07C214T3S	0
B07DPSYP1Y	0
B08ZRVWNC2	0
B00I0ENSY8	0
B00OXCAPZQ	0
B00CCWDH0E	0
B07Y92SDPR	0
B00EKQDN40	0
B08Z3P9XVQ	0
B00H2KPQCS	0
B003AQQCZS	0
B09H6KW1KV	3
B08R41PBY9	0
B001ANP7QS	0
B0B3D5CSLZ	53
B071VWZPJN	0
B01CDPUNI8	0
B008W27AKQ	0
B08FH782V8	0
B09SFWR62Z	0
B07GNR1Y6G	0
B077969LX5	0
B075Y7B3SY	0
B09FLFT14P	3
B07DZSZBPK	0
B00BG4Z7GQ	0
B07Q7527K8	0
B07Q7ZM916	0
B00K8S4FHI	1
B07X2SH8GW	0
B08HZ5L666	40
B07Y9Q3185	0
B07C3XB2H1	2
B0B941CHYM	2
B072X66XDK	0
B06WRMQ1VC	0
B06VT7SCW9	0
B07FCGDBJF	0
B07XLNJXDW	0
B095ND94Q4	0
B00I90J4BY	0
B079639J25	0
B09XXYHPNZ	0
B00WSVG35U	0
B00WNXUE6C	0
B082R1T2GM	2
B07KBVNW9Z	0
B0748CZFDS	0
B075X76VGB	0
B083SC32KL	0
B01N9USVEA	0
B00FN6D1IE	0
B002KE4U32	0
B07Y843PXX	3
B01AK0QCFQ	0
B0788LSB83	0
B07XFK8BNT	0
B00NG0CZWM	0
B07PJ5RMV5	0
B089S38ZSS	0
B0014PNFFW	0
B01KH7FSHU	0
B08LQCTNPV	0
B004MPQOPY	0
B00OAYY5G2	0
B07BTL96V9	0
B082RCTG5L	0
B004MXFZ5Q	0
B07PJHKXX5	0
B007FVWNVG	0
B07RX5R7RQ	0
B071P1KZ9P	0
B07WSNM7X9	3
B075ZYH36C	0
B00378L0VK	0
B0895XTQ8F	0
B00S64DRQG	0
B078PT2SKG	0
B00P5DY2QA	0
B083DLL78D	0
B0871TQXM2	0
B077TPQG2X	0
B00342VVWC	0
B093STRF2L	0
B07TWMXJMZ	0
B07DGFZLYC	0
B0B6GVXPS9	5
B003FVU3CG	0
B07HHG252W	1
B00I4VQ43O	0
B019NIBGG6	0
B06XDRTYJG	1
B09TDX6TF1	1
B002T45AV4	0
B08NZQVRHV	0
B018T74DDU	0
B089M2BLBV	0
B00YUTQES4	0
B07X8R1XVS	0
B088KCT1GS	0
B076CG3JTR	0
B07528Z3YM	0
B00AO2N11O	0
B01I2B4AKO	0
B07X5TQQ6P	0
B00QVB3J6E	0
B07ZQKPXHY	1
B00L1W8P4E	0
B09J8J9B8Q	0
B0BM37GXZK	1
B08B8FJH1R	0
B072V6SNFF	0
B01I4JWBZK	0
B07TGJYMDB	0
B00Y1MX2GM	0
B00DYQP1UQ	0
B0B8JWXG26	0
B01FJL9XVG	0
B09MW7S74R	0
B00C0M6RBM	0
B01MSLUCC4	2
B00TP05O84	0
B07C7JRKT9	0
B01IRXIUOO	0
B072MTTY4G	0
B007GGAX26	0
B07B66VYT2	0
B06XXFW8JG	2
B06VWSCDH2	0
B09SXFVFC2	1
B00ISFVXUA	0
B007TX96MY	0
B010FECH92	0
B09T3DJCH2	15
B07KP9VXKX	0
B07B2P8YNR	0
B00LMGFVRS	0
B07GSNFNFT	0
B07RKTVJ4D	0
B01BURZCUO	0
B07D38JHR5	0
B0B1MYKJBB	5
B005BXT6Z6	0
B0052LU700	0
B01FXC2D7W	0
B07SZ1RQB3	0
B007SO0LLO	0
B077NL6DY3	0
B08K3HZ9CY	0
B07V5WX5ML	1
B07QWBQMV1	0
B00JCDEYTE	0
B089VR5VC9	0
B09W9N95ZX	1
B076HHQ3HH	0
B07WGKFKH7	0
B001KSTXZ4	0
B00MAXK76W	0
B00FEP9LQU	0
B07ZL5JRW1	0
B00ZR7YU70	0
B018ZP9ZOS	0
B073SGP95X	0
B0C3G4Z4WV	0
B07TBNP29K	0
B0098T4QK4	0
B08R3CKZ67	0
B00583KA86	0
B01MYUN77L	0
B00ULACPA2	0
B08J67RSDL	0
B00W2D1U2A	0
B077ZBTGY2	0
B074XNQ1QB	0
B071JML7NW	0
B00U0HM0HO	0
B07JF4TV4F	0
B00O4UP5DO	0
B07CB7W6SZ	0
B06XCYJRR5	0
B0B1MKN7PM	1
B07MJHYMCB	0
B07B3XBCBX	0
B07JFXGKBX	0
B07YWCWWYL	0
B07CGH4KJR	0
B08VS8LDQ7	6
B08G8DWD6X	0
B00H4DGR4Y	0
B005LABX96	0
B09V7V1DBP	1
B00NTTHL4C	0
B07W46XQS2	0
B017UCOWFY	0
B07J43C386	0
B01MXIRB6A	0
B009YLLI5C	0
B0088OIT3K	0
B07M5P46TY	0
B01NGTN06K	0
B00UBOPUZK	0
B07C1LT9JL	0
B087CYHPYK	0
B00GZR5YGW	0
B00IU05LBU	0
B0177K3W6E	0
B07MV1MR8H	0
B00IMOOY0I	0
B01M8I4N6A	0
B07YBTZJPF	0
B00I9YPU04	0
B09GYDZ779	0
B07BHJJX6C	0
B0779KBBDN	0
B00I3M95LC	0
B00NVHUBH6	0
B08M9FKJ37	0
B07167F3R6	0
B077SRV2RL	0
B07SF8QTP8	0
B011MRLVAC	0
B07YH1FPG2	0
B076ZG865P	0
B086186Z3T	0
B01NAZI8Y1	0
B0752CLCFC	0
B087G7H2ZX	0
B003JQKL2O	0
B001R7FFPU	0
B01N1TNW07	1
B000RNK9QK	0
B08DDT6VVS	0
B000WA9XHY	0
B07DN7767Z	0
B09CZ38XGH	0
B011VKX5IG	0
B015PURVHY	0
B00Y2QHTGQ	0
B0BQV38Y16	1
B01CA5VE20	1
B0C4DVN8J2	5
B00WVSQP3U	0
B07BPWW6BL	0
B07B89C3B2	0
B0892NPDXT	0
B00XIM5VII	0
B06ZZXMG4G	0
B081C5CHK3	0
B01I3FT7HU	0
B00L94IVOI	0
B01HBY6ISU	0
B07J5DYGDH	0
B078TFHRVS	0
B00D1N78H6	0
B07ZRB44TH	0
B01LVUQ1DB	0
B08V82WLLX	3
B07HG2P3QW	0
B07CHJ7V7K	0
B01N2OFZI7	0
B017NEC7PQ	0
B0751411VM	0
B071VY9FS7	0
B00MGTYZT0	0
B00BY92VS0	0
B0BJZZVND7	1
B09FL85MZF	4
B07H6JG94Q	0
B00H8PCSCI	0
B07JK44C4Z	0
B077L13PGJ	0
B071JNLN5X	0
B07R4YP5TH	0
B0B6SBZXXN	2
B09TRFHVLB	1
B076LY513R	0
B077PPCQNG	0
B094HXM6HF	0
B09FMC333V	0
B00XWMVBOM	0
B0BWWXBVGB	3
B0942VQB2K	0
B0B5YD1RHY	0
B074XW77LP	0
B08LND87SB	5
B07Z3M2HR8	0
B00LNCBVRU	0
B09298CRQ2	0
B01K2O2QT6	0
B07T2FGQ76	0
B00JJZQKD8	0
B07G5W42X7	0
B08KT52JQZ	0
B00U0I2500	0
B075Q5QB2P	0
B006ETXCVA	0
B01HG6QR7K	0
B085T38VMN	0
B093BN3KC3	0
B09KGWRHHX	6
B072ZYYLJD	0
B00M3ZJVQE	0
B0815WR6FH	1
B083P6S9TW	0
B0058YFMTW	0
B072N6NMMW	0
B00AQABBPW	0
B07NLKTMK7	1
B00C4NG65E	0
B07JW6WGJY	0
B073M39Q93	0
B07B5N7SF8	0
B074V35GR2	0
B08GGC2J8C	0
B073Y8TCD9	0
B08G81SR12	0
B00D4BPLGU	0
B07BGTRLRG	0
B00WOPRK8O	0
B07F3DMXKM	0
B07K2NLR2P	0
B07XKF2N7D	0
B00CTU36EQ	0
B00T6SM0G4	0
B094TXN9WY	0
B076S5JZYC	0
B01IFH0UUY	0
B07RGPMWHT	0
B09R9PFJ5V	1
B00N51DI00	0
B09JZLMRNM	0
B09QLP4LPT	1
B013Y0M5PU	0
B00I5CRDNC	0
B07BRHRFDS	0
B008E3DNFY	0
B000YQXVXI	0
B017BVZK46	0
B07VLMGVPX	0
B01MY8781A	0
B00MV1DM0G	0
B078W7K729	0
B07YND83QJ	0
B00KTXKSRI	0
B00DU4OQKI	0
B09TYQ52VN	1
B015YYARPE	0
B09YYHM6JX	36
B0187BDTSS	0
B07QG1GLM2	0
B010RSOZ8M	0
B008CUKSWU	0
B07JH38YXR	0
B06XS62L1Y	0
B07D1PFK2Z	0
B0100VN2VC	0
B01L0PZ18E	0
B00KCIHI8W	0
B077HKLRVJ	0
B015P3O4O4	0
B09DPK11RM	0
B07SDNFZRX	0
B00YBSWA82	0
B0C16V3T6Y	0
B07KP626CV	0
B08SBY92G4	0
B018JKUFHA	0
B008BQPZ46	0
B083SLWWRN	0
B0BT17753K	0
B08MZZZX95	0
B09QHMR4CP	0
B00PL5TNMA	0
B07CVSXP8W	0
B0B8JZN5W2	3
B00Q7SYUHS	0
B003L2G2GU	0
B09KLXHNFQ	0
B01KAP8RK4	0
B007EN0NZ8	0
B074W5NSNH	0
B01LXV3IBB	0
B08LGNLLWP	6
B072QBL77Z	0
B016OZLK8K	0
B085KXSKLG	0
B078YHYSSC	0
B087JHRTHV	0
B019WTE8E8	0
B00E0EVTVQ	0
B00THMJ684	0
B01KXEV2M2	0
B00UBTRLLQ	0
B07H2YWKH2	0
B0897HFFVK	0
B01LZ4L0FS	0
B08D3MZ2HP	0
B08L118ZK2	0
B07JYMWQQL	0
B011DX48XW	0
B06XX5YSPZ	0
B077SXG56H	0
B0C65PD81M	2
B078R1JWQP	0
B01KO5M3N2	0
B083FNXCYV	0
B004SWIURG	0
B07VJFY9QW	0
B0188UW3O4	0
B078TZ511S	0
B01NA684EJ	0
B097NZFP3L	0
B00IJHKNTY	0
B01DNIQPE0	0
B01NA6SO3D	0
B0142K7P4C	0
B07NSNSD1M	0
B07B3W2Z9B	0
B07XGDR9ZL	0
B0716LBGJG	0
B07GJJ9ZMN	0
B09VNWMP6Q	1
B0832H8H6Q	0
B01IAKG1ZY	0
B07BN17KTM	0
B08DS7Q2RJ	0
B0085162FI	0
B01MR3YI8U	0
B00XJ83JAS	0
B07FXGDLCQ	0
B00UCZEY0A	0
B00HJ1GGOC	0
B01C7LYZ96	0
B079M8G3V5	0
B005GIOLNI	0
B001EJJB5Q	0
B008K4K58U	0
B07B6X5C4W	0
B00QTFXOGW	0
B07HD5DWKJ	0
B01EJJLAO2	0
B07584B1K8	0
B099K9MBJ7	0
B00KXU0QNI	0
B00VRAWEX8	0
B09LSZKWXW	1
B0B24VW2Z1	0
B01N78TVW8	0
B0038BQM7I	0
B0026ICAL6	0
B08H2CKF4Z	0
B0089V88NI	0
B09SVWTQ7F	0
B07PYNL2ST	0
B07CRJRKZD	0
B07XKVHVZ6	0
B085XXRDGR	0
B07RB18Q5T	0
B098N54JZS	0
B07TXM74VD	0
B07VVDXV6T	0
B09G6V5TL4	1
B0BB2TJWPN	0
B08TQGZS33	1
B005KGF9DC	0
B0097CMEB0	0
B017X4KVNQ	0
B08DPB6M87	0
B06XX3H9CY	0
B08JLGGXG1	0
B00E0ILUCU	0
B01M4NZTNL	0
B07CMWM8HH	0
B00DF11R4Y	0
B00OB5HAUI	0
B0BBMRJ9K9	1
B081MXFVJ2	0
B00B13SFJI	0
B07P9PX7GP	0
B074VTHG8P	0
B06Y4MWLVX	0
B0BMQ9W9R9	1
B016UFFBZ2	0
B0B3JHM7C7	0
B00E808VBI	0
B07QKC6GHN	0
B078WG367M	0
B07Q44NK5S	0
B06X9859KY	0
B0012U47ME	0
B07FLZKLSD	0
B08CXFD8PS	0
B01A1F5CR4	0
B0BFDXVSRQ	1
B081N5L8JW	0
B01JW0XPI2	0
B01BKI8SCC	0
B007RGQQAI	0
B00PTKEUIE	0
B09K4MSKYF	0
B0B3J5H9D8	1
B07GFQV6X9	0
B01H8O0NBQ	0
B0B3DJXPHC	0
B072LV8997	0
B07NQF3VXR	0
B07R7ZG8NJ	0
B0797QT3ZL	0
B009AMW48K	0
B06XRYF1SY	0
B07HCJ9HLK	1
B006FL8TH4	0
B0B5LHXBHL	0
B01EMOTX48	0
B003KGWUKE	0
B0C6V2WH99	0
B0BR7NSYLQ	0
B07X9X5QLC	0
B088342D9B	1
B07GLKT34B	0
B07MT46LYP	0
B07PFY1Z34	1
B092LVLW1Y	0
B00NGXEKKO	0
B005LX28Q0	0
B078JFBYBK	0
B00BOWTQ80	1
B07T5Q7G8R	0
B08CK4H95P	0
B077XHQLFH	0
B019X81NC8	0
B01C7CID98	0
B07B2SP6SP	0
B01MQVS5J6	0
B013F9W1OU	0
B092VXGG1K	0
B07KSRCVKF	7
B08RRZ67NK	0
B074G36SPY	0
B06VXNJ4YH	0
B01CNDAT70	0
B08XXP1XDW	0
B003MV1A6C	0
B07JJTGSYQ	0
B0983577HQ	12
B07KZ83V6K	0
B08CVKDHGG	0
B01HHAHUJ4	0
B07TXH6Z4T	1
B07SQB8Y8L	0
B07VQZ78SX	0
B0857JPKMZ	0
B00KVEKL4A	0
B07B47GFR2	0
B017HV0M6G	0
B07DKYDKZG	0
B004KNWHGS	0
B003XT5FMI	0
B07SBB8BFC	0
B08XBN5FQ9	0
B0092SIIDC	0
B07RPS9FLT	0
B09BJYKQYQ	0
B004HE9UCY	0
B0BTLNVCLG	1
B005HEPHI4	0
B0B8V3Z84T	0
B075K91P86	0
B00HLWR5S0	0
B01LW7QFUH	0
B00S0JDJDI	0
B002NXM2PS	0
B019XNALBM	0
B00S1KSC38	0
B07BMKJMXV	0
B073VRV358	0
B07C1KMPY2	0
B086TYR5DH	0
B07Y1VKFLK	0
B000VDMLR6	0
B075D8GRHT	0
B009LPEHHC	0
B00B8SDZSW	0
B08PCB9WYY	0
B07WSXKWQL	0
B07P37K9D7	0
B084Q6KTQB	1
B0012J0UE4	0
B0054QN75U	0
B002CMLPNA	0
B08K48T9VT	0
B088K6QZ38	0
B07D1TKFLZ	0
B01LQAT47M	0
B07QSHTWC7	0
B06XP1DHQQ	0
B086YXQL4G	0
B08MKNMGQW	0
B00PBFTP8W	0
B08D9PLWVH	3
B00LP6Y73Y	0
B002N629OO	0
B07B8NX7JX	0
B008KGJZMA	0
B07MNX9P5C	0
B07R5MFX3H	0
B00T42GFKY	0
B07Y7TCQ1Q	1
B078SRM9X2	0
B07G9WTD32	0
B00WDWC6HS	0
B00B6E9RVW	0
B00QJBS3ZS	1
B07K9RPSPC	0
B08JHWFGN6	0
B076Z9Q5HQ	0
B0BQJDDPSC	0
B081VL5DWQ	2
B000IHQ0MC	0
B078NJ3RQD	0
B07R3K8R37	0
B00OW9JGNC	0
B00919FKQA	0
B09VCVXL38	1
B0BZ4TC8C6	0
B076BLX339	0
B0073R8J1A	0
B004FXOH3E	0
B073J57MZG	0
B08DLMZKLL	0
B00AL23MHK	0
B0B64PYLSQ	1
B079DQGRDL	0
B09D2ZPTC9	0
B09BQXF71Y	6
B09783WW15	1
B08D3DM8NW	1
B07BRTDNKZ	0
B08NYGNTT9	5
B0924Q3HYH	3
B072Q5G5Q7	0
B07Q6YRB76	0
B07P4LZ2X9	1
B001LIEWVS	0
B073CQFG41	0
B07BJ8CD51	0
B00414XAFI	0
B0755GCKZZ	0
B094G2PM8T	0
B07T7LX37W	0
B07XHPVVCW	0
B00ATUHPJA	0
B01L3B1FJO	0
B074MPB8H2	0
B075MDRV1W	0
B07JVSYNPG	0
B088GWWKKM	0
B01N8RU6H5	0
B00ORQCHUO	0
B07CXVS1GZ	0
B00I6Y1WCW	0
B08XVV3YZ9	0
B07FD3PYRD	0
B00UDMC404	0
B00FS0Z520	0
B001CWAPZ0	0
B07GYRBLKS	0
B07BGDKJQN	0
B0084DPJL0	0
B00O4CS976	0
B01L37BM1Y	0
B017UHSRJQ	0
B07Q6B3532	0
B00SXE7MBU	0
B01LZMPGES	0
B07X2YQ2P5	0
B002VJKFB2	0
B08738T96C	0
B09726G8B2	0
B084C4N8ZV	0
B003HCRNE4	0
B07F3KVPVB	0
B09BNHYCVT	0
B0BRQBN4WL	0
B07PDRKKFS	0
B07Q9QHFC2	4
B00E8GROM4	0
B07R8BSWMW	0
B084RJSC43	0
B00XO3J0JW	0
B00T9DUEN2	0
B07FBLYVTQ	0
B08LT5SXZX	0
B08CMHPT1P	0
B07GLHQV9T	0
B0B6SMD3NL	1
B07GJGJ74X	0
B07P6CPGNH	0
B004DEPOBE	0
B08XY54PNP	0
B08H5HKHHS	0
B098NS3VGP	0
B01F5K2CT6	0
B07TJQL294	0
B014WEEAQ4	0
B07BKWB29R	0
B06XQ1D86H	0
B00DX7SO1Y	0
B01N10K3FB	0
B000PBIJM0	0
B004P6FRGC	0
B07JF2K19P	0
B0BS11ZGZJ	1
B07T313SB4	0
B077M7CX1P	0
B06XJZZJGJ	0
B08CMVHNDW	0
B016B168CK	0
B0BGW22141	0
B07MNHW32B	0
B07FLYKN2H	0
B08VDBYS1Q	0
B00S82UE7Q	0
B083543DPD	0
B06Y3XY8BV	0
B08G4K61QW	0
B00K5L2MMS	0
B08S6W7VV9	0
B0015WU5EI	0
B07NZ1XMFQ	0
B07GF6DXNZ	4
B092MWQ618	2
B00HV0K4IA	0
B0BFVFFHKS	25
B004WMEY8G	0
B00H3J8ZGW	0
B08D6K3BTP	0
B08THLR7KS	0
B083LYQ6YN	0
B01549S45O	0
B07T46P4XX	0
B09L7J7M5H	1
B07G9CXNWX	0
B005H40GEE	0
B01BQ742LI	0
B079MHXMH3	0
B06X8ZHV3C	0
B06ZYKK5R1	0
B08L1YYC69	0
B000UMP7Q0	0
B081TL4Z12	0
B00V2NNZ9W	0
B00EW4HK08	0
B0131RFILE	0
B07QWD1XXB	0
B0B3MBLD3Z	0
B00PX5D1IA	0
B005N54KI0	0
B077BCYG46	0
B01FIRW0S4	0
B07DPM8H8B	1
B09D39C98J	0
B07ZRDGL7S	0
B01N1HSW0Q	0
B00J8KEY96	1
B01ES3084W	0
B00HZIPMVC	0
B09Z2N1C3G	0
B009ZX8XGG	0
B09MG8QMCW	1
B073R2KFYZ	0
B08CN5PK75	0
B087NL2ZHP	0
B0BW8WLKZX	1
B01N4DAU2P	0
B0B59JTVLG	0
B006R441E4	0
B07B8BMBNW	0
B07D6M29J4	0
B00SUXA8ZG	0
B09GB6PPNG	0
B00CXB213S	0
B07BKVTLPV	0
B0BJTM7L7G	1
B09LRS43VG	0
B08B41TPCK	0
B01DRFPOLO	0
B00UKWWH90	0
B014H7Q76C	0
B078JGR1S6	0
B01MRQV5MN	0
B008J980ZQ	0
B0724ZFRCS	0
B09CKZR69T	0
B01LF7UCV8	0
B010ASMWIO	0
B07D45TMS4	0
B07FZK1381	0
B0711X8C7X	0
B07B9XDJL8	0
B07KNDS8WD	0
B001ULD8OS	0
B00S5CTYWA	0
B07ZXM8JDC	0
B0784C7MK9	0
B00RW5HFNG	0
B0184O9VJE	0
B0071EZZXK	0
B07CKPWPJJ	0
B07F366Z5Z	0
B092QT3YL3	0
B097LPVNRT	0
B09H1XSQDN	0
B006PDX4F4	0
B08TGC7CY9	0
B00LBOWC00	0
B07VHBXFG5	0
B000F7UBO8	0
B07SJRRBKW	0
B07QNXCMRY	0
B0932WL69B	0
B00O0D9BLW	0
B01CZYNNLQ	0
B0B7FK5FBQ	1
B00CBR9A74	0
B00NW5DGSS	0
B072HN5H32	0
B07SXDGQM1	0
B07CKWKCCS	0
B01510U4T0	0
B00L3ZOOVM	0
B072N3GW4G	0
B016B77HI8	0
B078Y2X2VM	0
B09N4ZV3D9	0
B08RDHCKJ7	0
B08RZ33V6C	0
B0BNKZPXW4	0
B00JNBG8JE	0
B00FOQ70HQ	0
B00GT1EAU0	0
B07VSN5T5G	0
B00YZONQGW	0
B07P1YLSXP	0
B008HALXTW	0
B07FYLL865	0
B00YSGYNPK	0
B0847J1T2K	0
B014F0ZY7O	0
B01D0PPYZ2	0
B00FZFN9FI	0
B08XDVVGVY	1
B07DD6QXLT	0
B01JIE0ZFS	0
B00SHY706I	0
B07QPN1QLT	0
B07ZHXTZB2	0
B0111RB1SU	0
B07HVHXBD8	0
B0058XD88A	0
B08CXSKPMN	0
B0B17FM112	0
B07B9RNR64	0
B07B9XCMTX	0
B08NXDCTWK	0
B008BMP92I	0
B0713SD1P5	0
B01MSZ1IHL	0
B0716Y5F88	0
B0751TRBF1	0
B015YKJQW8	0
B08M64C67V	0
B08ZYLK2CH	0
B096TJH3SG	0
B00WDW9RZM	0
B00DVQO7DG	0
B005KLCOIK	0
B00JA9T0OE	0
B0978PN63L	3
B005HEV0SA	0
B01F622IPQ	0
B01263IKMS	0
B0B5DDXRJ2	1
B0714QM876	0
B07FFJBSWD	0
B085NHQ946	0
B088P6F8X5	0
B09DXQ29CV	3
B07WVBSBD6	0
B082MZRMDH	0
B00KLRU1UG	0
B07PML81KV	0
B07N5BGGRL	0
B07XLY4TJQ	0
B0188S239G	0
B00BK2D7NY	0
B08R58NTVY	0
B085BKWZ3D	1
B075WCDXFY	0
B0054G5UUK	0
B00QTOJWKA	0
B01D1ZFNGG	0
B07CMP3PG8	0
B00AW8IJ4E	0
B07Z338LY6	0
B07V3HBPGM	0
B002PBKK3E	0
B01C8JXGXS	0
B0C6BS1GSD	5
B007USDKWA	0
B01NCIAL6Z	0
B0000TQ8FW	0
B07MLW5YQM	0
B0928R3KNY	0
B077H31CBL	0
B00NVPI5MQ	0
B01E8O6NX6	0
B07Z463G75	0
B07B3PZ7SZ	0
B00FIY1XZ4	0
B01C47NZC6	0
B07YJJCD4B	0
B0B5YGKZNR	1
B00DJ81OL4	0
B077PGM9L2	0
B00PB7YJEK	0
B07NZ4V6HG	0
B07B29YY2L	0
B00DR72Y0C	0
B09VL4BPSG	0
B0713NKK2S	1
B00N4SLXFQ	0
B07GZL93MP	0
B08JGCSHXP	0
B071FTWDSP	0
B002ZJB3K0	0
B079FY82XZ	0
B07BSJ1FPQ	0
B07STDS4N6	0
B07MZYGW6M	0
B07MMWYN71	0
B09BZ7L87F	1
B006C4Y47S	0
B08KDFMW8F	0
B088QDRF82	0
B06WGQ8VCQ	0
B07GBH54KV	0
B0B7R5BCK5	1
B07VTQWPHM	0
B08HMLXPGR	0
B09XRMDYJW	2
B07WC98N1Y	0
B00KWLOLVG	0
B00F54MHEI	0
B01H46KUXY	0
B07PVFF9YK	0
B081TLKRD4	0
B092B6TJ57	3
B07CBS33YJ	0
B086VH5M72	0
B019P2AVIE	0
B078KF6W6T	0
B09HHG98HJ	0
B002YRK3HW	0
B0871YM3Y7	0
B008O1YYYA	0
B07YD28ZNX	0
B07DMC3DKD	0
B07RNFW9LN	0
B002UKEUN6	0
B00DHHO3Y2	0
B077L98WXC	0
B00E3MYPYI	0
B09JS72K73	0
B06XTLXGRC	0
B0083IB2SK	0
B00O42RU3K	0
B00805ZJF8	0
B00XWEDQTI	0
B01M1L39C0	0
B07YY2YSH9	1
B01M3355O3	0
B07BYSN33J	0
B00AI1I15M	0
B07RFJQ81F	0
B07N83DQGP	0
B07JH9BW86	1
B07CZJKB8V	0
B00CEKL0V2	0
B0BWNJDWMS	1
B079B9633V	0
B09BB6TNKV	1
B07D4CC2X1	0
B00V4OW2AM	0
B094HNW6BQ	0
B00QCHLXG0	0
B01CUW930S	0
B01IALSZIE	0
B016A23VKW	0
B07QQNZ3L1	0
B07T16QN9H	0
B0BB3D4CGY	1
B01GVB667M	0
B07J6QNGY5	1
B00US4VN5Y	0
B099JX9Q25	2
B07XCKRJXM	0
B07CWHJTTF	0
B079ZQR39Q	0
B09BNFRXNS	0
B07H651FJ9	0
B0B4B7MYGZ	0
B01J28KVD6	2
B07TQZMYJN	0
B01DK4KK02	0
B015SSRV4Q	0
B08MZVNWML	0
B081T3R81G	0
B07N432H6V	0
B00B6YXDN0	0
B09X6KTSTM	1
B001TJ2JM8	0
B00LID1YPS	0
B0087ZOVT6	0
B08JSHD6WJ	0
B005ERLDR8	0
B00GKBM844	0
B09CM4MF7M	0
B08CVRVG72	0
B0040ZONA4	0
B0924BFDSP	0
B08ZJ7VQ5X	1
B06XPKYJSK	0
B002TOL306	0
B07BS24G5T	0
B00BGNB9AA	0
B00JQ96PW8	0
B07W95KQCP	0
B008BM0298	0
B008FHKFVE	0
B08DNMM48S	0
B00A404X4A	0
B07MRKJYYW	0
B00SL1CAQC	0
B00TOBRYH8	0
B00JYKQJZC	0
B083BV4F1P	0
B082VZDR4V	0
B08VDFDXM8	0
B09MF7BXGK	1
B005TKIR74	0
B00MUB30O0	0
B00E5I0QN4	0
B08NG2BBLB	0
B07VZX7RLT	0
B07PWD9JHB	0
B07KY9MNK3	0
B0999623FZ	1
B08GZBM8KC	0
B00HVV30TY	0
B00UX85RQQ	0
B0745J4H7Z	0
B01FXU862U	0
B00RLD54GY	0
B004NDDJ8U	0
B015HZGEXO	0
B00742DAF4	0
B071CR81F5	0
B076SC6NV7	0
B07Z8KX4JC	0
B07L5F818H	0
B07FZXXDJR	0
B06XRKG9VQ	0
B010RSPYPU	0
B06XRYLLCS	0
B01I302AWO	0
B08CCTCXKY	0
B08YNL6Q69	0
B014JULYG0	0
B07KJHJJJ8	0
B00AQ9JQ1E	0
B09WW1V8SN	1
B0895LLLN8	0
B09Q659744	0
B0BZWYHS49	0
B092VV3V7C	0
B01MTCUF4M	0
B003HKZK64	0
B09CH2SNBM	0
B00ZVP0K2M	0
B0028TRB2G	0
B07YF8LBN2	1
B07PBZCDVD	0
B07GZC3BXD	0
B07FR2NV9W	0
B07NNRSQG2	0
B07QBNV57Q	0
B08GSNLHNY	0
B086L3XHSN	0
B075HZGG4Q	0
B01M0PIWTI	0
B0BG36TBVJ	4
B07MT522YS	0
B00D3HX3UQ	0
B078XJ93KF	2
B0BMB951KM	1
B08HS9TF9W	0
B08H8HFKGC	15
B00LWEMSLM	0
B00GA3W3FG	0
B00SGC7W4G	0
B09PYTRWHB	0
B00EP07IT2	0
B09RTHWNQC	1
B09Y1KWYQ4	0
B00AIBR65S	0
B088THK3RH	0
B00FNNFH2A	0
B00DTK2MZE	0
B07VVCND2P	0
B00UKTM5D6	0
B00403LY8U	0
B089ZZ6V43	0
B092J4ZFNN	0
B0BHT5PJRH	0
B00MRH0QD0	0
B07H7543V2	2
B07H4LBDCS	0
B00O2SJ4V2	0
B07TNF64MG	5
B07BNY6P5S	0
B01BCWYNNY	0
B00EBCJQFS	0
B0C53SPS6C	10
B07ZK567BF	0
B010ATTM5O	0
B07JMK8LYW	0
B079XZLFWB	0
B01K2I97NA	0
B077JD4XJG	0
B09MBNPJRD	0
B00ZFMIMUS	0
B00EZ04FP2	0
B07BFL9K3C	0
B00B5L5102	0
B01LAQO7II	0
B07GX536D5	0
B076QC6TYF	0
B07XDTH2DC	0
B000Q6PWQU	0
B00PVF3I6W	0
B0B35C6N8L	0
B00B1KC8KI	0
B0073E54Y8	0
B01I25OX4S	0
B071XJNXL9	0
B091KGNSL6	0
B075D91TMN	0
B01N2QQOY6	0
B084F7FM5N	0
B005FEQ3MA	0
B07XBPVLSD	0
B0876FTDQV	0
B073ZM2ZWN	0
B001EYU5TM	0
B004X5V822	0
B00UI4VPXO	0
B07H4PJJ2M	0
B001I0GTJM	0
B071R78QRR	0
B08C9HNGNC	0
B073XG4465	0
B013HW1NQM	0
B07K85B26C	0
B07JVQWCCH	0
B08RXFZM7D	0
B07W1B88YV	8
B009PGGXZQ	0
B07BC4XKJ1	0
B06XBYTDCX	0
B073RW763F	0
B07HZ44QPT	0
B010TXYITQ	0
B004D164CK	0
B001W02XUW	0
B074N11PN2	0
B08S75S73J	0
B072JZPGVL	0
B077BG27NX	0
B0888TVVRF	5
B08QZPT132	49
B00V5K5OWI	0
B01MD2CU9A	0
B07P5JHV8L	0
B09DC8PDW8	0
B018T292HM	0
B07779Y1G6	0
B06ZY5SMMG	0
B01MUAPJV1	0
B0771XG876	0
B00XWM1SU4	0
B09H78ZZW9	0
B001J6ONWA	0
B09KVKNYQY	1
B09R9X72MS	1
B01MYNIUM3	0
B07GD9HL4J	1
B08HR8T7YN	0
B09JFM6FP5	0
B0BK16S938	0
B00FPVLRLK	0
B00R61A2W2	0
B013W254X0	0
B09J1Z7B28	6
B0C5ZXV1M1	5
B07PNVPN5Y	0
B0889K1JQD	0
B005R1SRKW	0
B00387FVRE	0
B07YD1VKZK	0
B00IX3ZBDC	0
B07S1MS9P6	0
B0020A0TZY	0
B087CX9LKZ	0
B08K8DP1XS	0
B01KT98LRA	0
B09G35JD7R	8
B003HKRFAI	0
B00VKPTFFA	0
B0B3DXPV4Y	0
B00OZU4G6K	0
B071CTP69M	0
B00SJ7MIQK	0
B00U23VA36	0
B073TZD2VK	0
B01N3873ZI	0
B08FRSB78T	0
B010Q5UH1A	0
B00OKLCQ0C	0
B0BW58Y2LF	1
B07YJKPWR4	0
B003EZSHMQ	0
B07G3MV6RH	0
B01CQL5ZAK	0
B07HMT4SH7	0
B000KI805O	0
B0194588XW	0
B076BSB45L	0
B0743JNHQC	0
B07SRXTZBK	0
B09NZDC2BK	1
B00RVBILOS	0
B0733W97X1	0
B082S97GGY	0
B0756KYHQ7	0
B07V3MYXFR	0
B09HMVWLM6	2
B07P8NJD1R	0
B076J26NGC	0
B07VK28K3H	0
B07PZTF782	0
B00CPWJ1YC	0
B08LG49FP3	0
B07QW5FP24	0
B08HX881Q3	0
B08S7GZ8BT	0
B01N0QUEBY	0
B0771Z6QYJ	0
B01AULR984	0
B01M1RNTRI	2
B09VT5MZHQ	0
B07CB4N9B4	0
B0CC4MGV6B	0
B00WDW03ZU	0
B0B8HTPBLR	32
B076QYMYBR	0
B088THGYBS	0
B0858VKKLV	0
B01KMYXPTQ	0
B07SSX1Z5D	18
B0032AMW60	1
B00ASPZ1IS	0
B007MDTBHG	0
B010EZICFA	0
B00T5ZDMMY	0
B01D1WEFEA	0
B07CL834J4	0
B01M4P725G	0
B07MNWBP6Y	0
B08CDYKN1S	0
B00UW53384	0
B07MCSSTRK	0
B08WN989GP	1
B07VG6HSQM	0
B07G61Z89K	0
B07L9B727C	0
B07DHW7RHF	0
B076V7Z85W	0
B01B8I3BMQ	0
B017SSLJQ0	0
B07KQP21LX	0
B01MRXGCJ4	0
B01MQVVO5H	0
B091C2S833	0
B00IWXE0DK	0
B07SZP15BN	0
B00RMO0FYS	0
B01HCHOCJ8	0
B089374PMD	0
B07JGBBHPD	0
B072J82CJC	0
B00CGONV0Y	0
B0765V8JFJ	0
B07S1W8TDL	0
B08FXR28VN	0
B01H76GF80	0
B003KFS4AA	0
B08BTQLCRN	0
B07MS5NB5Z	0
B00081EWC8	0
B0BYVNVPSG	1
B07VQ6TJXS	0
B07JHT1RGW	0
B0744LW5GB	0
B073X29JXD	0
B08GH7X646	4
B07X22VHFW	0
B006YRUWD8	0
B088KG22L5	0
B07L56T464	0
B07JQRVC6K	0
B00JFJMOBA	0
B07Z1Q2S88	0
B00BOVI0JW	0
B01N4LAWOB	0
B07FKVMGY5	0
B00JRNWCPM	0
B00Q3G8IHC	0
B08CD17Z3H	0
B07MTCZKNR	0
B00HZ9UFTA	0
B076FDQ37C	0
B005DD2A7K	0
B08TTL196T	0
B0BJ1NXHTF	2
B01B3YTS3Q	0
B08FBW9JBB	0
B07D9GJT7M	0
B07485V1HZ	0
B08LNGYWW2	0
B087PD12P8	0
B001KUKSPQ	0
B009H8Y5CA	0
B07W9JQXZQ	0
B00TI5KZNA	0
B0168TRR9S	0
B00B80F1K0	0
B0993CFRNJ	0
B081XCL6K5	0
B00AHVL5QK	0
B00ONVNJQ4	0
B07P4JDMRF	0
B074P9SHKW	0
B08GFZPZXT	0
B07VSNK5J1	0
B07TGC3D9H	0
B0BK3B2XTJ	1
B099NTWGHM	0
B07HGXJYNM	0
B06WP3PPR2	0
B00W0UIC76	0
B09BN5SVCZ	1
B00SKAL4A2	0
B01MDU9QAO	0
B00YM9FUQO	0
B00ZTXF23S	0
B00T9KE85K	0
B07RDDTKTC	0
B09B75VF8K	0
B00EZKRTVE	0
B09BVC89F9	0
B00AMX599W	1
B08FY2SFL5	0
B0BX384YTG	1
B07N6DCYVB	0
B088L12HDJ	1
B00PDBJJL2	0
B07N66LFH7	0
B077JZFW53	0
B01N7F6XY2	0
B079M565WT	0
B08YD9YPZ1	2
B086VSKVX4	1
B077W8ZL73	0
B01010WAO2	0
B07RDM6N7Z	0
B0B18KV811	0
B07FZPWP8T	0
B09B1RHH8F	0
B008D08VSW	0
B07QSHVN5D	0
B07N8KNFS9	0
B08F7651V1	0
B07KNVQYHV	0
B0BM74R32Z	1
B07DPNFST4	0
B09CL5LBNT	0
B01MTL6EAJ	0
B07VVN84BC	0
B07RGT1NJH	0
B07WZQ2WF9	1
B08CDZH5WN	0
B01MSQAH09	0
B00YEDPP68	0
B088THQWR3	0
B00AFCMCPO	0
B001GS6Y0A	34
B01L2UAPWO	0
B073S5NZ78	0
B09QLB5YMF	1
B01B7JLSWQ	0
B006IUBTJM	0
B00KVRYEKY	0
B0713SJNWD	0
B07G3PJYXB	0
B09R2HH28Z	0
B071KNJYBX	0
B07DLKQ6L2	0
B00JALSVUG	10
B00MGVZCVS	0
B0833LHS92	0
B0BFH6YXVH	1
B004H0MQS8	0
B0BJ1RXL99	0
B004991YRQ	0
B005S2PTMO	0
B00N80RK0C	0
B07DQDZZTC	0
B081BJLPXC	2
B0062BDCT2	0
B07R44XVQS	9
B077BMFTBD	0
B079FRG47T	0
B019F8PBTM	0
B073Q1FRK8	0
B078Y2HDZT	0
B003ZF9X7S	0
B07GGH4GJB	0
B087PD1Q55	0
B00ME7Z07A	16
B07T4PK7T7	0
B00MV7ASKW	0
B06XHTCPDD	0
B01596GG2U	0
B00L7HWW0Q	0
B073HKWP35	0
B0888VX3PH	2
B07JGCKR5G	0
B07JB5G1TW	0
B07WTC11SR	0
B00M11MO2I	0
B09H33WFX7	0
B077G7ZDVX	0
B08GZ7RKQR	0
B07FFJZNMS	0
B08FFJQ8HD	0
B0089Y8FHO	0
B004LPDML4	0
B07R9YQHS7	0
B08S2TV3L1	0
B06WWB8RDS	7
B09NVBH5RH	0
B00DW4HN2Y	0
B0BQMD9RKY	1
B06Y5VJPTS	0
B07N589PNW	0
B084VQPTYL	0
B09N8Q9N42	3
B07ZFFN6W2	0
B07PHYZS91	0
B076F49J8D	0
B00PQBARHE	0
B09PB8PFY7	0
B0B3RFJ2D5	25
B07Z4D1525	0
B00B7T5MQA	0
B097YHL357	0
B08QCJY5DV	0
B08DJ1LLP3	0
B01C1LFXO8	0
B09VC31B28	0
B07SRC6YMV	0
B07FLTQKZZ	1
B01A2XQR0G	0
B07FWXF7PQ	0
B081ZPZN3J	0
B00YX0AXVE	0
B071LS269W	0
B009PT4P2G	0
B06WVNYDCS	0
B0B42GNRJJ	5
B01B3BLD5U	0
B09HHH4B3P	2
B09F6XVKYD	1
B088WBT8LJ	0
B008YU8VOK	0
B0188HXOGI	0
B07CKDRTCL	0
B07DVLVZ3H	0
B09YXYKB24	0
B06XTFRQKR	0
B09BCHZD5D	2
B078Z1P6G9	0
B004Q7D3GQ	0
B07RB7R482	0
B0B8XX2CWM	8
B07XCTXV2T	0
B00DYQQ0SI	0
B07GCQM7YS	0
B01DLY3VFW	0
B00O5UCCY8	0
B079RGF7SH	0
B07L8YTBXV	0
B097QRN1Q4	0
B008MCSTRO	0
B01NCJGY9P	0
B09JMZBH8F	1
B00LM5X6R6	0
B078WHGQNC	0
B07PTCTWYZ	0
B00E85100W	0
B07JW6PCPX	0
B0BXSLLX4J	0
B00D75V12G	0
B081V3PM44	0
B08KHQ35VG	0
B011XZ2I0U	0
B095P4535J	1
B009XZMIIK	0
B08LD7GL7S	0
B01MYA7HOM	0
B00WJ5JCKI	0
B07ZVF8S3X	0
B0762HS9NN	0
B00FYL4OO8	0
B00XXZDPIS	0
B005LCEZ30	0
B00NC68RS6	0
B019F0SN0O	0
B00BTJ9UPM	0
B06XSYPVWJ	0
B09FVQP9ZD	2
B01M5G48ET	0
B09LRBKZYT	0
B00SS7OOZO	0
B0038BRUG0	0
B07F7W1D3Q	0
B00V7TGSAO	0
B00BT0CS1E	0
0800732022	0
B00FSJZMOM	0
B073SDDC1Y	0
B084RS5LNF	0
B00IGBKPKU	0
B00CDWNR08	0
B072KGZW49	0
B00623L1OI	0
B07W7C285C	0
B07L8RR5S5	0
B08BZ6FGSL	0
B00PNMGTJQ	0
B07HCV4N8V	0
B00UKXH1XG	0
B00RL1I6GQ	0
B00R3CS3U2	0
B00GUY1XY2	0
B09SPV851V	0
B00COZPFA4	0
B07Q44S2QW	0
B07T8J8WBS	1
B07RM6FNNS	0
B006PDZ7NG	0
B07CZ2TPVB	2
B08FG8N6W3	0
B08BXPLMXR	0
B00QJ0YW68	0
B088Q8DB42	0
B095R6H7WY	0
B009XOOBMC	0
B07PD7ZRZ7	0
B073V3YBQH	0
B095H3J9X4	1
B008FU16KA	0
B08PKYFNTZ	0
B07GRNT7B5	0
B0777SVTSJ	0
B00ATV9HLS	0
B00FCV0PLQ	0
B07GP481JQ	0
B09BVST19L	0
B074QRPLXJ	0
B01NCJ94FC	0
B071S6DRT8	0
B0BJJMWC8B	1
B09QRMJQ4J	0
B00Q66NPMM	0
B07DRCNHQV	0
B09D2QCBJ6	0
B07QMND83T	0
B08QRZ582Y	0
B08KDZC1T1	0
B08CRPJ3C5	0
B00N1NGE94	0
B08LP8CBHD	0
B00H8EF1AU	0
B0711SLKGV	0
B00MLTA0LC	0
B077VMQGL3	0
B00ALSQJA6	0
B00KM4R3M2	0
B00NBAXN1E	0
B0031MADUQ	0
B003FLMK9A	0
B084K73NPS	0
B09TLF91NG	9
B07KNKZV17	0
B06XC57PW7	0
B00WIXWR4Y	0
B00WBD6OMM	0
B01N4SKCJ1	0
B071LJ8Z7V	0
B07N2MM416	0
B06Y2Y96GX	0
B09T6SWCBV	0
B08X45Q73V	0
B07D9QBJGJ	0
B0821ZDQB1	0
B07WMNT26N	0
B00FJWSD3U	0
B00GFZNLPK	0
B08T9QDN1R	0
B00KL8SJI6	0
B00HSZ4Q4G	0
B076WZ9JW9	0
B071SFTGGT	0
B004D9CUWU	0
B08HHB8DZJ	0
B0C5VGTLLC	0
B00M7DTMNE	0
B07CZ862B2	0
B094D15B1V	0
B09DD2DLFF	0
B00O3YS7GI	0
B00NNPY30M	0
B00I4W65YQ	0
B00DSKXBI2	0
B001MWS2W8	0
B00KZOYK2A	0
B003VRA14E	0
B07R8P8WCB	0
B07GL44XLD	0
B098JQG1YV	1
B005HETK28	0
B083BVSL3F	7
B0C6M119VY	1
B08DFHV17C	0
B00P0S4WF6	0
B085271VTV	0
B000UF30L6	0
B07T2FSP64	0
B088KJ1XGY	2
B09P7JKHTD	0
B077TZT4ZG	0
B07T2VNL9N	0
B010OZJ556	0
B07TK99JGZ	0
B01LXKICIW	0
B07BJYM26D	0
B0039NMX0K	0
B09BQ4G5BD	42
B083P4J14F	0
B0CBXTKC6R	4
B008OXHQKW	0
B097MQTB3G	0
B00HQ4K49U	0
B00SM0JLLY	0
B08ZK5S174	2
B09FDV8KZ8	9
B07L1XZHQ1	0
B00KRY5FYU	0
B019FLP2V6	0
B06XBL124W	0
B00DD1WJC0	0
B08J5VQMSM	0
B08D3M2T85	0
B00DHX7L86	0
B08JTT13SC	0
B082YN2GYP	0
B07QDWKTK3	0
B0BFWKJBHS	0
B09CGMKC9W	0
B013RIZZDS	1
B01N7A208P	0
B01MUCA1L5	0
B07H17X94W	0
B07J5QS69J	0
B009ZPJO9E	0
B08BCTPXQS	0
B075372HXG	0
B07LD5NQPJ	11
B01N6UKXS2	0
B072V4X4RT	0
B07KYK7DLF	0
B00VNZLNPC	0
B00V4ZQYWS	5
B01A6WCNL0	0
B000QCFIBI	0
B08JMB8Y7H	0
B07L5TDG4S	0
B086PGHZPJ	0
B07WQXC1HL	0
B002PHMMZC	0
B00F0IGN2Q	0
B00T5OPDDG	0
B089SJPBVN	0
B07T3R688T	0
B016BTXN84	0
B00GHENKFU	0
B09DQ5C6Z6	0
B014MAJQZ8	0
B083P49XBY	0
B098XMBFP9	1
B01IAV1BI0	0
B07R6V2GXL	0
B00UXAONT6	0
B011L2KJIS	0
B00VBDQRI4	0
B0B41GLJWB	0
B00VRSHLSS	0
B09R6LTJ4V	2
B081JQRQZ6	0
B091T7HZBV	0
B075FB12ML	0
B00LNISSK2	0
B01FYUGEVE	0
B00K0KBUIQ	0
B00943SWJ0	0
B005H4YCDA	0
B08Y6WFK79	0
B0B2PHTFJV	3
B07DY26TNW	0
B07HNF5JVT	0
B00713IHKY	0
B076BT3VZ6	0
B005L6ITZQ	1
B08Q3B6DK8	0
B011HUY1UG	0
B0B18NH7K7	1
B07VFYD94K	0
B01FY6OHJ4	0
B01HN3FKCO	0
B07BMPKQZD	0
B07CDCQJMZ	0
B00524RHTQ	0
B083LRG2DD	2
B08T5T9GX4	0
B017BZV9DI	0
B07WFCKLT5	1
B07TB24485	0
B0191JT38K	0
B00Q2KTCYC	0
B01LX1V72Q	0
B01IQPGUB8	0
B073R3D8L1	0
B00Z91DYPI	0
B08H7WXL5H	0
B01MR96GJD	0
B00EU4BQ46	0
B084JT4M9M	0
B07VB5K66G	0
B00BLOET4C	0
B0170UWZNC	0
B00N5B77AC	0
B00B3EF3L8	0
B00B5X88VO	0
B081TMSYH8	0
B01IWB0GM0	0
B07CMBH6TC	0
B095P47BP5	0
B01MTK4PEN	0
B08TWRZKV2	0
B0BY7W9C9N	0
B01LXY4P9F	0
B07H8GCTV2	0
B011F2AS9O	0
B00AOH7X4K	0
B074M8GGTW	0
B01MR2MQH6	0
B008H5U1YA	0
B08M8KDC7Q	0
B092R22NLW	0
B00R0RUCHC	0
B01CRJ2Q5S	0
B09PTR5TJP	4
B002HOQER0	0
B07F734KM7	0
B08DNMW2X1	0
B08K8DDLQN	0
B004PGTFIS	0
B00FA633X0	0
B085NR3CTM	0
B01AX1O8EE	0
B07HQYSB8V	0
B01N5S7GVM	0
B0922LT21X	0
B073PZ8T89	0
B07NNMZZ1K	0
B01IPJDBEE	0
B09C6KSNY2	0
B07FKTGXR2	0
B005CI41B4	0
B088QDY4D9	0
B0722H54W7	0
B07P8FL7BG	0
B01LAB2R6M	0
B081NZWZPQ	0
B079C72SK6	0
B00I192DZC	0
B08629JS7X	0
B0BCV3DVPJ	1
B00B1NCPF8	0
B07R4HLCSZ	0
B07HHZ36HH	0
B07QPX9XMN	0
B07J9NFV42	0
B01KYHLYIK	0
B0756HDH8B	0
B07KYGWYCB	0
B002LZTC9W	0
B007PMRTB4	0
B07QJVZ639	0
B07Z6VLWM2	0
B07NKFQNJG	0
B07CGHJBRW	0
B07Z2SN6LZ	0
B07CWL4PYV	0
B00I4WB884	0
B0BFB3T4ZC	1
B09MFMFCTP	0
B00C5J4172	0
B000M4M1V0	0
B0044R8XR2	0
B0948XVR9V	4
B088153CFY	0
B00N0FY31O	0
B00D2QGWE2	0
B07XW31HSS	0
B083RT2LBW	0
B001AO2Y4U	0
B00NK7UFZK	0
B01HQAUDBM	0
B00TE7PFGY	0
B0756SMBQV	0
B07D2WHSKQ	0
B09FZJRGHB	0
B003NDQ7V2	0
B07P5Z4P43	0
B005LPUV2G	0
B019SE9O32	0
B072KDTK9H	0
B01E08QT52	0
B07N185PZ6	0
B079FG911H	0
B07B9VZQX9	0
B01MZIZKC7	0
B08N13Y7S8	0
B087F47DG8	0
B00RWV8YSK	0
B07QRTXKMQ	0
B07NVG1HMW	0
B06Y2P5MC5	0
B096DLQL8M	0
B003QXLX9U	0
B07F71PP3S	0
B00IPP1RFY	0
B07RNQQDVX	0
B004XJFRCK	0
B07P1X5616	0
B083TC99X3	0
B00VTH3QTU	0
B08B14396X	1
B08331H1SW	0
B004D3C8D2	0
B07BD22YYX	0
B078WGR5M5	0
B07B5YNFZM	0
B00LG83FIE	0
B07YHHXVL1	0
B004Q7CV0K	0
B00E1ZLVGC	0
B07DN6C3D9	0
B01EW382K0	0
B01EI787T6	0
B00I5M8Y76	0
B0BYSBNKQ4	3
B084SDLZLQ	0
B0BRYN2S5T	2
B08XX2Q72X	0
B07235NPZ1	0
B072J4KSPP	0
B01GRMGMNS	0
B06XS41LJH	0
B07H8T5H4G	0
B07QY8TMZS	0
B00KZ0PKHS	0
B082SD1QDJ	0
B0BCNWQD5N	1
B009PA7WS4	0
B07X32RGX9	0
B07W4M3Z6C	0
B01MG94DN4	0
B09YLMJ2DF	0
B013CRVXDK	0
B07D4CD2HH	0
B07PV1N967	0
B08HMZJG9Q	0
B075FFK124	0
B0BF6235ZH	1
B082WXV4N1	0
B0BPWPCHDB	0
B083BG1PY5	0
B073HXM5B7	0
B005K70256	0
B08TB71734	0
B08WWZ8S4T	0
B01AR7KB9U	0
B09TGMHR3J	2
B0BVVMDZ4D	1
B012PM3OGW	0
B008BSO5YK	0
B07RW8KDCN	0
B0BB6ZQ2BN	1
B00I4W952K	0
B07K4PZGQ4	0
B002B54OL8	0
B008MYRVAI	0
B079WSNYS8	0
B086G2FTGY	0
B01M036MGM	0
B07QXJ6J3F	0
B005EC21BK	0
B07FSQLGS7	0
B017V6JHRM	0
B08TM7NHCF	0
B07X3KM25Z	0
B0058ZPO2Q	0
B00V5ARGI8	0
B00IIYC1J8	0
B00JJB4MIW	0
B0BM78QGR1	0
B088K4GVX1	0
B077KL9NCF	0
B09KMT3PT1	0
B07H9PBML4	0
B07S7C986S	0
B092M8DG3L	0
B07Q45QGFJ	0
B0C7SMTSMT	2
B0814TB2DM	0
B09J2GKFMD	2
B07T1663N4	0
B00IMNZY7Q	0
B00HUXKKPA	0
B01MSJLNU2	0
B08L53YPBY	0
B01EZRH0LA	0
B071X4PZX5	0
B00LU2EFLM	0
B076DZXQGT	0
B0009K21I0	0
B09MQGXCFS	0
B01MUG82J7	0
B0764DFWP4	0
B00VIXFE90	0
B0867LWYXX	0
B07624KLM5	0
B07CMF1Z5Y	0
B0895D7XD8	0
B01N78AJ23	0
B00GUDGD5C	0
B007WMGJ5Y	0
B0777NM2ZW	0
B09JFNYDS3	0
B01N1NKKRY	0
B0BHZ5TS61	0
B0BD83238J	1
B0085IT3C0	0
B08G4377BQ	0
B07BL5DPY6	1
B0721DQKRL	0
B07BJ8TZMX	0
B07L559D7B	0
B0088ARV7Y	0
B00K5N3LGM	0
B07W6SXLK6	0
B07ZHGVLSK	0
B01GSYN5HG	0
B07P5JYJFK	0
B08X118F96	0
B076MGP45N	0
B0742CS88Y	0
B00L9YXQV6	0
B099FD1S8P	1
B08BG2J2KC	0
B099RMV71W	0
B01EVIW784	0
B08J7GXGZX	0
B08KD9V2VH	0
B00DQZ7UJU	0
B07XP3G7M8	0
B0CFG815YD	0
B07FG9LXC8	0
B07SQZXJSX	0
B07RCMPY7W	0
B07JG3MGW4	0
B07JXS759S	0
B08GKJ1L4X	0
B000J2O5G4	0
B07Y5QHFKZ	0
B014Y8FOHC	0
B00KRA9YGE	0
B00HZR2C3E	0
B081SBMXKY	0
B0053R84F8	0
B004RKY22G	0
B07DS4SFL2	0
B01N30L5D7	0
B00GRARUP0	0
B00REBV1K6	0
B01JMHHL0I	0
B08BXR7ZSS	0
B076LG29WY	0
B07859HNLN	0
B07FKTCJ3W	0
B074PJ6LKS	0
B017ZK1D7Q	0
B01DCAACHK	0
B0CC33N5WF	2
B07FDYTSQZ	0
B00UV2K8BI	0
B07MWQYZYB	1
B00D2UIP2K	0
B00QTNO4FE	0
B0725RVWNL	0
B07DN993BP	0
B07D9HN61Q	0
B07V3M2RJ6	0
B01MUCL9VZ	0
B07X9YCB16	0
B08TG7344S	1
B07P37X25Y	0
B08NX4T5QK	0
B08N15RT2Z	0
B098Q55YTZ	12
B074Q1Y3VP	0
B01CYKFEZ4	0
B01N2OAD6J	0
B07Q7MRPP4	0
B09ZHKJRLP	1
B00FKZ2Y8Q	0
B00JL4CC20	0
B000W8Z1FY	0
B079L33DRX	0
B08LYS8VC3	1
B071FV47R5	0
B087TB5C8R	0
B09Q64L77P	2
B01497WMDM	0
B01G11UGT6	0
B01HPDRVVA	0
B0C2CHCKK4	5
B07DZYH8S7	0
B0B7QHL77K	3
B09B7D53S2	0
B07B1VDMP7	0
B0B8BGZ5KP	1
B08L85YJPP	0
B079693QVG	0
B016EQ5HHO	0
B00BAEKTN8	0
B002XZLTCS	0
B0728BNL9N	0
B01GFP4SLA	0
B010S5455C	0
B07PPYLSK8	0
B001KJ9CVI	0
B07TN1YYP4	0
B082HL6HQJ	1
B00584TIX8	0
B01MXS840X	0
B08K4PCLFH	0
B01MAWDNNR	0
B07FDVH7HT	0
B0B9XN753K	2
B004ISL1NK	0
B01IN6RIXE	0
B07MXTVQ89	0
B00KKW53EQ	0
B007166H7G	0
B06X6GNNLS	0
B073B2N1JV	0
B08K3G1P1M	0
B01AUPECEE	0
B06XWKQY7Q	0
B0016WX4LI	0
B0BLTZDQKD	1
B01EY7I94S	0
B004456D62	0
B00942ZYLA	0
B00DTHK9N4	0
B00KXT3QK4	0
B005MEFHV6	0
B07R1BX3WQ	0
B00M1SM11K	0
B0757FQ6XM	0
B08R84SVMP	0
B07HKR2GC3	0
B09V7MSM52	1
B01DKZ2X7E	0
B07RL4PNNT	0
B07H8ZK1W9	0
B08H5JWWS8	0
B014E3QUV6	0
B08DR9M1WV	0
B07DP8QK3W	0
B000EWDBRS	0
B07V5X4RZW	0
B0783R99CQ	0
B0BJTSFY7D	1
B005EW0YFA	0
B08HS2FF3P	1
B00C5Q9JQI	0
B07GXK2D2D	0
B007YZ7P20	0
B0CGJBR6NP	1
B079M1FVFH	0
B072DYH2Y6	0
B08CRS5V4L	0
B07XL3PK3W	0
B005LCMSA2	0
B0B93QZDH3	2
B07MHFGMR6	0
B09Y1XBC1X	0
B01ASLRRUQ	0
B09SGDX3Q7	6
B079BPTT2T	0
B07N7RC2JP	0
B07R1JP9Q3	0
B098MC5GKS	0
B00L2R3HJG	0
B003BV88P4	0
B01HFLMFJU	0
B01IE6Y9NA	0
B00H31KRVG	0
B08BDTP975	0
B001DEI13A	0
B09CKXWS1J	3
B08YXNF31T	0
B075XLB6ZG	0
B09MPYF374	0
B00O22UX68	0
B07YDJLSWK	0
B099FJP9KP	1
B07HRQSYTP	0
B07XJCJP1L	0
B078WTLS7C	1
B08P39LG2Q	0
B006QHBE4C	0
B08BHVZ6BW	0
B0BB9NCZ97	0
B0894S7RPN	0
B004R8V7A8	0
B08FXCR6KM	0
B07H3N3LHC	0
B00G31UM8U	0
B07MXJCGF6	0
B00B4RXRDK	0
B08M8XNBN1	1
B00ALRHG22	0
B07C271N4W	0
B01GGOHF88	0
B018DWE18I	0
B07BHK2Z34	0
B01D9Q6HVM	0
B01K2LVSMU	0
B00336G6DI	0
B08D6FS7ZJ	0
B08FY2QMLZ	0
B07VVK5PTY	0
B00LNHPNN8	0
B076S52P8G	0
B00GUAY0YG	0
B07PVL5PY8	0
B0B9B3KPS8	1
B08RBSWXDL	0
B0BBZDTSLM	5
B08D9PF776	0
B07JGX1Y35	0
B00G50G0FS	0
B08QCKHH4G	0
B07B215TYH	0
B01IMUSJRK	0
B07JHYL284	0
B006MWNIJA	0
B07BJZF1S2	0
B07QLPDDNC	0
B09Z7LRFZ7	0
B0BG2BGBPD	1
B00AM0CWY0	0
B07BQYX2HP	0
B07DGBCZ2D	0
B08VRG42ZP	0
B08MZWNV9W	0
B00HBQGDY8	1
B07YP1KF8D	0
B004FPZI94	0
B00M957912	0
B08P8NC1N5	0
B07H19QCMB	0
B08ZSLQWGS	0
B079P33H83	0
B0058CGZUO	0
B00KI5TJIQ	0
B083HT5XST	0
B00UL4XK34	0
B08PL3QXZY	0
B00E34BYOA	0
B00L7DISBM	0
B0B2D7VTYF	14
B0029ZBBA2	0
B0B92N482Z	1
B005JAWI42	0
B00F6QFDK0	0
B06XW9W8KG	0
B01LZQ7H0R	0
B01N6IENHG	0
B01KYXOWGU	0
B00ARGDD6K	0
B01726ATNW	0
B09FTKDQW8	8
B093DK1WYZ	0
B0B2VR1BCH	0
B07CPTB25P	0
B09Q2X2KWB	0
B09T4SM1VH	4
B000H88BJW	0
B07TDG1S2H	0
B08861T2W6	0
B01AAZRDMW	0
B089YVNXSM	0
B002U82O1S	0
B005UOCHFW	0
B01MU718GH	0
B07R4S9X7F	2
B07W5S7XZ4	0
B00L4XWG36	0
B07MLWRLL9	0
B09W99HPW8	6
B075LN5WBX	0
B0BJZGFRRL	1
B077T58F4W	0
B07CBYV8BY	0
B076C5LN91	0
B00NHNSZ22	0
B00FHBNQZS	0
B002GKAK0W	0
B06ZZ3ML9G	0
B006WXR8C2	0
B07GYS18M5	0
B00BYS3RJI	0
B01H1WKMAW	0
B07HCGB1NH	0
B01AE2DBOK	0
B0772GJ8XM	0
B08L6VQQH8	0
B082TX2M7M	0
B00167ZOBQ	0
B07G2SCWHV	0
B07Z8GJ48T	22
B01M6AGG92	0
B075TSR4PT	0
B00ZYJ2SDY	0
B004WWEFXU	0
B00NTN5EEW	0
B09PGDCSP6	1
B01GOYW616	0
B094D19DJY	0
B0BR86BXJB	12
B00Q76WSBK	0
B09L5MP9J4	0
B085DN1YCJ	0
B07RD8HYM6	0
B0BVFXSPY4	1
B072V75M6R	0
B07P6H2X9F	0
B07HFJHB3Q	0
B07B4RSLXL	0
B07T3H984S	0
B00AOGVA8G	0
B09P9PTV6M	0
B002P3M1G6	0
B07PBX2YFS	0
B009VFKXPW	0
B07Q5S23HJ	0
B0B63Y79SM	2
B0047ZGWFQ	0
B0B4P19VWJ	0
B0066FIORO	0
B00CU00MJM	0
B0069BMMPU	0
B01AIJLYXO	0
B01DJ32X0O	0
B07W77NK1D	0
B07BY8S7G2	0
B09V7YXDFH	0
B07DBLW2BR	0
B00C2YU6GA	0
B00AZH9P0E	0
B06Y1GLPPB	0
B01DZUNH60	0
B0071NVPEO	0
B07396LT2J	0
B07HBR93XX	0
B008CV68QO	0
B07JMP8R7T	0
B07777FDY3	0
B079ZXGBXX	0
B000B22Z7I	0
B06XGD9RLJ	0
B010ODGJKW	0
B08WC1XBS1	0
B07QPQGRST	0
B007WABLE0	0
B07RZTXHWM	0
B00O8LDAYK	0
B0196NN33M	0
B005JZ0IM6	0
B0BWJVRXZM	0
B0C9Q8V5P6	0
B0C1NP62RJ	1
B01MSPI0DH	0
B00NFYF3QO	0
B00WZHRMBG	0
B0189ECMWW	0
B01HGDO5C2	0
B00IDIMWIY	0
B07SSM5KLG	0
B0B58LS4R3	1
B01D7Z6UQM	0
B08QRN4PFM	0
B00SMHXOBA	0
B074LZJ8M2	0
B08NJMCQYC	1
B012EKZPZI	2
B009HOWSN2	0
B07WBWWQNK	0
B0041I5HLY	0
B0093UQT62	0
B0BT4Q93CN	3
B082YRGKHW	0
B00U7YQ4M2	0
B0045JK02A	0
B09NW7N1TZ	0
B0017UGRLS	0
B07DQN9FDR	0
B008YNM2OC	0
B00KU0YXQC	0
B00YUTC5FU	0
B07PCHWJFW	0
B075M3GR19	0
B08MXJJWCF	0
B01LYOVT9K	0
B07HCM89PL	0
B007YW0LBU	0
B09MCSZWVF	1
B092J7MHB9	0
B0147Z1RI2	0
B0773LLWGC	0
B08CVSLDX3	0
B074DTTTG3	0
B007PG229E	0
B0BY4QMDJ5	0
B01HCX714K	0
B003UHUPM8	0
B07GZPNZSX	0
B077TJCH3T	0
B088K8Y28L	2
B08F4Z4G1C	0
B097LQP2V4	0
B07Q7F76FJ	0
B074ZQ1W6S	0
B00YFHJN48	0
B00EPTJUF8	0
B004KNW8QM	0
B006VCVBEU	0
B07J3WBZ1J	0
B00TU5ENWM	0
B07CW892YF	0
B007NMTHWK	0
B01F52IEIW	0
B01NACP8MU	0
B009XVGTKC	0
B08HS81DRH	0
B00J16JPCI	0
B07611RCDX	0
B00B7IPKFE	0
B00ADOH362	0
B015UVR4SE	0
B00FEZ2ZQ8	0
B00AO5IYBS	0
B0089KJEWS	0
B01HDTMC60	0
B06XS8NCKH	0
B0BX3H4BBZ	1
B097B94HH2	0
B09R53GPXL	2
B07H9T8P2W	0
B01FFLG51G	0
B000RBUHQE	0
B07FKM9NXL	0
B0B7GTY1NX	0
B00DCDIPN6	0
B01F76B0KA	0
B003OTM0DE	0
B0777S4HDN	0
B00912IKBO	0
B01DYJPGSO	0
B07M6L5BL4	0
B009P0ZIOY	0
B07QD4KBZ7	0
B004ZAAOLG	0
B08RBJ8FDJ	0
B003X27DPW	0
B01FNLPJ9M	0
B0B2D4SM9H	0
B085HRZVWP	0
B07RBK1MCL	0
B0014ZJPVA	0
B01LW84M2D	0
B0B7BPDH3Z	0
B07CKPH5K5	0
B00BCTFBES	0
B075FPDV47	1
B092V1T52B	1
B0164PACG6	0
B089KDD86K	0
B0BHT4M8JZ	1
B008KO84WO	0
B09NS15KXV	0
B09MHKGTN1	0
B07FKFKLPB	0
B00XXVWQSC	0
B005GO2PQC	0
B07QWJ9LW4	0
B004I44OBA	0
B016Z3B752	0
B008VGLW4I	0
B0BVG7TSSF	20
B00UMWTVKQ	0
B01BKYX1J6	0
B00I94I7ZY	0
B07TFNHPG1	0
B08NK5BJB4	0
B07H7WB3FW	0
B08PQ44N41	0
B08WJDPJJP	0
B096SBD58W	0
B003ZUE3BE	0
B092DP58GG	0
B07ZGD9LG5	0
B07K79VFCD	0
B000WUTZXG	0
B009GJ6WLM	0
B06X9CS1XC	0
B016EZ3QI2	0
B07SYYKB64	0
B00NPN05H2	0
B079PHZ3MR	0
B014GBMHEU	0
B07RDM914F	0
B0BR9TPRRP	0
B08DCJB278	1
B06Y2LCL97	0
B00OYSS7WM	0
B01ANPA5NS	0
B0059CKI5G	0
B000R2YZGQ	0
B0B64TYV9T	0
B0B15QFDY2	0
B075LL1PQ3	0
B0BSDJP7SF	0
B00U0I3EDC	0
B07MG3H13G	0
B07BJ29CFV	0
B0BLVKYF43	0
B07FNNJXJS	0
B00S2ZYTS4	0
B08JHDK4LH	0
B072BMBM4Y	0
B094VVQMRK	0
B09XX7F7N3	0
B06XW3CVPV	0
B07XFBTG5K	0
B07HWWPKDF	0
B08JCKLQT8	0
B07C5P23B5	2
B00L0SPVF0	0
B004VQFDOC	0
B077W3DQ6Y	0
B07THYP9P7	0
B073X8Y8LW	0
B004J4WXJO	0
B08PNW4LC6	0
B00NNSMD74	0
B075LXVL3W	0
B00ZFLHC14	0
B074M5DH3L	0
B0BYMT7MNW	0
B099XSKS58	3
B07C4PCS7T	0
B07VZBRLZX	0
B00009EIVN	0
B07RJTC2ZP	0
B007BXTL1S	0
B00A0FUPSM	0
B07JMV7F8B	0
B08N4FFHGT	0
B01DUGB1RG	0
B08G46V652	1
B07S8W1KF4	0
B0B7Z5KGBK	0
B09FL11BK6	0
B071FVM9HZ	0
B082DDDVS5	0
B07QHXGYSY	0
B0932CK2L9	0
B0711QRYF5	0
B01HUI4O5Q	0
B00T6RYA04	0
B07TKPS2K6	0
B00PJ11VD0	0
B00GMAEAL2	0
B01LYOI4OL	0
B086GLDC1L	0
B004URNDVM	0
B07QZR2FRK	0
B0147YRGWO	0
B00FS6ZYFW	0
B07CR6J5S1	0
B00JS6UC9G	0
B00GN3U058	0
B00CFN6I9M	0
B0753KMQGJ	2
B001BXTHZE	0
B0B93Z2ZLD	0
B09N9WRSFD	0
B00P03XTAA	0
B002VPCGP4	0
B01DDIUAVY	0
B0777Y7TMJ	0
B07556Y9L7	0
B01EMK4SEM	0
B095CFHMGQ	1
B01CF47F5Q	0
B099WDPG1M	0
B00ARXWFBC	0
B09KH2RP5D	0
B01LVXEFDE	0
B01E53DEE6	0
B081N6F8TY	0
B01HBATK16	0
B07MGHC2QS	0
B07CZZSSZN	0
B00P6YJV9Q	0
B09T8T9SRW	0
B09BFTV9RB	0
B07R4ZL46V	0
B00CDWSUPU	0
B006H1N7QU	0
B01ACS2G1K	0
B000VVZ0EE	0
B0C9QZMCG7	0
B07K487BGY	0
B09P4JP44D	4
B08MHTVRFF	0
B09MYJC8L2	1
B09BZC42ZK	1
B07PDYFW9C	0
B073S176V9	0
B09163B8P8	0
B07GJ2MWP6	0
B0113PKBVI	0
B07CGFGXCG	1
B07HP4Z7J1	0
B08HS7V49F	0
B07WLC3HLF	0
B0BWRSD1W3	1
B06XWH6F4N	0
B07C24QYMM	1
B00IQ09ROQ	0
B08WH4F8LT	0
B085B23WBQ	0
B00X9H8A30	0
B076KFHFSK	0
B07KGJ9PK1	0
B01N06LJYP	0
B01C38IQEI	0
B07F6648QJ	0
B01N5USL1E	0
B07JY6D8JC	0
B07XBPPB3H	1
B01DCPKZJU	0
B07XNYG7PT	0
B071K5SD5J	0
B07JJ9BSH9	0
B071Z1R5TW	0
B07YB5NK8W	1
B09WKF5H6Y	0
B09QL6M2ND	0
B086BHZH53	0
B002IAX2QE	0
B07XTGQ8QY	0
B0799QTXD2	0
B08GG6WFSN	1
B008IXS59O	0
B08GP1VBFR	0
B000RRKSK8	0
B08C24BVHH	0
B00CVWAT5G	0
B01GW0L0B4	0
B07BY33C5P	0
B0749L9T43	0
B06X3R3SYG	0
B09SZK6D96	0
B01MAYGU9S	0
B00M2JXS6K	0
B00160ARLA	0
B07J9JCNJD	0
B07P74Z3L7	0
B0852H3K16	1
B07N1BMH64	0
B07QKXK9CN	0
B00ANBUSMG	0
B06WLMF3GG	0
B07GDYRRCX	0
B091G1SZQF	5
B0968TQDRT	0
B07HRDVJC4	0
B07PK92NWP	0
B09MKQ84JV	29
B07F6XRMKZ	1
B08M9BMQJM	0
B0068TBTCK	0
B006UJBPBI	0
B08V1J11G9	0
B015948WE2	0
B00I8IBWKS	0
B09BQXXXRM	3
B0B74XT5PT	4
B0053G0SAS	0
B07R7PTNWF	0
B004VF16XA	0
B00WABEDWS	0
B08BWZD2FH	0
B07D9RM488	0
B002LLOHA0	0
B07QC55D7P	0
B0762CZJJP	0
B07NVCL3F7	0
B07W1K8TJM	2
B07BT2WKB9	0
B076HKN4J7	0
B071DN7Z23	0
B09XBY74JZ	1
B00ZAG0U86	0
B07GHXWM7P	0
B01MA6L7S0	0
B09V7LKZDW	0
B077BWNM2R	0
B09BJL77XS	0
B09PJQPDHS	0
B07Y4ZN5P3	0
B07MYPP4CK	0
B07DHWH7WB	0
B07HQKTYM5	0
B08R1VVG4F	0
B08GKGHWGQ	0
B079YGDJ2F	0
B0031M9R7G	0
B000G4EQE6	0
B00MTE6QSA	0
B00FB28OIM	0
B079PR44VQ	3
B071VCSDPW	0
B075FY9KZK	0
B07MWXQ274	0
B000ZPQSJ2	0
B017DRSWCA	0
B08QC53MF3	0
B004Q6SEL6	0
B07J1LMJ2Y	0
B09168LHML	0
B07WYTSRHL	0
B07B96ZS2Y	0
B01K8SVFNY	0
B00N37C7L2	0
B00CN4PAMO	0
B00D8G0WX8	0
B09ZTTZG1F	0
B003COZZ6A	0
B07QT31HJG	0
B07ZYMGXZZ	0
B077PS4V1L	0
B07YDKNYGD	0
B000ROHR78	0
B01DL74M0W	0
B00OM6WHG8	0
B07P8NJ754	0
B0BBQ9TTHK	6
B08S6XM176	0
B0B9WR83YN	0
B01LVTOMA4	0
B01IQOP0Y2	0
B0BVM8K9YL	3
B006MIQ422	0
B088BHNZD7	0
B083L99LDB	0
B00CTPPVMQ	0
B096LVYWCP	11
B0BMQCGL5N	0
B0848HKCF5	0
B00EDR603C	0
B06XCD6K2J	0
B07VXLM7YK	0
B009ATYNS2	0
B00IYAXSY8	0
B08TM7FM31	2
B078NWWLTC	0
B09RGNL7Q2	0
B07CXRR17Z	0
B015J7MZH4	0
B00KH82X2S	0
B01AL56BOC	0
B07SSFFYQ6	0
B0936Q575P	0
B0059BHDSW	0
B01M3QHEL7	0
B00JYKOFLC	0
B07HB6ZQL7	0
B00W0MFF7O	0
B08YK51QB4	0
B07JB7HSPY	0
B0059078GU	0
B074SKPPQ2	0
B00P04QMDA	0
B00NAGQ94C	0
B09D3TLMQ1	7
B09J8FBD2M	0
B0BD5Z8S3F	1
B095VVGLXV	1
B009LTNMYC	0
B079VSGWS8	0
B00JEWWG3E	0
B07HN37G24	0
B0969HZZNJ	1
B015SKDXIC	0
B09J9X6MTK	2
B01DDI1CZM	0
B08GR3VKSN	0
B000FBBWEC	0
B00XK86P76	0
B07P1DXFTN	0
B00XZ22W4M	0
B07QTY4NLZ	0
B01I45HK7I	0
B0749183LY	0
B07JMGL1S8	0
B01CVKBX9S	0
B0843FN6GB	0
B08T5YRHKF	0
B00KAFPCQ2	0
B08313PQMQ	0
B009UVNQ6A	0
B09MWN5PW5	2
B09W2ZHR74	1
B0763L3VK8	0
B01HMKANVQ	0
B0811S5LTY	0
B0B67L8G95	1
B008YF10F2	0
B01IL9BCMQ	0
B072M62GNG	0
B01MS73K2S	0
B00BC4SLTA	0
B078KRX4WZ	0
B00C31HKWA	0
B00M9GPER2	0
B07JX9859J	0
B08HVR8F5R	0
B00FVZHV4M	0
B07CVR3PJS	0
B00X9UFUQW	0
B00NT6UQEW	0
B00DQYZ200	0
B00IL37LHS	0
B07FFLD57W	0
B07SZCCKY5	0
B00937V7EO	0
B005F0WX1O	0
B00J2S18F2	0
B087JDLXP3	0
B09R43PV97	2
B005HFLYGC	0
B086DTPRWG	0
B075PD6XCW	0
B084BQM1JT	0
B07N3WYF66	0
B07S8Y4KP4	0
B08MDVYQ5H	0
B076VVFXT6	0
B08ZJ2G39G	0
B082DT1FTT	0
B08W4DC8N8	0
B08ZJ2K53X	0
B08FSL2ZB1	0
B08YXPJ61R	0
B00M7Y3UFE	0
B07PMX3R6Y	0
B01DIOPTWS	0
B09K6RM9CS	0
B07CXZ5STS	0
B01ABJZP68	0
B00B29XFKU	0
B004BZK5O6	0
B00793M0Z4	0
B00D8JAYSI	0
B07L15PZ1G	0
B06XZHGJHX	0
B08FR4QYN1	0
B07GQJNT82	0
B07S28K6LP	0
B07FQYM23Y	0
B00DNNV39S	0
B00IDFAID8	0
B01N75P7AE	0
B01777RG2I	0
B01N5310TR	0
B08N1MH8WZ	4
B077KGJ6SG	0
B00PZK4MPO	0
B08Y1H6XYH	0
B09FLR6FL6	1
B07YXD75KH	0
B09SQ31RBC	2
B072R5HG9M	0
B01BLUDC70	0
B00SK4DDA2	0
B00PJIPZWG	0
B00VF5WRGY	0
B0886J4GPF	15
B075TFT337	0
B09TJR8FN9	2
B0BJVN7PLR	1
B000S0ZTXA	0
B07CRCPMJ5	0
B0823CSFFS	3
B0050H3PI2	0
B0021AFMS2	0
B019EDRJ7K	0
B07RKYF3NW	0
B0149B4YHK	0
B071JZLYP8	0
B07S6CBZ3P	0
B0B3D9LKDW	0
B07K44N3JC	0
B004HZYFFA	0
B006H50XT0	0
B009G70I6Y	0
B076VKHWCY	0
B071K9K8H9	0
B086YBKWLS	1
B075KM1K38	0
B00K2O502C	0
B09DBSDV6K	0
B07NDXVVC5	0
B01CUW835Y	0
B0745CQ1FN	0
B073CDB9TM	0
B07RPQTZ61	0
B017O307X0	0
B00RN9V2CG	0
B074ZPS5K1	0
B004VCPGDY	0
B0B5QVPKZF	0
B014EC9Z64	0
B07C628XRM	0
B0B83C8CRY	1
B09PL6GSQ7	0
B00KVMMW5S	0
B01NAHK02U	0
B073L97DCM	0
B00B3BLBZI	0
B07MPCYHKL	0
B00IED0ZO6	0
B0886D8SR7	0
B007U97OAS	0
B07MWW8J93	0
B01MYUM67T	0
B08BHLGWHV	1
B01LYU3H49	0
B079JS4X6J	0
B0111XIAHO	0
B00D920NOO	0
B078NQG3BM	0
B01HJ5I4HO	0
B00IW5R5O4	0
B07ZD51DT1	0
B07Y46SNLT	0
B0B7KGGL99	1
B01D66HPOI	0
B0BR3NQKTN	0
B079TRMZ9J	0
B07GB8FSKJ	0
B00AK6L6HU	0
B08LVJCFNX	0
B0CHVZSPZG	1
B00LCX6Y0Y	0
B00YXUTUHW	0
B01H68RU38	0
B007Z1997W	0
B06XDHNJRC	0
B081BHSZ2V	7
B09TR31534	0
B0774SNS4S	0
B01882R0W2	0
B0BND5MJTF	2
B01NA7XOZY	0
B0CJCHNJV9	1
B01HP7FDDY	0
B07PJP7T76	0
B00U5SD47S	0
B005BBTKQI	0
B00ZBWCROY	0
B014JPAJG6	0
B09NPJQNGK	0
B07XQG2HSJ	1
B01MPZKCXH	0
B00EBNSBAI	0
B07VBHX68N	3
B07R4VMXW3	0
B0B4K66CLY	4
B07FN53F67	0
B07TYHZRGQ	0
B0B5PNNHYQ	0
B09FF6KSJY	0
B07GJZ1W8P	0
B0912974MD	0
B00K2284JA	0
B08Y6ZFBWG	0
B09SD4M6CT	0
B07PNDQ8RS	0
B00YD4ZHQ6	2
B08DWR3N33	0
B01AHODUV4	0
B07TBMCRJV	0
B0047YC7U6	0
B07JJB67BX	0
B088MK2KN9	0
B0963F8L33	0
B07W4NM2R8	0
B01G23B3PE	0
B07SZF8HJH	0
B074QSTYY7	0
B00XV4NPEU	0
B07SB1ZJWF	0
B07SG1WZJY	0
B074XFC6GY	0
B007R9WURS	0
B07MDMMQ41	0
B0BM4T9RX3	1
B07G3FQNFT	0
B079P39L1V	0
B00RXPELQY	0
B08L34SRFD	0
B07DQLPDV7	0
B000W8WMOM	0
B097R46KC4	0
B08JJWJPGY	0
B08H8GM56V	0
B07XB8BY5V	0
B072V8PXJF	0
B07H41PH16	0
B01F6IRN3W	0
B07HYFFQ7N	0
B00N1UU2AO	0
B074GZRCMT	0
B08QZ55PWG	0
B086GWBZS6	0
B09T9FFGMZ	0
B09N3CCFTV	1
B071D78217	0
B00OYZNJHI	0
B00IRLA0JK	0
B07F6Y58ZX	0
B004EHM3Y6	0
B07CCMW6JL	0
B07N1BK3N2	0
B00N0TR4S4	0
B002WTB420	0
B07HF9P3JC	0
B00BH8P1BM	0
B0C7MDLSW5	0
B0047N0ZYW	0
B07W17W5DY	0
B00ET7Q3PQ	0
B083TPP2M1	0
B00IA9KCN8	0
B07L4MNG1Y	0
B08BKMFTL3	0
B00AZJJOH6	0
B01I41MBT4	0
B0C6HFJ2QL	2
B003AKZO3A	0
B00J4VY1NS	0
B08BX5P48H	0
B011T0VMG0	0
B015LIHHD8	0
B07K719KQG	0
B075QB9G7C	0
B085MXZSHF	0
B01BKC3OUY	0
B01B5DOQ5U	0
B010O05IAC	0
B0068EI39M	0
B07T7DCLD1	0
B0BL73LGCT	0
B072QCK6ML	0
B016N918A2	1
B01M26Q67O	5
B07VZ61S1B	0
B08R35RZTQ	0
B00LPQO73O	0
B00SHYB5PU	0
B08H5W8CPG	0
B081LNKB7B	0
B07D5R65S6	0
B007PX0H7Q	0
B08ZMNSR1D	0
B074234FLN	0
B01FKMH4D8	0
B0BY17377G	4
B0825S89BN	0
B00FXL1SNO	0
B07RC94T3C	0
B07H87CG2C	0
B07576T2P6	0
B00JMHSCVG	0
B07SJ8L37H	0
B0BMYC4PJF	1
B01LBHX87M	0
B089D6Y6R5	3
B01F2SPDYC	0
B094XWLWZH	0
B0C79K3GKB	0
B01GSP1GRG	0
B00SEAH9PW	0
B079K82SZV	0
B07CN93TSS	1
B09MYSMFL2	0
B082TXQKV9	0
B07QSRJR2K	0
B08BC7X8XT	0
B09DDFNCNG	0
B00IANKNHO	0
B008J80JQU	0
B00HZT96RW	0
B00NINOI04	0
B00U7Q8MLQ	0
B07MYCQBYH	0
B07LC7727D	0
B0995GRFQD	0
B00HWN415I	0
B09J8KLWTJ	0
B0BMFYLPMJ	1
B08HQ4D2KL	1
B00JRKEVWW	0
B00HQXPDQK	0
B008OCV6YK	0
B08HV94JDJ	0
B071CZFBS8	0
B075X76P1F	0
B00EIGX96Y	0
B08H81Z7KK	0
B09ZDH8FW2	0
B00WSEGEYW	0
B07FR2D21N	0
B07P6WDXQS	0
B018X9FAE0	0
B089YRQ2XB	0
B00VMQLCK8	0
B00L0XN350	0
B077R8PRPD	0
B00NJDI908	0
B071H5XH5P	0
B07QNB714P	0
B001EZU1OU	0
B07XRMZ64C	0
B09DMZM8W4	0
B07CKS7TY3	0
B07KQMX1PV	0
B003I64LSK	0
B01M1OWKUC	0
B014ASMV36	0
B01N6Q7NQO	0
B07C7M44DV	0
B07G8BT8Q7	0
B002V6VA00	0
B01N4F7V8K	0
B08V91KK6M	1
B00M6P9AIK	0
B001ET754K	0
B00142HZNI	0
B004XGGPSS	0
B07QLKFD15	0
B08G8VPTBX	0
B08F9XDQ9F	0
B07XBZJCNK	0
B07K1TW3RR	0
B07VVMBYKS	3
B092J41CMF	1
B00E7Z23TK	0
B08F7NDM3H	0
B07XQ5MPQP	1
B00GU533JY	0
B016Q3FNN8	0
B077ZYW5B9	0
B00CWYZAY8	0
B08NC8567P	0
B00CHRYFYQ	0
B00MVBYSJA	0
B07CN45B9W	0
B07V6GG6KC	0
B07QZ1YV6T	0
B08DTFDVBC	0
B019E634YE	0
B08GCJC3WF	0
B08C7V2C8Y	0
B085FY5YP2	0
B089CM3S1B	0
B07QNTPNJ6	0
B00DU4WCOK	0
B09NPT841T	1
B01NAWNU4V	0
B01I674QU8	0
B0C4XT56MD	6
B01M5J3HZM	0
B016ZDY56K	0
B078Z89YL6	0
B07W3HWSGW	1
B07B2YV5LR	0
B08CQ26XVM	0
B01KW4F6B6	0
B07TPV87XH	0
B00HZDM2GK	0
B0819WGDF8	0
B07QZRB9FL	0
B0B7D2LQ9F	3
B004TJPH7Y	0
B01DXT8W0E	0
B00AHY597S	0
B07RT35C3Z	0
B01N0KQQWS	0
B00JGTCVVW	0
B07PDKZSMQ	0
B075MS4S3Z	0
B082PMYR9P	0
B01DCH1A5Q	0
B0747CJ7KT	0
B07NDLFLGB	0
B078XB2D4B	0
B00F4GQMFM	0
B006SFV3IE	0
B08PDZ7N3Z	0
B01L692JLG	0
B011IJPHN6	0
B0083EKZ1Y	0
B07CPNYRNN	0
B08DD9TBQL	0
B072F9T1RZ	0
B074T3F49Z	0
B016H8LL8I	0
B08SM5K9LG	0
B014EGGY0U	0
B008YJIPZG	0
B078GDJJH3	0
B07X3GYXQM	0
B0BXCSFJ15	0
B00XEWEDJU	0
B07QY12ZQC	0
B01B58KTN8	0
B07787Y51X	0
B00NUIZHVQ	0
B07Q8TR796	0
B07KY7TQBP	0
B007UP9KAY	0
B094HX816C	0
B09MFM688J	1
B0BLH7JHG8	11
B07RYXQHQV	0
B07SMQ8DPM	0
B07WN1Z5WT	0
B07NF4BTTD	0
B09TKSBP9Y	0
B094CWMWMY	1
B00AE1MSN2	0
B07WNG28XQ	0
B09P9JSQSK	0
B07R8WVBTW	8
B077YH9NRK	0
B09NBNK742	3
B07FKXG1TJ	0
B08464XLZT	0
B074HBC9GH	0
B08N5LWFFC	0
B09F35XYB8	0
B073GMP2CF	0
B08936FL4X	0
B071RRCT65	0
B07722QF13	0
B09R75G9JW	3
B01M58S80E	0
B08KY1R75L	0
B07XXZJ5TK	0
B002BNM8FY	0
B01M0GSV39	0
B00EP05RM2	0
B079ST5NFC	0
B083S8WFG7	0
B00TI6GOFC	0
B08NKB5S98	0
B0129TVPLC	0
B09R6K4HSR	5
B0785LV3CK	0
B08BYKFDV3	0
B07322RT21	0
B0924933FS	0
B005ADOKCG	0
B01258O74Y	0
B00BSYA6L0	0
B075Z2MRS8	0
B0932YPHNR	0
B01M6CJLG2	0
B00HZ5GLIS	0
B00KI8FDII	0
B07ZQ81HCM	0
B0786RVV1W	0
B07GYLMDX4	0
B09YTDCYFK	0
B01K9YYBHY	0
B08P4WZ8QL	0
B014505X5W	0
B07DXFQL1Y	0
B0124O16GG	0
B074M6M717	0
B075P1L8SZ	0
B08CGVRHPS	0
B01LWZUDP1	0
B00PXUVYD4	0
B0000APUDV	0
B07NT1RFKR	0
B08MVS9TY8	0
B06XMQTP9S	0
B0836HFBH2	0
B01JGRHHTY	7
B09334FG16	0
B00X0OIVVS	0
B07JCMHH58	0
B00J9T853M	0
B00YDH8SO6	0
B0728225WB	0
B09KBR4G3Z	0
B00TR93QY2	0
B0B5MK6JSQ	0
B009AG45II	0
B07PCQMCBM	0
B007RYK8KE	0
B09B34Y7L5	0
B0028K3M6E	0
B0117QVQ58	0
B06ZY3MKCS	0
B006R4N5J6	0
B018X1KSMW	0
B008Y1KQU6	0
B0812LXC15	0
B005FC1HXW	0
B01I31VC5O	0
B007EIPA8I	0
B089N2VVRF	0
B07PWKSPKR	0
B008JADFFK	0
B07K4C3K2L	0
B003DQOE00	0
B00DRKLZE0	0
B002V8WPBG	0
B00AR5A7WO	0
B07BGCWKRS	0
B08DG2VCCV	0
B073PMZRTF	0
B00UPHJXG0	0
B00YBBMBRE	0
B00MG0JYG8	0
B09XXJ35QH	0
B07196WJJ2	0
B01DQIDDU6	0
B00HCQWNMS	0
B00GWJPAVC	0
B011L2C78S	0
B017R01QDA	0
B0016COKM0	0
B07RT6N4V3	0
B001A1Q3XG	0
B008LMG4Q8	0
B08HWY2QNT	0
B09T5DNB12	1
B010OSWA7I	0
B0861YQ7VR	0
B00HQ0MNKC	0
B07B2QX4N3	0
B07598LNMX	0
B004DEQIUK	0
B0B1DD2C8B	1
B088TTCS18	0
B06WLQST6M	0
B015LEO8CK	0
B09MVLZYV6	0
B016Z3I534	0
B07BLSLJYB	0
B082P919PT	0
B0732PJQ5X	0
B08D7CDWVW	0
B07N4N79GQ	0
B00WVV898G	0
B01JWXXSX6	0
B075DZP71D	0
B0748531F1	0
B07C4Q8X8H	0
B08FDX6GRB	0
B008CH7CYK	0
B074WX7FQY	0
B09LYQ58WV	0
B08HCZ1Y35	0
B07PWD4HNJ	0
B07H9MBR9W	1
B07Q4KN5WT	0
B09128LCHS	2
B074P9XWWM	0
B0C24PB7HR	1
B08HZ9CBCB	0
B010RRZ51O	0
B003XU0BG2	0
B09KPG88JB	6
B06XK9K2CK	0
B07BS9ZF69	0
B07WFJMLCB	0
B08Q3B42JW	0
B00KIUL9XO	0
B00KQK1FZS	0
B0151K14D0	0
B01LXJ0UPX	0
B07GS8T7SM	0
B082NZFTFK	0
B0778PR6FC	0
B00SMPH2EM	0
B00U81RU18	0
B000VNC4BO	0
B09Z24DPVY	0
B07X5Z6CVC	0
B0B2WWQ4TL	0
B076X5P34X	0
B081RCRY8S	0
B07P15K574	0
B07S1LNZZH	0
B088TQX37Y	0
B07T3DV7MV	0
B0BX5RDBBG	0
B08NSX2JHW	0
B07X5G3GF5	0
B016CMYLKE	0
B07D5VYRJN	0
B008DG3AS2	0
B08S5838TV	0
B06XKXC3QD	0
B07F48G32H	0
B07MJCW6H9	0
B06XNWFCZH	0
B0019CI90Q	0
B086V3JM6M	0
B082W9PST1	0
B00L8AA7FO	0
B0741RZYMP	0
B003UNKNDI	0
B00SX2LQFA	0
B00R2J2212	0
B00H2SEM4S	0
B00GJAO1CI	0
B07GCYCYTK	0
B07GWP244H	0
B01BH7AGTE	0
B00BQWY61U	0
B08FRR6Q8W	0
B0B595FNTR	1
B08T9XMHM7	0
B0711YRHVL	0
B09184R3PX	0
B0B4BC15N9	1
B00GUKNQI2	0
B09N9KVFXZ	0
B00JPO9ROM	0
B07XXJRC62	0
B0052HV5W8	0
B073162737	0
B00O925H7G	0
B06ZZF3ZJ4	1
B09V7TTKY8	0
B00P1FXQMI	0
B00I4BVMDQ	0
B0772YHSLK	0
B005XZ232K	0
B00SU4VW82	0
B0C3QNRDF7	1
B07D6W1YRW	0
B08X7JQMZV	1
B00XM230JQ	0
B0755MSMSV	0
B07LD1CS9X	0
B084P77NZR	1
B07CYY6NGR	0
B01MQG913J	0
B00GIOBNZI	0
B08LHGCKYX	0
B07VPX8GJB	0
B0081GM5AI	0
B08S3HV3HZ	0
B01MYU6G29	0
B08MJJ4BC2	0
B00IK4PQ7U	0
B008VOMUL4	0
B078PH7NK6	0
B01LWV0P9S	0
B09GNFWBJH	23
B078NHY8CZ	0
B01IFT8C02	0
B079L783V1	0
B0814KTWF5	0
B008XU8HFE	0
B07W12X7JB	0
B09T3CG75G	1
B00BF77LM2	0
B07Q1GRWWV	0
B0BHTNMFKR	0
B0064SELVQ	0
B0B2J2SHLV	0
B07259WPDG	0
B096L4K636	0
B0768RRGQN	0
B09BL5MKJS	0
B08787BXL4	0
B01KBXQR9S	0
B0BXS33FGX	0
B01BE5BU3A	29
B079GW88QY	0
B017WNIVLW	0
B0746QBZVQ	0
B01HZ86DG4	0
B09N78BC44	0
B06WW6JCGW	0
B07BSHZ7YM	0
B00O75DF7O	0
B09K7LMRW1	0
B09YGKJ49Q	8
B093QSSFY6	0
B09MZCW85C	0
B005B3UK3S	0
B07L1NDJBX	0
B00AOIDVQ8	0
B000N5X41O	0
B07RJQ6GFY	0
B07VXSWKFM	0
B07JX6V7C3	0
B01M5DM9M7	0
B07PZYBNDP	0
B002MH3G46	0
B096HMB46C	0
B07492VBXG	0
B08V5MDT1S	0
B07GLL8TKR	0
B00CXB156W	0
B005GIAA10	0
B07KY6VSWJ	0
B09P6ZPDD8	0
B00HFIUFA0	0
B001LPEENW	0
B079W9255S	0
B01I49BB6U	0
B011AOVOTA	0
B073D6LXGX	0
B0167ZJQG0	0
B01LZQ1R6F	0
B00TA55B9G	0
B01GYKKVTO	0
B08NDMSPBT	0
B016VE50MG	0
B08727VLT1	0
B00O2KVJZY	0
B007WTNLKI	0
B00S13SC8K	0
B08WWG33NJ	0
B01DD8EESY	0
B01NCB92K7	0
B01MSSJY38	0
B00S3WF0LQ	0
B07BB3GWK6	0
B01N80NBTB	0
B07T914C6P	0
B003VEVBCI	0
B00VC57FIC	0
B00B10XLWM	0
B002HIWV78	0
B01LW3ZE2S	0
B00YQE1OVU	0
B0BCH3YSV1	2
B073VJVGYD	0
B0C3GP1BG9	1
B08HYJR682	0
B06XY6VM6Y	0
B00HXDMY5G	0
B07C11C9GC	0
B07MFSRHGD	0
B0BG1L4F3X	0
B013Z6SBYC	0
B004MY7X3C	0
B007ULRIIE	0
B01LXNNSBX	0
B06XVDQ7CY	0
B079ZN4S63	0
B07GZGDKNS	1
B003AM7NQ4	0
B00L1PKV0W	0
B07BLX9X64	0
B019BSP27W	0
B007LEH1R8	0
B00WGVBJ56	0
B00IUK4XMS	0
B00SXDDHEC	0
B08L7SH9B2	0
B0BRS4JNDT	4
B003XUC9P8	0
B01BN0MLE8	0
B01BLVH0NG	0
B08X282C6C	0
B073VL8RV7	0
B074XJB23L	0
B07N63VV3T	0
B00KTES0GI	0
B07NMQFTB5	0
B08J3J4PQR	0
B0868CKLY6	0
B074JHWL2P	0
B07TQ6NG4Y	0
B00U6GHPS8	0
B08J78XZHT	0
B07RKFZTQH	0
B00ZAMNR3K	0
B01N5XZMWD	0
B07PS8PSV9	0
B00HHYFUAM	0
B00353612U	0
B07RZQC386	0
B07BP6GJHL	0
B07NLXKHQF	0
B00LM594HC	0
B09CHDM72F	4
B005FRF6WK	0
B002TQ2BOG	0
B07VBZ22W2	0
B00ME53F38	0
B01HOVZQ5G	0
B08GC7FB4Q	0
B07XD836V3	0
B005D7HQFW	0
B084Z6HFBN	0
B079LRGTPM	0
B01CEXL6IK	0
B00PA4COCS	0
B0052BAK7U	0
B09ZJZWXVF	0
B08M9JP9C3	0
B00F8O0NX2	0
B004LDKQOC	0
B01LYTK3FP	0
B07SSXY68W	0
B08B3STX38	1
B001KZI4GG	0
B00TJ1FZ1K	0
B0C4P8PDM4	0
B06XJH4PMY	0
B078HMD62K	0
B005Z1CO4Y	0
B08X474V25	0
B08S78BXHD	0
B07G7F5Z5R	0
B08D9MX2YY	0
B01L5N862O	0
B003BNZEZO	0
B076YCYQ6B	0
B0197UKVI4	0
B071YSG75N	0
B00ZVEHDYG	0
B006PHW30M	0
B00V94APS8	0
B01AISLLI8	0
B00T6J9TVC	0
B00KPU44VG	0
B083R65ZFF	0
B084ZQP6H4	0
B0119NLCIA	0
B0854BYJ9R	0
B00S160JUQ	1
B000R2YYDU	0
B071JL6C9N	1
B09136WZQ5	0
B01BM5IGB6	0
B00R8I7PTG	0
B07TJXMWJH	0
B08GFK5D4X	0
B07NPPRRY4	0
B00YUTIIQU	0
B01IXITRJ0	0
B09KXYSL6S	1
B08VJ2RBZS	0
B07XH6WMZY	0
B0B1QG2756	3
B07NVVPK9Q	0
B01N1WFNAA	0
B08JQMQV37	0
B00RMKK2NG	0
B004K1DHU0	0
B07N2MK5S7	0
B07DVFQBQF	0
B00R740D40	0
B07WZGTCVG	0
B09TVHRGR5	0
B071XWKL2T	0
B09BC87V19	3
B000CCBMCQ	0
B00ZE8PKS0	0
B08ZZTW7PT	2
B074W9H45R	0
B076LP45L5	0
B0779R5RBY	0
B07WR4JZBL	0
B09FSQ7915	1
B018SPWAJ2	0
B09PG676RS	0
B08CVMBWQH	0
B09SWP247R	0
B085L3NL16	0
B07PFL7W3T	41
B01N4RQ5F8	0
B08D6854Q9	0
B00KPOVN34	0
B00RUX6GWQ	0
B07CMW8NCJ	0
B00166LMPY	0
B007RX1OX0	0
B09J2MZD4N	0
B091FG8M6M	0
B08YSMCYMP	0
B07VJ43MLF	0
B07XFLB9WQ	0
B073XYQTNM	6
B00MJ7O6MU	0
B00XB2DJRU	0
B08RYYRTK6	0
B083L2JNLT	0
B016NBPXBK	0
B09PZHNR3D	0
B00A63TS90	0
B018VIQ9IO	0
B00PFXI7GG	0
B09FPFWLG3	0
B07Z54KB8V	0
B00IP5G5ZG	0
B019U5J04W	0
B09MDC8B9L	3
B00J39X3T4	1
B000JQPF8W	0
B09V1GGQT8	1
B07L2XBCBP	0
B08D75134K	2
B01GMYVW5O	0
B07VT15FLC	0
B00GWJN6ZO	0
B0BF4NR982	1
B07H7BW6XS	0
B0B6GXL8HF	4
B07JGL9LPQ	0
B01LXA12MD	0
B07KQWDGBV	0
B01JH33KMK	0
B07DPS8WM4	0
B00HLSVB66	0
B07GHXGSDJ	0
B089QYV4SD	0
B08CZRYKW4	0
B079YC72RN	0
B092DD2LQP	0
B07QL3CQXR	0
B08KH6GHGM	0
B081SMBYXT	11
B005D1KL6E	0
B00598HN3U	0
B0C6CN1ZJP	1
B00IRUFVFO	0
B0B21VGV9L	1
B06XT34VSH	0
B09NCL4BXL	1
B07X5JB36C	0
B011ABC2NU	0
B08G44VC2Y	0
B01C645YWQ	0
B079XNVLDZ	0
B002PU9T4Q	0
B0722PMQ8V	0
B0064DQQ96	0
B0BW3G7NC7	1
B07MQK4ZX3	0
B089G6Q6TB	1
B0B9RJZLW4	2
B07QQPXTK2	0
B016EWD5WW	0
B08F22ZVG1	0
B071VKGQVP	0
B00E9CZS2K	0
B077QZRJ1K	1
B098MQJ2NQ	0
B0786RK912	0
B01N63XWWE	0
B00D75GZVS	0
B019X2FWBW	0
B07QC7WPPD	0
B0B7QQGF14	7
B00S1RUXJM	0
B007KF1LNI	0
B010R6P9DE	0
B07X4HZGBZ	0
B00QRQR23O	0
B09B3VFXKC	0
B07BZJDQNQ	0
B00GMDHGHO	0
B074WBQ347	0
B07XMJ7TW8	0
B07DGS2DGJ	0
B07RS23JSS	0
B08RCLR3NP	3
B016NUQODM	0
B07Y2JMSF8	6
B06Y45JLFX	0
B0941B9KSB	0
B07FNZRD93	0
B00LG7ZEOS	0
B09MBC21R2	0
B07NL9KWXL	0
B076HLSZND	0
B00D8M0EPI	0
B071G2K54K	0
B06VV8PL4W	0
B06Y12HVCG	0
B008PYOP0O	0
B089VVNX1J	2
B087D6S96P	0
B002QHVN4M	0
B07FKRDSS8	0
B01015NY4C	0
B082NJTBH6	1
B07BQKHMVM	0
B07FQRND68	0
B08P3BMJ5V	0
B00O1PB3EW	0
B082SXK2WL	0
B00LLQ246A	0
B00KHQOG6Q	0
B0BWLDWPFV	0
B09NVHZ371	0
B086VR6GLT	0
B00AO3EY3C	0
B071K5W1HY	0
B00O4QTAWU	0
B005CV3GCQ	0
B09CTTJG9L	0
B07Q8RQ2HZ	0
B00DG7OX9S	0
B0714K63PY	0
B07NSPT7DR	0
B0182ZLHDI	0
B07ZV99Q2T	0
B000MRV3JI	0
B01EB6HQAA	0
B07YM1P5RC	0
B09DB3QL5G	5
B017X96YW8	0
B07KMCB7HM	0
B00886BR6O	0
B006NYP2KK	0
B00D1K04YS	0
B0725C9JXM	0
B08NPMDQTK	0
B01N9U6OXG	0
B07S2QB59F	0
B07PV6BFVZ	0
B0BJ5Q6SHB	0
B00FY2GDIW	0
B00ANHFCB2	0
B00D4KGMUA	0
B0946XYKZD	0
B097MMF1CN	0
B08GZ692S9	0
B08C4RC157	0
B00VQBMJUQ	16
B009SPINPC	0
B01N4C8J7E	0
B01AW8BIXW	0
B09YYRTB88	1
B07BCBXGJR	0
B016C5GFPA	0
B07X5NXFTM	0
B07TYCWHZJ	0
B097MQ5WGC	0
B089N661M4	0
B0023ZZAXW	0
B072MFJNLC	0
B00ZX7VQ1W	0
B008XMFKJ8	0
B073WPWNG9	0
B09X2YRLNF	0
B00HT9OH4K	0
B07R8H8XDQ	0
B088F4675S	0
B00DR4LVVS	0
B00IM9YIFY	0
B075H5PQRK	0
B002BXAC0W	0
B0BWN8KWV2	0
B077GRQFQL	0
B07GV2176N	0
B0839548P3	0
B00ALVOPJ0	0
B00KFPWRRO	0
B076DYXTGP	0
B01MAWYE2W	0
B071HCGQHL	0
B07TGJCQV6	0
B08P54P1VJ	0
B07NYYB8N2	0
B01E3RJH0O	0
B013OPAXKO	0
B07XCNZYCX	0
B08MT6HH1Q	1
B0BDRKR8ZD	0
B0028Y50TW	0
B005FUIC1E	0
B01IFU2L26	0
B077RXT2NF	0
B01M8PCT96	0
B085KZT4QV	0
B0773KDDW5	0
B07P6235NL	0
B0917HMBBG	0
B00CCDOC6Q	0
B00GX1NAHU	0
B01KC1H5HC	0
B00OH5IBUU	0
B0763ZDNMG	4
B0895XBZDC	0
B07BHT7N7S	0
B083R4YGZT	0
B08MFHBXJS	0
B07B5CKBD2	0
B08D38SXYR	0
B09JF1F7PY	0
B07KWZVB83	0
B01AC99VWG	0
B09K7HSZ19	0
B00SVXVPFW	0
B08KTVYP3Q	0
B00IS85ROU	0
B08XQ9JJ7X	0
B00NGJ0GEC	0
B07R9Q38RH	0
B0BV7BBRS6	16
B08CD8SBXB	0
B01BNJAPLK	0
B08GYMTLW6	0
B00NPZZWN2	0
B07JJR6C89	0
B00XHVW6MO	0
B098VVRG94	0
B09GHXQM1P	0
B093PVVFZY	0
B08H54M9B8	0
B07X6SXBJY	0
B00DR4KY5W	0
B07HCL6RZK	0
B011PLNX8S	0
B01K8VTKQA	0
B07QDSNXKT	0
B07B2S1XWM	0
B00SZFO4JK	0
B00ZOQCOMW	0
B07RF642GP	0
B07YJXF912	0
B07YB9S9KM	0
B09KTF8PKB	5
B0764JGL57	0
B001AUGINM	0
B01HNF7MC8	0
B088P53F3F	0
B07KQ585WJ	1
B078SQ5X4L	0
B000GF3BVE	0
B08R27C95W	0
B00VXQHKG2	0
B0788V242B	0
B08NP7QFRP	0
B07DPL46LN	0
B07DKYMXBT	0
B08889Q88B	0
B00KDRI8LI	0
B08BF3D5B5	0
B01BCR1N00	0
B0928TK49X	0
B00LSYYYMC	0
B01LZPVUGL	0
B00MNZKTI8	0
B0B37R41VW	1
B004VTP9TI	0
B09W2J11Q5	1
B00DNNPDB2	0
B01LZIGLSU	0
B0792RW8G8	0
B06WRPKFJC	0
B078Y6YTSH	0
B00C0ZCOQQ	0
B00GK61KXY	0
B01BIXFZ8E	0
B07BQJTRF5	0
B00FRUA8QE	0
B08TRH81F2	0
B00D6L6MTI	0
B09LFMSRK3	0
B09ZP39Z7S	0
B06XD2NHKF	0
B0B68MRBL9	1
B00AR9TNYI	0
B01LX5VHO0	0
B00N9I2I9Q	0
B09MQPPYWQ	1
B08NPMLZ53	0
B09NFNHCXS	1
B06XCX24JS	0
B07DYJK9D4	0
B07Y9PDVC3	0
B01B8T9P66	0
B00HER7J2Y	0
B08HHZB7QR	0
B00AJ0LT1A	0
B09FK3HNL1	0
B076JFL3QF	0
B072DSS26H	0
B014B68M0S	0
B00KRRSK2G	0
B077H1BP2H	1
B0919LQ2PM	0
B07N6LY2PG	0
B01CGX0EAE	0
B0888WGM7M	1
B00VGXPXEI	0
B00P5YYTKS	0
B00LG7ZIFS	0
B01N9MEVDD	0
B000XJJOD2	0
B08NSS914Z	0
B094FZ3F7C	0
B08GFHZHWM	1
B016TWT0TY	0
B00OVBV3ZU	0
B01G7CY80M	0
B07DVLB4FX	0
B0B52TPRJ8	0
B0742PYSD8	0
B075HF145R	0
B07BXVTF4R	0
B00K67BWEA	0
B0711TXRXB	0
B071L8V12L	0
B018YA06RO	0
B07VVD3CFK	0
B00M3J3EKE	0
B00MJ53OBG	2
B00N9RXWP6	0
B07VGTBJZ9	0
B08RMJLVZB	8
B00F1741IE	0
B004DEPQOY	0
B00RG1AZHY	0
B014P09X3K	0
B098ST3N85	0
B07MQWL98P	0
B00LVBFFA2	0
B06W585BDT	0
B07B4Z31KL	0
B09HXT74XQ	21
B06XDXRLLM	0
B01K4J0R2M	0
B01KRFQYAC	0
B00LZIYHS2	0
B00NERGOEM	0
B07D55DZTT	0
B07PQR6VCL	0
B08L4CL626	0
B00BWFXLUI	0
B002O8WCSO	0
B01BPJJRWQ	0
B08SVVFF6H	0
B07JJXW71Y	0
B004N9TT7Y	0
B001AP1QG6	0
B074HHLKP8	0
B00BCO9G1M	0
B07YY7ZXYK	0
B0196A59GY	0
B071WWFBC6	0
B09V89LPKF	3
B07FCCVMCX	0
B0086WQ2I8	0
B00E4X1FDU	0
B088WVRFZS	0
B00ASIXR3Q	0
B09HNY4SY6	0
B00GH0F2DW	0
B091MRGR7K	0
B00U7ZUBAM	0
B09K44J4DK	1
B07T9FY4GY	0
B0088QMVJG	0
B019Q2ENN2	0
B08YN3TLJ9	0
B000GBGHEQ	0
B007L61A8C	0
B08RDNPLP2	0
B08SJZXHXY	0
B00L6A7OGQ	0
B000JQLT9G	0
B09GYNKGFL	0
B00CSZ6FT0	0
B00ZFM6OAI	0
B01KXU9X7C	0
B087QMPXPV	0
B00HSCYDA6	0
B0085IF2IY	0
B0971YMPCR	13
B00LUNZWSQ	0
B0B8SQ2SVX	1
B0B212S4M2	0
B08R1S138Z	0
B0BXLMW92V	1
B00CCYB8XK	0
B075B2VCMR	0
B082W39YBW	0
B07CK3P25G	0
B07B4QQNCB	0
B0C4L9CPLB	0
B076MQTDK6	0
B01N9YGX8A	0
B017I6L29G	0
B07S17CJLF	0
B07KX9JZY3	0
B07JLHN7SX	0
B086YKWRK6	0
B01LW5PJOZ	0
B00280M5YY	0
B07XMPQ2LN	0
B00LUOPBLI	0
B008ZAZXTU	0
B08K35PVYT	0
B001LNN228	0
B08GHL7N3W	0
B00S5MBT6Y	0
B01H54V2EQ	0
B08WSZBPC8	1
B0951HSD8S	1
B005PK071W	0
B07GWR68GB	0
B01J9EN0SG	0
B07N4G7MBB	0
B0039UTOSW	0
B01LNBTUNW	0
B07G8FW435	0
B003PBSX0A	0
B07ZJGHHSN	0
B00CXOFTKW	0
B00F0R5OCW	0
B08QZB4PJM	0
B00E7X9B6A	0
B000Q7VFXS	0
B0BQ9ZZBKZ	0
B00DQZ2SWO	0
B095YHHLN8	0
B01N1R5JK9	0
B0725T3BNC	0
B09JV3LNKW	0
B00BTIXMF2	0
B07QWDFG8C	0
B00PI7V5CC	0
B01NAKXEGD	0
B014WDAB0O	0
B08GPGW8W8	0
B0BM5JS5FW	6
B08WN7GRF4	0
B07YSFVFBC	0
B0BJZRFCKV	1
B07Z949DGK	0
B0787PGGLK	0
B00845HPQK	0
B083BR2SJK	0
B00XUO0IGE	0
B08ZJZM5Z1	0
B01LAHSR10	0
B07RWHKF25	0
B06XJ4VYG3	0
B07BKV2CFD	0
B07PD2VK9W	0
B09J78T9XV	2
B01MY0JIJK	0
B01C6UWVHQ	0
B0153R85FQ	0
B093BZGPH1	0
B00FABWF1Q	0
B00NBE8O9Q	0
B00DVOC7P8	0
B08THB3STJ	0
B00QSI59KE	0
B00007FFM1	0
B01C38QVHC	0
B07MW66LFC	0
B077G4XV9S	0
B07SFDK9CQ	0
B0BB2RBPJN	1
B005J32E8Y	1
B00WIPG5K4	0
B00K0F35XY	0
B08GXBDVTV	0
B01K82BSRS	0
B017MTZELQ	0
B0BNBBSKR3	0
B07C58JY7H	0
B00DXYPSMA	0
B014MGNIME	0
B00FQPM0B6	0
B07D2929WQ	0
B09KMVDLV6	7
B07257HLGT	0
B0B2LYTM7V	1
B09JL6GH5J	1
B01N078AW1	0
B00CW68714	0
B07CYNPSYZ	0
B074NY54P4	0
B00P487OP2	0
B07BB5Z32S	0
B00HBKUPX4	0
B000F6WS72	0
B01I9HNJ8A	0
B0102EF0M6	0
B071GVGTBP	0
B07T6T11MB	0
B07ZK26KJM	0
B07MHGHG1P	0
B08PB1QLKY	0
B06XPCDZ42	1
B013UIBSFE	0
B01JHDCIGE	0
B0C2PLK4D8	0
B017CJZFVA	0
B08B818GZR	0
B082FK7T54	0
B01EGY6K4U	0
B08F4X7721	0
B00IUNIQ8W	0
B00L8PV00K	0
B012P1OMKA	0
B08G27Z5KT	0
B06X6GG3YT	0
B00V8NL1SS	0
B0171NBCUU	0
B07L4HVB73	0
B0039VJL1Q	0
B015DJ3Z18	0
B0BDLCCDF9	1
B00UIEAWRE	0
B08BCQYMQG	0
B07YFFGDR4	0
B00B497V1M	0
B009Z1EEFC	0
B01M3RZIHX	0
B001H32CPA	0
B07DXQRHLN	0
B07V47Q6D5	0
B01LZRRV4X	0
B004Z247N0	0
B07JM1P164	0
B07RVX5LBL	1
B07N6KFS61	0
B005ASGIVC	0
B00FY9C988	0
B00ESUOMMK	0
B08ZN42S73	0
B07HHS81NT	0
B07RRB6LDL	0
B008JEWBAG	0
B01EDKRD70	0
B08Y9BZ841	0
B07XH6YRGD	0
B00NLMTNFM	0
B07W8FH5DC	0
B005X76AFE	0
B07WT95WS4	0
B005Z1FPQ8	0
B00C3XN0XQ	0
B00JO9T662	0
B07HHDW5TD	0
B01IJBD8XW	0
B00XMRK5JE	0
B00MUFV8PY	0
B08D6N238K	0
B01487BVHG	0
B00W288QAY	0
B01NBP9400	0
B08NYCZDFC	0
B07YCFGKM8	0
B07ZKZNMJ5	0
B07212MG9D	0
B00IJNNYTE	0
B00UV3P4BQ	0
B0B99P5YC5	1
B008WICX9S	0
B00MWWBWII	0
B09NX4835T	3
B07RYND5Q3	0
B076T4R69G	0
B08KXP4QRZ	1
B00K64HXGE	0
B00OFOZ61U	0
B09P13P3HH	0
B08KVR3R2X	0
B0777FG8QQ	0
B07RJR8MXJ	0
B0882PD42P	0
B0BF3MQ41K	0
B07WTVXCTW	0
B07CLKVV5K	0
B07VD432V1	0
B00KTP26Y4	0
B076TYFFWT	0
B0791BWP94	0
B07KQQTJ5W	0
B002T4BHL6	0
B07J67QHFW	0
B07BMG8QZW	0
B00GOJFJ3Y	0
B07SBD2C53	0
B00C0DEG78	0
B07CSBW5GN	0
B07RJMQWN6	0
B083WBSLVS	0
B01G3P0Y74	0
B00W7BB8ME	0
B071J7BXY2	0
B000BYNKPM	0
B01N3KQMFQ	0
B01M0W00HQ	0
B08G28BNPD	0
B07R3JPQ6W	0
B08X18TYQS	0
B078P53SVW	0
B006VI7URG	0
B0194T3CVQ	0
B011LPIZS6	0
B07WYD4TR1	0
B07B5N27VT	0
B0153TJRQU	0
B002QGTXQI	0
B07PXS5ZTN	0
B07798SMNK	0
B0839LHMTG	0
B06XS2S7HB	0
B018EX1170	0
B001Q8SCXM	0
B077SHHQFN	0
B09WW8XKR3	0
B0028RY43C	0
B08PP7LXLG	2
B086MJWQRZ	0
B07SG58G59	0
B07DT271V3	0
B07BVCXNDG	0
B00J9DPWRU	0
B00S88AMWC	0
B00E7OM2BU	0
B07TB88M8M	0
B07ZNW364Z	0
B0077N0Q0W	0
B09Z6GZ3Z9	2
B01GFNXCBO	0
B07QLP9266	0
B00AO31N8G	0
B01E6JN7FA	0
B005C3KIQG	0
B00119QKEY	0
B0BKTLFY9T	1
B07MZLZKV3	0
B0773KWG18	0
B0034DB7AM	0
B07BP5KVRG	0
B07CYTZYRB	0
B00LXLRRWO	0
B0028WAOFY	0
B07QNH6GW4	0
B00QQLPZAW	0
B098F44BPP	0
B07MQSBPV2	0
B099MYNF1H	0
B096VWSCZG	0
B0096U5TUG	0
B000KH00YY	0
B01M5D6OLG	0
B06XWW1HQY	0
B001CM8L5G	1
B004Y8SO9I	0
B07X9WL8J7	0
B07JH2GRYF	0
B081YMDWH4	0
B00KYKJG6K	0
B00BTPRWFQ	0
B071J3LHYK	0
B005LBYZKE	0
B00HO5MQQK	0
B00CBQAHGS	0
B06ZZYC3YH	0
B014SM3KCK	0
B075N7P5ML	0
B07G8K7QT1	0
B01EGRGXO4	0
B07DX378BL	0
B00QU7OC2E	0
B0BJP97TX7	2
B07FVY52ZW	0
B0757K4T3Z	0
B07PJRQSN3	0
B019P82FKA	0
B09CP7RJY9	0
B077ZLWBCM	0
B07H7HGZNT	0
B00M93RKZY	0
B0089EARZM	0
B07JFDTYK8	0
B07YLGX2VF	0
B07DDZJ8SS	0
B00GXHTT92	0
B01C56FFEM	0
B00IOQA1QA	0
B005972FPM	0
B00ARBCFY6	0
B012HKNERQ	0
B0BKRBS8QG	1
B07ZJJS6GW	0
B01FY0KF3W	0
B095YG6Y74	2
B071WJ1MSF	0
B07KYS1GB6	0
B0B298LLJN	0
B00OEF0GHE	0
B06XSD7HG2	0
B01MTUPHF6	0
B0027969JS	0
B004UOS838	0
B002HIDEB0	1
B07QP15B9S	0
B008G3UL6G	0
B06ZZPY7TL	0
B00RY4JHKY	0
B08P6YKDST	0
B008VW8UK6	0
B07MWCHGCW	0
B00BXWHCUU	0
B0048A0HG0	0
B00LGCDAP8	0
B09N68P2GL	2
B00JNGXBBM	0
B07SB28QLF	0
B07W5HWHQH	0
B000FI0TS0	0
B01KGGZRSM	0
B00KO2Y032	0
B09174J4BW	1
B078WGNNKY	0
B01LP0RKVA	0
B06X3W431L	0
B09GWSZ6NR	0
B00R4TNC3M	0
B00E1O3ZXA	0
B00GNKM22U	0
B09HQDGCB7	24
B0854C2G3W	0
B08WHQF9JF	0
B06XFP1K6W	0
B08S77HMFL	0
B06XDS81J9	0
B00QVWHR1Q	0
B002DPUQPE	0
B072XC69NS	0
B000TAIJ9A	0
B07MYPWY3Q	0
B0B5K4NB39	0
B017OOV2AG	0
B0B5L6Y2MR	2
B07VQLJZ73	0
B01MDKJSTK	0
B00653X9UY	0
B07DBP4FTG	0
B004Q6ILUA	0
B078ZQMLJJ	0
B00AY0MRL6	0
B00JL56RD4	0
B019HQ52YG	0
B08B1FB6XD	0
B00Q8JCUVO	0
B01LXDGKEW	0
B07GGYWHKY	0
B07RLV8VB7	0
B08PF98BV4	5
B07J6T54RW	0
B00R5B1PCE	0
B07DJF9VVZ	0
B09MLNW59X	2
B00I0UESKK	0
B019GF9C4Y	0
B07BDQ4JVD	0
B076HJH57B	0
B07122JWSJ	0
B07N992XJ5	0
B09Q248Q5T	0
B08H56NZZR	0
B0B7PXR6YQ	0
B09BBBMP3T	0
B07D8QX3PN	0
B000GX3IIM	7
B09FPXQHHC	13
B09NPQZK6V	1
B074VW49BZ	0
B00ASHUREY	0
B07RY6MB3X	0
B006Z2AEXU	0
B09RP7S4R2	1
B009NPJ02M	0
B0744Q7NSG	0
B01M4KJ5OW	0
B01HO1JY54	0
B0828MLC49	0
B07CQFYWFW	0
B075PKJWBH	0
B08Z3D671S	0
B0748RH9L3	0
B06Y3XJSB6	0
B00KZJBAOQ	0
B00412K6M0	0
B07SRWKGQ4	0
B01CDD2P36	0
B000MZ8RPI	0
B07JZ1GGV9	0
B004SGJAGC	0
B0851GWH3N	0
B00RCG922C	0
B096G8TMNH	0
B018V1JD84	0
B086X49GNX	0
B077Y5P2HK	0
B004W464GO	0
B01G82HQ6O	0
B00RXQEK8W	0
B09X9NL34K	1
B07DYQZQ1T	0
B0912JJX3Z	0
B08WYXBRVB	0
B096LMGB89	0
B00QTMPD9G	0
B005LCTNOG	0
B07XG6W8R7	0
B08R3HGMHX	0
B08PZ3DQJK	0
B07GQN11V7	0
B08YYT8TNY	0
B004LG2GZ6	0
B008RPCEXG	0
B00PJ3DOUQ	0
B08R9RRN79	0
B08HVM83FN	0
B073QLYHWV	0
B078RL71RX	0
B07L1K5MQH	0
B00ZKL5J5A	0
B07DSC6QY5	0
B00IU62Y78	0
B09PL6BZ3B	8
B00DH814DY	0
B07CLC47T4	0
B07SLRSSRY	0
B017WM4F2W	0
B00F36G10Y	0
B007RD8VPY	0
B07RBL31HJ	0
B00QMTID84	0
B08RRSMP7T	0
B07QC219B3	0
B00GR4CLXW	0
B075MSD1V9	0
B09D9PZ6MG	0
B016BCXH5U	0
B002DO08DK	0
B074SKWCL3	0
B071KTBSBJ	0
B07BKSQC5T	0
B0823YQ2HP	0
B0BV2M4SZ7	1
B06X8ZW3HM	0
B01CA3AP0E	0
B076MJD48G	0
B086M3RQ77	0
B000X03W02	0
B00ZDK3VGC	0
B07ZJ27KHQ	0
B08CJW5DD1	0
B002T1FRRO	0
B07B3C2HVX	0
B07H37S6XM	0
B012VRKK40	0
B01N4DHF4R	0
B001D1DV2E	0
B08P8G3DJ8	0
B01N5QRZF3	0
B08P4FV2MY	0
B0799VHCHY	0
B089SNGJJ8	0
B00BEGE8TS	0
B09LMB8W1C	0
B00DDY1MAM	0
B003H05TDI	0
B0795DY1ZF	0
B001G8VNBU	0
B099194ZNV	0
B08GD1N8S2	0
B0B92VCHF9	2
B094173L1B	1
B00CU9DCOA	0
B01LNZU8FC	0
B07JG1XL1V	0
B094G5Z45J	0
B077JNF6M7	0
B088QF96LZ	0
B094JB8WTJ	0
B08LMWLJRF	0
B007R3Q1NI	0
B08BYMLNPZ	0
B01DNJY9PG	0
B00LXFVKNC	0
B000QY1TFK	0
B005GWDVC6	0
B00L3WS8WQ	0
B07F27R9RL	0
B01MZ5Q1H9	0
B078VTVMFC	0
B072W9QD8Y	0
B09TKTVJLW	0
B0143I9BC2	0
B00PW3DY08	0
B09SP3NY82	0
B075ZYXHLQ	0
B00SZSVTN6	0
B077QVVWX1	0
B07GPZRL2V	0
B0B4T53BGM	0
B00KWKMVM8	0
B005GF4ANC	0
B07GFHM48L	0
B00R1UOOAO	0
B07V5R2Y4L	0
B00UGFSXM6	0
B08VNL8WPY	0
B00MAM0N0S	0
B00E42CPWQ	0
B08ZXQ3TFF	0
B0BDY5SBXS	16
B07V9Q1D57	0
B07RBCQQ5W	0
B08BJQXSXS	0
B00VX0HZEK	0
B07MW2BQVZ	0
B00V9TDHJW	0
B00BBKINM0	0
B094V66PZ4	3
B01ETH7FNY	0
B071FB5DCW	0
B0017KWR3K	0
B07QDL86GQ	0
B07QQRQ566	0
B0BLBFQ9BG	10
B07R3BQG87	0
B07TCZ5WWV	0
B01BIOTLSS	0
B0841FTX3B	0
B079QHR6VF	0
B074TN2W4K	0
B009ZRIKG0	0
B0B4RGHCQQ	0
B0B21D69J5	2
B010TQZVNA	0
B00BZQ7ZPG	0
B0BZRHRCT4	0
B07FP3TNZX	0
B00VA7PX90	0
B00KHYG684	0
B00QJ080WA	0
B08RHK3B7M	0
B07FLLZSH2	0
B09BYYDMV1	0
B00I705OVK	0
B00CMNQQS8	0
B084H9KZTV	0
B01M1LEBDV	0
B07Y9JL9SB	0
B00TDMBCTY	0
B0BB2K8X4D	0
B07TS5SV22	0
B00F4CB19S	0
B00XIQV4LM	0
B07ZPVMQTH	0
B08L6JD32P	0
B01FVL3O8C	0
B0914ZHF2C	0
B07KYX292C	0
B01LGZ5AQQ	0
B0BJJBLQKV	4
B083R58YW4	0
B09CD9JMFD	0
B07WQKJDVP	0
B00YFO766I	0
B00X1WELGI	0
B09H7HQTRS	0
B07B4XSW7K	0
B0B56SVFRZ	0
B07Z27GW2Q	0
B09B52VP4Q	0
B088H1TTF9	0
B06XK3KFLP	0
B07SS2JRRP	0
B0012ZL97A	0
B00YXLRIG6	0
B009A5CKZY	0
B00EOVXDBE	0
B08FQXKS9L	0
B07Z4DGLVN	0
B074CS5WK1	0
B071WDPDLB	0
B07ZL3LQN2	0
B07X8NZSD9	0
B00AFC2OKM	0
B01CUTXYJW	0
B00NFJPLUM	0
B0BHC7CKY6	1
B00D4T59E6	0
B003OQUK8E	0
B09CSXXF7R	0
B0796M535S	0
B09T4ML9KT	0
B004DNGJM8	0
B01N0F3GH6	0
B01MT91MBA	0
B008PNGL66	0
B010121UQ4	0
B07B11LJC1	0
B011F2WAEK	0
B084Z71BY2	0
B08R5M1J85	0
B01KWJ94LO	0
B01C2RJMP2	0
B00BISQCMI	0
B075MG82V8	0
B07PZ8JR4C	0
B08LD9Z48G	0
B07341XFXB	0
B08CMNB3K5	0
B08LMMB4J2	6
B09VBMZ3TY	0
B00DZFV2MC	0
B07BHPMN2P	0
B015KVY25M	0
B09YGNSS7P	2
B08FCDR98C	0
B07L6S9773	0
B004CYHEXQ	0
B086WCM2MR	0
B071ZJTQYR	0
B074MB2ZNK	0
B09PYVD3YW	0
B09WF14J5W	11
B00IRSKDYU	0
B00PG84H9G	0
B01HFN8ZN8	0
B09ZP9ZP2G	0
B07HX6HZZQ	1
B09ZJ2R9F5	1
B07MKCRH1P	0
B09T34C4PC	1
B00M97WSPW	0
B004SQCE8S	0
B016VPEBK2	0
B0B5L59CHX	0
B00CORQD6W	0
B079QHY15V	0
B004OBYA7U	0
B07PZF15D2	0
B06XTCN3WQ	0
B0BWDX3H26	1
B08BC8LV5B	0
B01B77BEKY	0
B0773MFRMK	0
B07GR54LPR	0
B00AGWRAPK	0
B08T6GWSTQ	1
B08RQ92WF7	0
B074WG5RXQ	0
B07WN6TV5N	0
B07T8M7TVV	0
B01ESOW08I	0
B07L6RCMN6	0
B06XTD39NX	0
B07G743XMW	0
B0747YL41G	0
B08FSWKYTQ	1
B092SWBX9R	8
B0B3CDJCHF	0
B07XPH2X4J	0
B093H27KND	0
B07R7FFSJH	0
B00J3B1O52	0
B007Q1EHPK	0
B07H7QNL7P	0
B00IOIFEY2	0
B005I3T0DC	0
B079XP9LNM	0
B00ATJMK1E	0
B08RWZH2PN	0
B09KQ7BB1S	0
B06XSJ5VNV	0
B07CZPGD3J	0
B00RBZHCJ4	0
B088FRBJ3K	0
B0059DH0MO	0
B01K20M6OK	0
B0758DJJN8	0
B07NWLP1TT	0
B07CK68JT8	0
B00YRIGKXM	0
B076F4CBM6	0
B007KMA222	0
B01CFX0G3K	0
B091H4YLRH	1
B00LVF47WU	0
B00ATQRT04	0
B07QZ2BM8H	0
B07CYXV9JQ	0
B0743CLWL2	0
B07JVPQYDX	0
B00THKL5RG	0
B076J2GB33	0
B016I7IV7C	0
B007XL8ULK	0
B01149DVII	0
B00MWHUIBA	0
B0BKL8YHNL	34
B0765DSN4P	0
B00AJ2O35C	0
B0CFFYKNKC	0
B08319N9GW	0
B07CHZBLQS	0
B075RXVTND	0
B07DDN5NK4	0
B075J7Q32Z	0
B08HCZ35TD	0
B07RRWLJWV	0
B006BM20YK	0
B07XQR2NDM	0
B0B2RCGS5C	1
9479290707	0
B09BPGYNFC	1
B09D3RD12Y	0
B07B3Q32YB	0
B00JEKPNQI	0
B08CHCX78B	0
B082W44WNL	0
B07SRFPDDT	0
B0018WUEK0	0
B07MJC9H5J	0
B0811VBM56	0
B01708E74O	0
B01ABZ0NSW	0
B074Z794PX	0
B077VLBSHJ	0
B07RB35YGD	0
B077P16HVF	0
B079PDLPSN	0
B01C3I3ZD0	0
B09L7YP1BX	0
B0BP6MDDKN	0
B09BPPCV6G	0
B072JC63F6	0
B074QLZ5MR	0
B0073J3R06	0
B07TJB5F16	0
B00KSK9XPU	0
B007N9FAEC	0
B07WRX54Y2	0
B01MRRJI06	0
B075T9HH34	0
B0C465CQ58	2
B06X94K68Q	0
B07DVKX4G1	0
B07Q7ZYD3R	10
B01M4IZF9Y	0
B091DLMLD9	0
B07ZTFM5J9	6
B07W6RZZQB	0
B07LGZCBXW	0
B01H6RGCQU	0
B00M9XCUCW	0
B09DW6MCGD	1
B0891LTVHT	3
B07SKTYVN3	0
B077S83P8B	0
B00BYQOX98	0
B00GV39Q6O	0
B008KLPPSI	0
B00RDQKZQ8	0
B004JU28R0	0
B00ENUC9UM	0
B00GN5430Y	0
B08D371M1K	0
B08LR1PNMF	0
B07K2W92ML	0
B07H5M7BTV	0
B01FSGWMBK	0
B0058CFTQ0	0
B09315C5N8	0
B07GV8R9NQ	0
B097YLHX5Q	0
B004J5Y1WU	0
B00QAS2NHO	0
B0BQ4YT2VX	1
B00IA4XD3Y	0
B087ZDCN7L	2
B0841NPWDN	0
B017YKPTF4	0
B076DVS1NS	0
B08Z7KQ6JK	0
B01NCN55YT	0
B001VMAWEU	0
B002LG1WU8	0
B01EQPBPV2	0
B07V1LN14B	0
B01B9WWUM8	0
B00DI0PPUY	0
B087X89D5Y	0
B00EUZJ73C	0
B01N9GPX07	0
B0046EC1NK	1
B088RCNXJN	0
B00HET0VB8	0
B00S67XR3Q	0
B07HGXVW44	0
B01FINJ9WI	0
B00L8LDAW0	0
B00U7L2KZU	0
B098CWNMC7	0
B018WIZ5W4	0
B00D8865EG	0
B07PPN6L4T	0
B09W65SWSV	1
B08GC2GDT6	0
B07CCB2GH7	0
B0781YW1XK	0
B07RQHQG6T	1
B07HK7YP3T	1
B0714PKST9	0
B01MZH34GN	0
B07GB75KK1	0
B01C84DR78	0
B016V903IW	0
B07SM77Q1C	0
B08NTDKGCL	0
B07FJKS9JG	0
B07HFBCS6S	0
B010TBNH7W	0
B07Q3SM5RB	1
B08ZHXYPPJ	3
B0842J3B9N	0
B00MFTSPNS	0
B01M6V8XRD	0
B0BCKY5Q5M	2
B001CH8P16	0
B07QQXJSJY	0
B013W4LCFC	0
B07S9ZKSGF	0
B07R7HTYRK	0
B01N16TIKP	0
B001S3D4HY	0
B008NA7W6Y	0
B08FMGWM8C	0
B0939FH2D3	0
B010BZW9ZC	0
B0098GIL4Y	0
B0C8PJCYBJ	0
B01HOB4VIY	0
B07BTG23LY	0
B00ZWCBZ5A	0
B0BW229NRF	0
B095Q6FGYQ	0
B002J4TYJI	0
B01M193ICH	0
B01MRV9911	0
B08JMB2V9K	1
B073W6HPRK	0
B09NTCSG49	1
B00442Q798	0
B01AX1HGWK	0
B00VVRA8WG	0
B00HNF6HB6	0
B01DCHERK6	1
B071VK8SRC	0
B09BN7KM2L	0
B00I0BI1IO	0
B07BNFBGZR	0
B00ANJUUS0	0
B019DQWS0Q	0
B01M74N82Z	0
B088632R66	15
B0007WTS18	0
B071RCD49S	0
B075SQRRL6	0
B01AS3CCSQ	0
B01GKEC1VK	0
B00ETHT11Y	0
B0CH4LJ3SZ	0
B0046RPWW4	0
B07W3LZYLV	0
B008L2WL1A	0
B08JJ88GFT	0
B07ZXMYC5P	0
B073TW3Q52	0
B01BPLFY1C	0
B07CK6HZGZ	0
B00E9STNQ6	0
B09XTV4VY4	1
B000PAS5JS	0
B089KWNQPJ	1
B07WDT2B5D	0
B07F5FGZKX	0
B088BBYT3N	0
B07S9P8H38	0
B01BUN3DFE	0
B077SCCVCD	0
B087SD826F	0
B004A6K028	0
B00KHJQCLK	0
B082MTCQ6G	0
B08TWM4H1M	0
B0BMZJH9NT	1
B019HN7Z6W	0
B07FFHHK4S	0
B07CV39V3F	2
B018708NG2	0
B0177NRW4O	0
B00GFIMV80	0
B07RY9643H	0
B07DG14F9P	0
B0093QBL5A	0
B01F2ZCV3Q	0
B01CGWU3HY	0
B01M1IQA2H	0
B018TQ4P3E	0
B07HGYJKJK	0
B07H924V68	0
B08M3ZWWF5	1
B0BLH5X8ZC	1
B01KY8EVMU	0
B09T3F8RTN	0
B09B9Q9BNG	1
B08L99D1F4	0
B08RP9SJ7P	0
B01LZRUE4Q	0
B07WLNQR16	0
B07QYVN4JB	0
B078ZKWG2T	0
B07D76RBMQ	0
B01FMPPVKG	0
B08DNYWHGP	0
B019UKYWA4	0
B08F77LVQ5	7
B00OPQBQ4O	0
B07TQ53NVD	0
B08PFSG4LV	0
B00YBBM9T4	0
B07C7PNVV8	0
B08M46X264	0
B018XNRM7Y	0
B00GY04EGG	0
B07Q1DDKFJ	0
B00THHO54E	0
B01M2760YR	0
B001AWXIOC	0
B098TBLC4L	3
B00B5RHR12	0
B099R9M6RY	0
B07Q2T56YG	0
B08HSMP7F4	0
B006OSN9C8	0
B073RN69DS	0
B00WGV7AZ4	0
B00CCQ779M	0
B011EM2PPK	0
B07C6BW6ZR	0
B0895KJSPH	0
B06XR5XY4T	0
B093ZRPLH1	0
B01GGYR3UI	0
B009WKKJZA	0
B09MRYTXTR	0
B07LDHSWH5	0
B07XZLV5R1	0
B00NG9BFMO	0
B08RWXW38N	0
B07BT4LL7H	0
B07SS61G9G	0
B010SWZOUU	0
B006ZCMYBK	0
B00737GGW4	0
B078MKRT8J	0
B07DMX35S5	0
B07PFT3M1L	0
B012CPJ07O	0
B00NIM1C18	0
B08BHTFTFG	0
B0B59GVLSZ	1
B077DC6PL2	0
B0BRKDY8B1	0
B0BFCR946D	2
B07GNGYTPZ	0
B07GRW5WBH	0
B00AO32448	0
B00E9S8UM4	0
B0BRQ93VYT	0
B07GPG2DLG	0
B0009GCUIU	0
B09WJ4Z19L	15
B08LVSP4WZ	0
B0733481LG	0
B0BD57XTP8	1
B07HP6WXY3	0
B0BN5PTZP3	1
B08BFDQM3X	0
B075QLLDY9	0
B07YN6YR91	11
B07M5CLV5L	37
B00C3710AM	0
B06Y2YDRCN	0
B008DV3CLC	0
B01N9F40VE	0
B00KGGJ6KS	0
B01EFFBID8	0
B07CDQTZS4	0
B07432BQG1	0
B006UVG93U	0
B01MTQLX0Q	0
B00D7FV2EI	0
B09PVBHHQZ	1
B00E6HNWWQ	0
B00JVQP8N8	0
B004TIXFME	0
B08L86319Q	0
B08XXBN4J8	0
B00H91FJDQ	0
B00JX4HSG8	0
B00RWV4DO4	0
B09QQK6R8N	0
B09CB2FNW3	0
B077137QVT	0
B07PRQMGJ6	0
B0BWXTCC7H	0
B09P81X86D	3
B07SLKMJ2Y	0
B09KQGJ8FH	0
B00QRQN8UU	0
B0BKPTWKN4	1
B07D11VMBR	0
B00REWSJ64	0
B07MYJM2D4	0
B07MM45KBX	0
B073WJXB5N	0
B00OI2BCEE	0
B0BNT4NMM3	2
B005G1VCFU	0
B01N6V7WPZ	0
B09B7RWFLD	0
B00LFTFI52	0
B0196Z85YW	0
B00EWIZS5I	0
B0779LHJ35	0
B07P6P7HJS	5
B07JMTTXHD	0
B07FSQ3J9L	0
B08FDVBFM1	0
B017D1TBMG	0
B0075AQ4T4	0
B07PHRVBS1	0
B093GZXC8J	0
B07DDP59MG	0
B074N3TQYH	0
B00EK3MCZE	0
B08GX8B3RC	0
B015ZOGO8C	0
B00R8DTBMA	0
B003OYJ3D4	0
B00361FDHA	0
B0876RPGB3	0
B07H3B9P5K	0
B07S5K7C53	0
B07DC1DCKX	0
B014OP00ZG	0
B00YPZDWEM	0
B09HV3CN59	0
B01JK85T26	0
B075T9RR92	0
B000IZ9F5I	0
B07546LJX1	0
B005QOOG7I	0
B00LG9LL2A	0
B00N85VU1W	0
B008NJQ9JQ	0
B088M1K4YR	0
B00772CBGA	0
B00SH4VMX0	0
B01N293AEN	0
B01BTXVELU	0
B00SYB92MO	0
B01D3I86YW	0
B091BXP5RG	0
B0BK6KFCXF	0
B09L4KL4C9	0
B00A7GJFCQ	0
B094NPRQP3	0
B00OA74UMI	0
B002ERHQX6	0
B01HCX5Z0C	0
B00J5XNKXM	0
B08S6WVVRN	0
B004RDWABI	0
B07B4KJ46X	0
B000L3SPSA	0
B0946NTVRM	0
B07XNZWTM6	0
B00OYAMHQW	0
B07S6DF2XG	0
B01C52J5JC	0
B085Z8BZXK	0
B07PJRYJQB	0
B07B58ZDPY	0
B07P8GXHHZ	0
B08T8YGXNK	0
B07X8MJRSB	0
B09FGHDFB8	0
B00ZGQFEBS	0
B078LZLWR9	0
B01MSZN46K	0
B000N24WCW	0
B006JSJPHG	0
B07TKWZN4B	0
B00LT4CC4I	0
B07TK1CH9L	0
B001F704XK	0
B071DC4JS5	0
B06XP5M9G4	0
B01489TS8I	0
B0756MDML8	0
B01ATPYWWM	0
B01H65KWC2	0
B07ZNQBNQP	0
B07TTRHZL7	0
B07SR6CS2K	0
B01DBD2Z82	0
B0057MIT40	0
B01M2AIS3O	0
B07HMT6V6S	0
B073VYWJB9	0
B09MN9R8K4	8
B071LHNR6J	0
B073CFYSWD	0
B07P9VTKF5	0
B09V29TK88	0
B0006N53TY	0
B00Q9CCR9K	0
B00SIY62VQ	0
B07WWZRZ5F	0
B009K19286	0
B0C596XFV5	0
B0943RBC5D	0
B00Q2INV78	0
B00P71SOQE	0
B078XJB7L6	0
B0912VXS1H	0
B00SKC58Z2	0
B08XNNZ344	0
B00O50J4SA	0
B084TRJHQP	0
B07KT1YV3R	0
B00ITEX49S	0
B01N3UAXXN	0
B005AM89ZQ	0
B00FEQFRFI	0
B08968SBZQ	1
B00PZR319K	0
B012HPU45G	0
B01KGE19W2	0
B0B72YGMYZ	1
B07KYSCBSC	0
B00RFWWN5Q	0
B002LH4OHU	0
B0074COCOM	0
B092B5FDGL	3
B088Q188GN	0
B08MN85DW8	0
B07ZH4B3HM	0
B0016LERO2	0
B07GGMRX8Q	0
B08DXZ5KZR	0
B01HHGRFVQ	0
B01NCWSPOH	0
B00GTXZD9A	0
B01LXUS4UF	0
B08FCKRL97	0
B07BMM15BK	0
B06XY6175W	0
B014GYWSWS	0
B07QHKRKKS	0
B0078K5AQY	0
B00BAJ7UXA	0
B0BS3JHR2D	12
B07QMF927R	0
B07N4328B8	0
B00PITOXWY	0
B006TC6Q1K	1
B079N34PCW	0
B072FVFMB7	0
B00JSNJJUM	0
B00M8GYIJI	0
B099RFR32R	0
B0BL39Y8JG	1
B007ZYP3MY	0
B0757CR6C6	0
B00D7BQX78	0
B00LADQ5F0	0
B07W6SRLS7	0
B00OTJI6UE	0
B01N0GC4V7	0
B0BZS16TKM	0
B01ACKT6SO	0
B09337TS61	0
B01D0YDF3G	0
B00OEF2CWQ	0
B07LH1K3GW	0
B09R3Q8WLS	1
B07F8BMFLP	0
B09KMJFVDZ	7
B0811X7S14	0
B07DVCKK1Q	0
B0743DBYFJ	0
B00I7EFAFG	0
B07CTDJV1K	0
B00H9RF1CY	0
B018EYVYDU	0
B0052T9HGM	0
B07774T1MH	0
B07D2LJ3HK	0
B00KNRMQI4	0
B07SQ4LBJN	0
B09WQD14BT	0
B072BLHVPF	0
B00PV4ZVQS	0
B09HDYMFC6	0
B08ZD4YMNC	0
B074MBJX3G	0
B0BCGF13VS	6
B071CHHGN8	0
B082M7HZN8	0
B01NA7G97N	0
B001GJLM1A	0
B01758EJ92	0
B07B8LDKVH	0
B09NM6BTDR	0
B0B88CGBST	0
B07795VHXL	0
B00BXOIZ6S	0
B09CSXKYX7	0
B00YST1ETU	0
B0786TX9M4	0
B099W75FK9	0
B077833GQT	0
B088NN4MVR	0
B078RJ2JKT	0
B00OKYI9PK	0
B07B7NQYZW	0
B07D46YPG4	0
B07MPFG1MH	0
B07DWSQWSS	0
B07MCYVDL7	0
B00NXSRAJ0	0
B08T6HLP3W	0
B00WQMPEU6	0
B01CN6N7C6	0
B07FTHB469	0
B07BZ8MNC6	0
B07VZCCH6H	0
B01H8NE6EW	0
B09L7TSJ2C	1
B009SKUSIM	0
B00LLNKFDW	0
B096XR7FZH	0
B018TA64VQ	0
B01D0JCEAQ	0
B01KU35GXC	0
B07FFMTX7L	0
B01BY5NKSI	0
B08CFNQNJK	94
B079RTBKW6	0
B00LT47ZMW	0
B01JASRXWA	0
B07Q1SDL8N	0
B06XZFHRL7	0
B00DWWFVQG	0
B08XQM2DG1	0
B0BBR4N4LH	0
B09C8PQNR9	2
B08N4CVXPH	0
B00LJ6W7NM	0
B084ZXDTDG	0
B083XKBNPN	0
B008GSBICC	0
B0746C7F9W	0
B085TPGTJY	0
B00E6GB77O	0
B09Q958RYN	16
B07K23JWVL	0
B01KFAW0RK	0
B0BBVLY117	3
B00ATUYOCQ	0
B00289K5S8	0
B07516R4N1	0
B07822W1JN	0
B000TF9SLI	0
B00J5CWE1M	0
B07V4FX2ML	0
B081TM5DKT	0
B08J4FN93Z	0
B07FKBJ686	0
B00QINL7ZA	0
B07BCZJRJ7	0
B00279L0D8	1
B00I6CERJE	0
B007W4BWJK	0
B08LGMXXVX	0
B08MFMNSMK	0
B0026P487S	0
B0842FSK4R	0
B00SPIOIUM	0
B074Z1D563	0
B0917GXD4C	0
B07Z33FZ9W	0
B0BP2C78KH	12
B00IEYZJ8W	0
B007PT0TH8	0
B01CJ11UH4	0
B07WSD47ZC	0
B005VDVFUU	0
B008K3HP2A	0
B00PAMHQPU	3
B0BZWCM7T8	2
B00APTJVI8	0
B0BJW4WHP1	1
B07YVNQ83J	0
B07KWHYMTJ	0
B01MQNC0PF	2
B095XYGQTF	0
B07GQSRL92	0
B00CYAZOAK	0
B0C77SLZYX	85
B01N14DK5G	0
B08B4KYMHP	1
B08FBJZFVV	0
B09MKBMS5P	2
B009ZPVY88	0
B07BLLM9G4	0
B09XB5DRBG	0
B0C442VJ2M	0
B07VFDW8CG	0
B00V8BIX54	0
B01BZQEWZQ	0
B01LWCTLHP	0
B0081HW7ZK	0
B01FLTDPII	0
B07MXYLB7M	0
B00BLIJ8HG	0
B00CGBX88C	0
B08YJYWKM7	0
B07FSF93X3	0
B00ABENB56	0
B07VG2KHSP	2
B009YDG96I	0
B08CVQNK5T	0
B07VGJLLJ1	0
B00CKXPQTA	0
B07WHHMCQ7	0
B00US3LLEI	0
B00DW1QMRE	0
B00DVOKL6A	0
B00XQDT7V6	0
B09XDWQRH5	0
B00GS5VA96	0
B07G4BSCNP	0
B08RWJ7GXZ	0
B09FSV21VL	3
B00NHNE2OM	0
B00B8UZJY8	0
B01LEMNR8E	0
B07GSP8XR3	0
B00386B46C	0
B07DYDX5VH	0
B09X36YNH9	0
B0753BWRPM	0
B08BFV2B6M	0
B01LW3WCI8	0
B00F3V44G2	0
B0054TUSMW	0
B074KKMBT1	0
B003FLL1I6	0
B07MP8VL4F	0
B000AXYEA4	0
B07FKGPGFC	0
B00YCVQ3IQ	0
B072BT9Z6Y	0
B01JRBWIRK	0
B00SV9RKF0	0
B07QNKS7BL	0
B007UXO7GI	0
B07KTQ23KX	0
B06XXKYWRM	0
B0BFVNY3SR	3
B092YZP9D4	2
B091D5YK64	0
B01LXAXSGR	0
B017N3EI4K	0
B08JHW1DS3	0
B01B2DNHTY	0
B00C8VZYZ0	0
B07L5GBVX7	0
B0057X86ZQ	0
B0081IKFYY	0
B0078ZW5MQ	0
B0BSB1FS4Q	15
B07BTWTT2R	0
B07VPCRBSW	0
B07GFCNVDG	0
B00ST40QBW	0
B0822WGLDJ	0
B00VV8QKBS	0
B0914S7DR4	0
B003HCO540	0
B0832WHYH3	0
B00AWXCXM8	0
B07P88KKLV	0
B00LMG6AX2	0
B07MKSCQ16	0
B002N6TJ8I	0
B00ES9VX78	0
B07QF6BVNQ	0
B07F8R48BR	55
B077416RRS	0
B01L98Y0RA	0
B07BBBCGJT	0
B08VS54XVQ	0
B081D7Z68Q	0
B08HN3DYJD	0
B00K4BR7XS	0
B004I5C114	0
B077JG3VBR	0
B07FCS1HSK	0
B086BSPGXJ	0
B07L6TCKSK	0
B08LQM8B1S	0
B09K3B6753	0
B07GV357Q1	0
B07DTHGXNB	0
B07CHT118W	4
B0028RWSPI	0
B09QKS9Q8N	0
B08D6497NB	0
B09LKK71J2	3
B071X9NN1Z	0
B07QD8J4H2	0
B00HUH76KS	0
B071ZJHKPC	0
B076MNRK52	0
B005OU5WXG	0
B07C2MB8Q6	0
B00HDOFODE	0
B08132CK5X	0
B0C3TSXX68	3
B00SEROK3O	0
B01M5L2HQ2	0
B00BM8NFME	0
B0972J84GV	0
B00BGG29EC	0
B07CHYLMKQ	4
B07QVNJ46Y	0
B01HAZN0NG	0
B08B3GX5ZF	0
B008JEKO00	0
B00INR4HJ2	0
B00KXDEUQ4	0
B01BE5WXKO	1
B0878JQ9TZ	0
B0B7HCMNKQ	1
B09BV6MXS4	0
B077SHDPGP	0
B07L2SZ5VH	0
B07BGR9MYL	0
B01N0KDW33	0
B01N7S752V	0
B09P5TRC58	0
B08MCZ6Z3G	0
B07KP65DLZ	0
B096NSBH6B	1
B001A4YM18	0
B08YRW8M2R	0
B002N02NEG	0
B077F53FTQ	0
B0754N4GNW	0
B08RPBB7RT	0
B07HG3222V	0
B01MA6KR4B	0
B07ZBY23VF	0
B07MW1QLRD	0
B07GBT82S7	1
B01DNWLUZK	0
B00C2541MY	0
B0C36YX8Y5	0
B07K5LDNYY	0
B098QRW72N	0
B0BL1VVNFW	1
B0B141XXW8	1
B07Q4CN3R7	0
B01MUERRXS	0
B007OY2IDM	0
B007VN2A98	0
B016N9IJT0	0
B082TK17QR	0
B07MWGYYSR	0
B07RDDPSSN	0
B01G98ZOIO	0
B09VBPTZ4C	0
B008JELM1A	0
B07TC6ZPDR	0
B0797S7K27	0
B01G7OT3A0	0
B01LXGGU0E	0
B00MK4XIQM	0
B00IEY52E8	0
B0892JHXY1	0
B09KPPWJXH	1
B00WYCWUY6	0
B07VLH9VP2	0
B07HFJ5SPY	0
B076L1WH1J	0
B07TBKT6WJ	0
B005GBV480	0
B084DWMN2R	0
B08DMNYPV3	0
B07CMXCK9V	0
B01LQ7YR2C	0
B07NDQ1XQY	0
B07WLNHFBR	0
B01N7TWD24	0
B08FHGLW7M	0
B00JBS8SA6	0
B07KRVM9F1	0
B004VLD92A	0
B00KAZSLFQ	0
B01DLNC6MM	0
B0B7BR44DR	3
B00B01ZLIO	0
B00U1533ZI	0
B09YQ2S2S7	0
B00NV0FSJ4	0
B005BBRJPW	0
B0BJ9YBBB7	1
B003SLF4YA	0
B07PCKXF7W	0
B07QQVN75J	0
B008ZGEWMI	0
B08H4L96GW	0
B07PTZJD5Y	0
B08LLBD6JZ	0
B08GLYVXQF	0
B001UL5MB0	0
B07PV5LPLW	0
B06XRSJGJ9	0
B07BXQ8WXN	0
B08DR1F9VX	0
B07QZV9Q2H	0
B00KOMIVGY	0
B0189NJMC6	0
B07V42BGL8	0
B0117ZZBGO	0
B07FK2T647	0
B07Q29BNH2	0
B004KNWPHE	0
B083W8ZZR3	0
B079S44514	0
B07F327QHC	0
B0BC15CNG1	1
B01ADO3PJU	0
B00Z5NY5EE	0
B07CWS2TB2	0
B002VLZH36	0
B07S22824Z	0
B01N4GK75P	0
B01H1FCUEU	0
B07L5ZVH5D	0
B077QTWX2F	0
B004O6Z9EI	0
B08JQB5NWP	0
B00E0GGJFA	0
B01M20X1WX	0
B003TS21SO	0
B017X2YERC	0
B00DNNO24Q	0
B01687SEDS	0
B004WYDF8Y	0
B0B4PPFW5R	0
B07D6G735T	0
B00YBBN9B6	0
B00KAQI470	0
B087B7FL53	0
B07X576P6L	0
B076Y3DN2R	0
B000VH36PI	0
B07FCKXH14	0
B07CWS8RTD	0
B088H3MNZM	0
B08F9TGVVZ	0
B01N7R5P2O	0
B087C1475Z	0
B07ZD43HXW	0
B083TR7LS7	0
B0B8JDBFHY	1
B082B83XN8	0
B09T9KKJLK	0
B0B6H6JMDM	1
B07ZWS13JF	0
B00I1AGCXU	0
B08FCPYL6F	2
B01B2497IS	0
B002DGTPM8	0
B08WPZDLNM	0
B008J1JCKG	0
B0792VGQV1	0
B07J6T6CNK	0
B07WN94NM7	0
B00DDU0ISI	0
B07K783NMK	0
B077JMFCXY	0
B0C9LY1QL9	0
B01EK3Z8CC	0
B01C4FACDS	0
B078213NPT	0
B00DWUCYV8	0
B00M95N6U0	0
B00MOQKTV8	0
B00L8ADL2A	0
B08P2KKWX5	0
B0725DGB7Z	0
B089Y9W8K6	0
B074NZ7NV9	0
B07N2BKSQ8	0
B01KXNI104	1
B00YCCVA74	0
B00CLKX86K	0
B0771JVNT4	0
B09R51B9LH	6
B00OUS0PHG	0
B07MWC56NB	0
B071D3TZ2D	0
B00EUUNR9W	0
B004U1M3OG	0
B075RB6J5Z	0
B07GN4M2HZ	1
B07BQYBF12	0
B07WZMSN1S	1
B09XSC5Q5T	9
B00PGQ2IX0	0
B077PR14SF	0
B079GRZTCT	0
B0041G076Q	0
B000PQEE42	0
B00I4OZWZ2	0
B00R644UR2	0
B07VDDH919	0
B08Q7XG5NB	0
B0081KKQT6	0
B01MQQIKPF	0
B07XVFVM26	0
B08XQDMYFZ	0
B0BHHT186C	1
B07BHZ5585	0
B00QVWZH0E	0
B07N4RGH89	0
B0796NHFF2	0
B076J7RWP7	0
B07Z7RRZ2H	0
B01IDY9RAI	0
B003CN4ZKS	0
B07PB31WTM	0
B016VNLVNE	0
B06ZY8HJQF	0
B09JDXB97J	1
B0786TBH17	0
B01N9WWUUQ	0
B071ZHCS94	0
B08RDRSL4K	0
B00DDBPQUW	0
B08J5PLMR7	0
B0921C73MN	0
B00CYNOLS8	0
B00QD28TTI	0
B00IM53U1G	0
B07M9L2HYZ	0
B094Z4X7Y9	0
B07813NLWM	0
B09GVHWZ5K	4
B07NJ7X594	0
B08YNVC83R	0
B074Y6CBWD	0
B0BN69RSTD	1
B00ZWYPDRY	1
B00ODX07DU	0
B01M362GFF	0
B000BRC3VG	0
B00U9Y823O	0
B07JPJ6BRB	1
B07G7P4WF5	0
B071RTZ2WT	0
B0BLVHDWZN	1
B00GOKFJEM	0
B0BN27JBM1	3
B00AQ4HVKC	0
B07V5GTW12	0
B00JM6IWBW	0
B07MP11G72	0
B0C5F6SY1V	1
B08727MRWY	0
B07QVNHTLN	0
B07FPPSDKZ	0
B07FRSXTDR	1
B00SU6HRKW	0
B00X6Y2XNE	0
B08CPHDWK6	5
B081DWXN3M	0
B077Y7J6SQ	0
B00KMSU5IW	0
B07XFCFY9G	0
B004EYP5YO	0
B0923K2Q9G	0
B06WVBD4WG	0
B0045OW0FK	0
B00LWELPLG	0
B005N46UNO	0
B0823VKZRY	0
B076DPBHQP	0
B0BGQ7S582	1
B08SJ1LDSF	0
B0781GMZQ3	0
B01I49JDZG	0
B00N50AXQ8	1
B07DG4HXF6	0
B08T7TWWZN	0
B07PCMSD1F	0
B0106CDH6U	0
B077VQ1DB7	0
B01CIYUI3Y	0
B0B19444H2	1
B00J34X0WE	0
B07P85J8J9	0
B07C96SK63	0
B07TKN4QNL	0
B015ECSXOI	0
B01DCM2Y0Q	0
B0041G5GMG	0
B08FH5YC4L	0
B01N6F2K4O	0
B091BD461V	0
B0881Q7WB6	0
B07NDKJ3F7	0
B01M12OHQ4	0
B07J44NNBB	0
B00VV21KMI	0
B07JGTLP8C	0
B001D0DU2G	0
B08KH5HGLF	0
B00AESCVM8	0
B010PRXW34	0
B00C518HES	0
B0788BKRNW	0
B07F1WFHRN	0
B06XB2BP3R	0
B00Y9R760C	0
B076DXSDTF	0
B00BAXREXC	0
B00HN2BNBS	0
B07RT25CSM	0
B00SOPFQF2	0
B0091ISTFU	0
B00E1ID46E	0
B07KC44SKJ	0
B09DVDDCNY	2
B01CRSI8FG	0
B00CPR0LXC	0
B075WVJJQP	0
B07Y7W6NG7	0
B07THBDKGM	0
B091F49R8N	0
B07CNY9RXZ	0
B005HEVAVW	0
B0195I8TSC	0
B000TYNN5Q	0
B01HNDIEKO	0
B07V2XDTYS	0
B08D3VFPTY	0
B083P59SHF	1
B079B8JJMT	0
B00Q9NPS18	0
B005RD7GIO	0
B099JN1BL5	0
B006ZQVWXW	0
B07MVMKMJ8	0
B01K5SG9JW	0
B00PM1S55O	0
B0B11JSV38	0
B003KGQ22G	0
B00I8PUMRU	0
B00836IUEQ	0
B072FG21S5	0
B0B3XLHWS1	4
B09GB44QTF	1
B00BMYGP0C	0
B07BGMDJN8	0
B076MCYJPB	0
B07T3QLB19	0
B08PKHRYS8	0
B00CFTPX7Y	0
B00SIIN1L6	0
B08RS6GD5T	0
B01LYWU5JJ	1
B087R7DYDL	1
B07GTB7CPK	0
B005POZXNK	0
B0BCXGB2Q4	15
B075T6P94N	0
B01M6ZPO4F	0
B07KYTVGZS	0
B095X3LCMG	0
B09JZ77FXV	0
B0BVFGK1PY	0
B006ZU6ZDA	0
B07TLVTFMT	0
B00TJARG18	0
B0758CQZRM	0
B00LJO26Z8	0
B07PGQNJ3C	0
B07YXL5L4G	0
B07SVX4K3V	0
B0062B87Y2	0
B07RSPRYKX	0
B00L1WJSUE	0
B016CWKCV6	0
B07QJ49Z49	0
B0784594FY	0
B0928NJ1JP	0
B0006O1H7A	0
B00JMTNEYY	0
B078T75YKG	0
B0815L9YHT	4
B07DCSG5RT	0
B077VF6PWV	0
B0BXSJZBMK	0
B00NAV0E84	0
B01CHZMAP8	0
B00OSSFHYY	0
B00F3ADJ6O	0
B00T7DZRR2	0
B09CPBBZM7	0
B098NRHGMZ	0
B004W5QOFY	0
B07WPTZCB1	0
B01N2ANQVZ	0
B00H87KOIG	0
B00FN7G4PA	0
B08Z3BVB6D	0
B018ZE61KK	0
B00S981KTK	0
B08YMW848R	0
B001DF9PRA	0
B006VA2JN4	0
B0018G2NI2	0
B08D8PTSJ7	0
B074DW36KW	0
B08R3MDGW5	0
B003IO2OPY	0
B09JVMWYCL	2
B006M73QFQ	0
B09P39YM3Z	0
B017WSITCI	0
B0029KVW1A	0
B08VJCW9W1	0
B00BBTWJ5I	0
B076LKFG1T	0
B087JKRFWY	1
B06VV9YM3M	0
B00YBCAGY8	0
B07958DVC8	0
B07K8Q54MR	0
B09XK8C4YX	0
B0C6T51GQ8	1
B07F7WWPF9	0
B07H29R7L3	0
B07QZ3JTK3	0
B015QZZJU4	0
B00CAQ99EU	0
B072P5YP1Q	0
B01EWZKS9Q	0
B07NNN43GK	0
B0777KY63P	0
B06XDLVQZG	0
B07PR1VC1F	0
B07L1RQDHJ	0
B0758GCJBS	0
B0089PTUG8	0
B0089GNXZG	0
B0042Z4C8A	0
B07CQRRG89	0
B08883169Q	0
B07TRCD9TC	0
B00JKZSWLK	0
B00E77ZPMU	0
B0748BD5T9	0
B00ZASTPA8	0
B019ZRYNRO	0
B07C1Q8CH1	0
B01IHD3J2W	0
B009V0242M	0
B01E5C3RLM	0
B0995RLZX1	0
B079S89LFJ	0
B00C7MZ7I4	0
B002PU9P7W	0
B07CGNCFYL	0
B01HTYWSKE	0
B00VIV9T8O	0
B078WD44LN	0
B07559TGFH	0
B0B9HCPSP3	4
B013XXTH54	0
B07PFQZ11W	0
B010733C2W	0
B07P5GHLX6	0
B000JOP9K8	0
B00H3TA5SI	0
B00NHP7FTO	0
B01FAA40ZA	0
B077SF2NRT	0
B077ZS1QMP	0
B00HB1N9WM	0
B07GZBZPQD	0
B096T3GHDY	0
B06XKRPKXP	0
B01MYUVOXG	0
B07BLJDQ8G	0
B00CEOPBDG	0
B096RL5D1N	0
B00KR5WIE4	0
B07WV1SC15	0
B07S7PJDMM	0
B009NR6QBS	0
B0871L1CY5	0
B0BK4Q4ZS3	1
B0109GW6RY	0
B0073W1MKU	0
B07LCQWL2S	0
B000BAKKOK	0
B07R7XDWRF	0
B09CCJ7RF5	0
B098QL52FV	1
B00NQW7EIK	0
B012BB9OJ8	0
B07GB2ZCPH	0
B09F99CTJX	3
B09RVG4Q36	0
B07VQSL4M4	0
B00M9WAC3M	0
B073TLK3PC	0
B07H9WWNQZ	0
B01D3C2CU2	0
B09V1B1Y8T	1
B07FF91S6N	0
B06ZZYJ46M	0
B019795SO2	0
B0B6TTYJLV	2
B01H6ZT0C0	0
B076ZV7BQJ	0
B09SHH6XKG	1
B07PN95MVP	0
B01N7KMQ0C	0
B0961QD9ZP	1
B07QNJQLRS	0
B00W3XJLO8	0
B07CXQXXML	0
B0725L6MH7	0
B07KF89MZM	1
B08BXLXJ8Y	0
B01LMQN5YS	0
B07TR6JL24	0
B003ELQ8RQ	0
B00T9BL8AM	0
B07QXZ2YR6	0
B09KQ38FZV	0
B01N3BA0Z6	6
B0B8NLCZJG	4
B092L7V5ZR	0
B01GZKX8KM	0
B0BNMDFBF2	1
B07QYYDMRB	0
B082BDR2LQ	0
B07VTV81BG	0
B01E3NLCPQ	0
B0044DF2G6	0
B0763V4QD2	1
B00KCF2Z1U	0
B01JQTEGY6	0
B071WKVMM5	0
B07BHF1WTM	0
B08RP4LCBS	0
B00R99BHK2	0
B009SD4L32	0
B00BCX3O9I	0
B06XF3RXCV	0
B06XSJLBH4	0
B00B9Q3CO0	0
B096M65QSC	0
B07VCDGQ48	0
B01ERVJLWK	0
B07P1G7KXB	0
B00ESGGJXY	0
B0013JKP52	0
B01CNCAMYQ	0
B08CN6QY44	0
B0014CGT8A	0
B01BLYDCH6	0
B01N55AG7L	0
B00LADFJNO	1
B013LCULXY	0
B000AMFZCG	0
B003WIZ52U	0
B0856X78YD	0
B016J36NLQ	0
B08N2BVJ3H	0
B09T5MWQFC	1
B07JGG2DZZ	2
B008LTMN5M	0
B0BN5YTM3S	0
B0896RNCZK	0
B071L1MGLK	0
B011LPI8WE	0
B00NO59HZC	0
B089XJ4TY5	0
B07FW4P711	0
B00PTT280C	0
B084RB1C5M	0
B07MNRM9R9	0
B00RM0NK0I	0
B07DPG4QDF	0
B00KXDBWJC	0
B07CJFBTSM	0
B07ZJ6816Y	1
B08Q4K254C	0
B07XP1BQDB	0
B00SWUFBF4	0
B072WDPWGW	0
B010MAJZQ2	0
B00BVWETAS	0
B08BLKRGHQ	0
B07NRSSLTS	0
B07T3VMMJF	0
B00DP0ODIC	0
B0973M6LL6	0
B07B8LSN1L	0
B08YXR6RR3	3
B01CK7A1YA	1
B07R7L1K8Z	0
B089W4ZPWV	0
B082LWP1QN	0
B08C358RW1	0
B07ZVF3MJ9	0
B01N6KY3KU	1
B07RRGY92G	0
B07V3KJ398	1
B08B1C62QB	0
B07BX96TGV	0
B01BHR2QBU	0
B0734CYD8V	0
B082YTDHF1	0
B01MY6UDTX	0
B0154G0RVG	0
B01M8OGPDB	1
B07R8GLH17	0
B07MDLY9GT	0
B01N9HLPV8	0
B00F6ED4OE	0
B01CRWN6YK	0
B07ZQMP5TP	0
B07MKRV9BV	0
B00UA09U0G	0
B00ATYDV26	0
B0126JOAY4	0
B07DXL1FF5	0
B0BZ4DD6R4	4
B08NSTCP7J	0
B00TV1UB08	0
B01EWZN2SU	0
B00JEXBDSW	0
B07XRS36PB	0
B00FQLX866	0
B07KJFWZTV	0
B06WVJ72HY	0
B000NIEDJS	0
B00HNBOYAQ	0
B06X9CY1V5	0
B00KDC6VVW	0
B079GSXGQ8	0
B08M9MPQL1	2
B097XJ6XM1	0
B01M9I7FOE	0
B01919KGAE	0
B00WVGB84S	0
B079P4GPY4	0
B07DR3P3SS	0
B0056E64EQ	0
B07NSBQSQD	0
B016KIUM26	0
B07L3RCSYF	0
B07DH2BLJJ	0
B00RY8GWHG	0
B07DRPR2HH	0
B005ZX7PIM	0
B08DG4NFT3	0
B01GPFLEDA	0
B004WROAP8	0
B07Q3FG946	0
B005ST2KDI	0
B01618BH10	0
B00MG2ARNU	0
B01M8LJF3M	0
B00REHDZFO	0
B01KYKVR2K	0
B01IDNJY98	0
B01MR20J1E	0
B0B4TMGW84	1
B016P6QVYQ	0
B00283O422	0
B07DNRVKDD	0
B013UBEA9W	0
B086GPRYDC	0
B002NA895I	0
B0177XZ0IE	0
B09YV7N74Y	0
B00HO5VNHI	0
B0752TVH6M	0
B00RPRKJBQ	0
B0B9FDJHPP	0
B07VQ4QTNL	0
B00MUAZIE6	0
B07STX18MM	0
B07QMMYD5W	0
B009SDRJYA	1
B06XGQVG9Y	0
B079L5TWGS	0
B0768V2JGJ	0
B00Z490OW6	0
B004WK9EMO	0
B01DVVXOO8	0
B07LDQN8YP	0
B07Z7RFFHJ	1
B07KJZB77V	0
B00DWJ4MDC	0
B07PM91NWL	0
B00OC870B8	0
B00S59WVJG	0
B07DGMWTSN	0
B00CY8PSN0	0
B005OFGR30	0
B00PY36UFC	0
B08PSSDQ6R	0
B07G7DN6HR	4
B07GFH1G6D	0
B07HST5LX8	0
B086GLLRBT	0
B09F6PH42T	2
B08VJG61TT	0
B092JFJW1R	2
B085C6ZJNX	0
B016E69KPE	0
B077C8RCLM	0
B07F9W9KX4	0
B07YPRKSPB	0
B018SVKLK6	0
B07F335NBB	0
B07WH28ZBG	0
B01LG7Q80Q	0
B08FFWL6N1	0
B07XBCNPFT	0
B07DBPK479	0
B00O5BF622	0
B01CFBEXRW	0
B07TLP44SW	0
B093ZLXB3Y	0
B07JCQ4C1N	0
B076QCM7QQ	0
B01F7HYAAQ	0
B00IJVTXAU	0
B0983C1MDS	0
B07VVKFCN8	0
B006ICTV72	0
B00BKZPPLS	0
B00CY8MBL2	0
B08L62S3N4	0
B09ZVM41GS	0
B005D6G4XI	0
B08FJ9RGR5	0
B012SIIYQ8	0
B00IEZ1E2Q	0
B0817DNG8B	0
B01M117X3K	0
B095Y45DVD	0
B07G2NWDK4	0
B01DTAQQHI	0
B085BMH2M9	0
B093V81ZBD	0
B0BSRDKDDG	1
B071JR395C	0
B07P9HSC8R	0
B0827LGNTQ	0
B09F6ZFZR9	1
B07BTM7RR5	0
B01GRO80GI	0
B00KJH1C3S	0
B005R508OG	0
B09YLY9SY5	26
B07PRSGKYT	0
B0198DB5S0	0
B085QDRB41	0
B08M36K5F9	0
B005HZU6SO	0
B08V4V2N4W	0
B00DS044LK	0
B01MUBHNOR	0
B06Y579284	0
B09FP2QY5J	0
B0969P7SZS	0
B00CYBIS3O	0
B08R1NPBNF	0
B0C4JQMYS2	0
B07BZRF1WM	0
B07B2J1F3G	4
B01FGC7WHA	0
B01CIMM52S	0
B077D47B6Z	0
B09B7ST84R	1
B07YCYK5J9	0
B00GX1RLQG	0
B01FECW6TG	0
B01M1MVV7U	0
B072JPD6YD	0
B0BHTMG94W	1
B0C43X83CP	1
B0BFZRHNX7	0
B07VCC43T8	0
B00EUY671S	0
B01N0XXM8G	0
B074PVKNN2	0
B00JEJHIHQ	0
B005QRP8OU	0
B06W553Z2R	0
B077ZFL8D4	0
B00K365A06	0
B07H3PX5FX	0
B0BHLCTBVS	1
B093SF9C82	1
B0BDN11J5P	0
B009CRP30O	0
B07B86ZG1H	0
B07HLZZH2W	0
B079YZ22B3	0
B00GWKPQPG	0
B07Q2QJ3GL	0
B07R5F6ZFC	0
B08YQPWYZG	0
B082W53FJC	0
B00DHLH00C	0
B01HGW980W	0
B003C2MD3K	0
B07CKLMRMK	0
B07BQ1FWVT	0
B002PJZR6Q	0
B08P84GZYS	0
B0B3D6PX9L	7
B09Q4KWGH7	0
B07MNBWRTV	0
B093LJTB63	0
B00AFCVH8W	0
B089B73XLF	0
B075VM4FCX	0
B085RFZJCM	0
B005URHSTY	0
B00EQQQHTM	0
B07VRQ42Y2	0
B083QGXK42	0
B08BRBWDQN	0
B002ABJYMC	0
B00O5WKTK0	0
B084MLJK8M	1
B07BDLB2XF	0
B0007WB3KM	0
B073VJBM9N	0
B08DYDVD5Q	0
B06Y2GP718	0
B01FIFT3CM	0
B00BFRG8IA	0
B091NQBS12	0
B07V4TVM9Y	0
B0B2LPSX1J	0
B082BWDVJV	79
B08FD89PBZ	0
B006X3I9NI	0
B08RBY5XZB	0
B077RCQY62	0
B08NLQKPPF	1
B01L8VEHP8	0
B000IK8RI4	0
B00O3LON46	0
B07WGF9MCN	0
B0941K1XDK	2
B01LZ5S3RQ	0
B06W5Y4C25	0
B076HRHMWH	0
B09RNCWQMV	4
B0BKQSRBXP	11
B07HJSWPX5	0
B009V9Y2QO	0
B01ELVTUZY	0
B0B87BPPH5	16
B002H9W226	0
B07M6W5JWT	0
B081C94XH5	0
B074LJ1C88	0
B08V53XB85	0
B07W5B4LVS	0
B07S2PVWLH	0
B003GWNH04	0
B08Q897195	0
B00BIP8TTK	0
B078RBGGCL	0
B01MRHTDUW	0
B00QSAICLU	24
B0788BDY2K	0
B00EFYU8PO	0
B01I5PNYKO	0
B00CJ5548M	0
B01HBFFVFK	0
B004LLBO40	0
B0B4W5N3C2	2
B00N40GQDS	0
B0B5DJ88TV	1
B009AHHR9Q	0
B0BNQKJGM9	1
B01AGO6X3M	0
B07B7DVG81	0
B01GQT7JRK	0
B09BD2Z2C2	0
B07BKWRSG7	0
B07SJZN476	0
B018AKIC2Y	0
B07QB49ZZ5	0
B0B913GPMH	0
B07CZ9KPX9	0
B0785F87V8	0
B00LYQ5B30	0
B00416YGK4	0
B01EVPGIIM	0
B0167YQPI8	0
B0825XCKVW	0
B08JGJVR7T	0
B08TWR9889	0
B07BSX4XYP	0
B07L6982N1	0
B07JNFZVQP	4
B083YZGYLH	0
B08F25KTZP	0
B07DHRL8CY	0
B01AAMN5EU	0
B093XQBRSD	0
B01EHR4BTW	0
B079TXG47V	0
B004J2HT72	0
B09SGYPW3M	136
B0BS1ZSN7Q	1
B00A80VI4Y	0
B07FXBWSDW	0
B07QR2XRSJ	0
B07QDD9XCY	0
B07XDKFYPC	0
B00DCKM1LQ	0
B01594RK5E	0
B083M5BTD9	0
B06XC87LPY	0
B072LPR7S7	0
B0199KWB1C	0
B09RRQYSXQ	0
B002YIR8GK	0
B00B7NHH5K	0
B08M5NTK64	0
B016DIK0AM	0
B00UHPLRQ4	0
B09NPV4GF5	0
B0BC7WWSCT	8
B01GGOKIDM	0
B07GZNXR12	0
B01KTL3COU	0
B071WC96WB	0
B01HIZW91C	0
B08D3FB7HV	0
B0743B5GGT	0
B00L4QLW38	0
B00BU5TNTI	0
B0B7XRDKC7	1
B01LWDCEL7	0
B07GD3FHZ5	0
B01KKQLXW2	0
B07D5GQ3JP	0
B00CJUU2LG	0
B014XL49CG	0
B08Y6HWFBC	0
B0772T4XKD	0
B08S7216DR	0
B07CW8VFLV	0
B07NBH6NF4	0
B00A183M1K	0
B008ONYDR6	0
B005CIGN88	0
B0BMFQC9PH	1
B086D82HYH	0
B0C63HR4JQ	5
B097PL29S6	0
B07L6CM66Z	0
B08GC2BQ9C	0
B00BL2VQNG	0
B07H42YKN3	0
B07D4QLVTN	0
B07V32L556	0
B00WDVUO78	0
B00WO8FNVW	0
B07WQT7NWB	0
B0792TG3GD	0
B00HX0990W	0
B077MH2VMF	0
B0BDFLZ4PX	1
B075JGL3JG	0
B09FXRNT4V	0
B00CMQTD2Q	0
B00OMOG5VI	0
B005DKRVIG	0
B001LRMXD8	0
B07HB6WMXC	0
B082SQ8PGM	0
B00CM9EWW4	0
B0928ZNPG2	0
B07Z5S6GHC	0
B0B5DPQNYH	2
B0BJVMSSHT	1
B00W57TS6S	0
B08FSNTNKL	0
B0827P4514	0
B01N97BFAS	0
B09K6HP1BG	0
B01FYQYGBS	0
B08G16CFFB	0
B00DETPR2U	0
B09FGPDL81	0
B00O91E1HO	0
B00WCB5D98	0
B07CWHWPXZ	0
B088WS4J57	0
B00TE1O9SU	0
B07CHZJF26	0
B019EL2S14	0
B09KY6NW2D	0
B01FWQ8NH8	14
B071KWNV5K	0
B0878R23LL	0
B07QZ17RX4	0
B07ZWGVJLB	0
B073C936WZ	0
B00AY41KPQ	0
B07B9SKX9N	0
B0BKLD5MG4	1
B08FJHR81D	0
B00LX0HVTY	0
B092DWSMRJ	0
B09PXX5PZP	0
B0BPN227Z1	0
B018WDTKQ6	0
B01GIJ8YNG	0
B00UCO86QY	0
B003OQ4SNC	0
B00L6EJUOQ	0
B009NR1JB0	0
B07DW85JJG	0
B003VIQXGS	0
B079ZJR2XK	0
B09W8QCYG7	0
B0019263I6	0
B00VGJHDPY	0
B08FYL15GY	0
B00EB8KSQI	0
B00VTXXBUI	0
B00HYA7VBU	0
B08DV285GL	0
B07SS59XKB	0
B07XZ716TS	0
B0794VG1WJ	0
B01KR84FL4	0
B000L8844K	0
B09TTHL1CZ	0
B07VBZG1WN	0
B07MBBHXYL	0
B002LZUWI2	0
B07W7Q1BJJ	0
B00NBYFOTE	0
B009KS5832	0
B000BZ6RMY	0
B0029XA09W	0
B00NVM7SY0	0
B07QNWVJJN	0
B000WG7SD4	0
B0BZ4NZFZY	2
B008QBK7JE	0
B0096F5HYY	0
B00L8J2NKW	0
B07VYVLNNJ	0
B01MTO8FYY	0
B0BFC5C4LV	3
B00WHJ4Q84	0
B0764HXRGZ	0
B07D2Z82SC	0
B00412OS06	0
B08XH1V7GL	0
B07J4RK5BL	0
B07NPQBF5L	0
B0BPGZB8ZM	1
B075S1VVFP	0
B08CR8Q2W9	0
B071W7YVH4	0
B0042ANTE8	0
B01KYGVG66	0
B08ZMH6ZC8	0
B00L9DSEE6	0
B08NVRN81N	0
B07GXFN6DX	0
B07W6TMGJK	0
B00NWLA3Q0	0
B07L5WMSXQ	0
B078SJTY7Q	0
B08FWS7WP1	0
B00MF09KQI	0
B07DLRHD4R	0
B081B9Q1P2	0
B0C4F5WFWB	20
B07KFQ8H74	0
B07Q5VXGVS	0
B00IHTDRX8	0
B07KNSRXTN	0
B0792MJJG7	0
B09H77HK9Q	1
B073P2RRYG	0
B00AC0PDOG	0
B01I6G0THI	0
B07CV5DPJ7	0
B082V84CY9	0
B00CZ8I8R2	0
B009NYS0CO	0
B00UZCDZ64	0
B07K2TQM3G	0
B071W1N33T	0
B09JWY9764	1
B08JBS2DRP	0
B00IRTTQWY	0
B001E26OGC	0
B01GDVQYO0	0
B00YFH4EC4	0
B01EO117UM	0
B07MWGQLLD	0
B08F7THD5J	0
B06ZYHVFKF	0
B00ARD4X5I	0
B004J0LWPO	0
B01KAFOAZK	1
B07V28WZJV	0
B01N6RP0OM	0
B098DFTYSZ	0
B005ELN11A	0
B002W8NW44	0
B078NT4PQM	0
B009YWN296	0
B0BNG3KTVQ	2
B08X4QKJFV	0
B08Q74SGN6	1
B01M18T8VE	0
B07T824Q1H	0
B07L3F6BNK	0
B07HYCWLHH	1
B00ENHY35E	0
B07H3CQPHX	0
B002BGVSA2	0
B008OK8D6Q	0
B07G46GRRS	0
B01A9THD9C	0
B08NPB7LKB	0
B00CRHJQMW	0
B08N4962LL	0
B00RX2AEF4	0
B07PWF161P	0
B07TNGXZ1M	0
B06XC6F7NR	0
B00NTO4DOS	0
B09TT3XKNF	8
B07X22H2QL	0
B07H6CSC2G	0
B07GF3JZHV	0
B00DQBS0ZM	0
B00LHJFNY6	0
B004UB6EJG	0
B08FX5GP9D	0
B00DOFXK3M	0
B096S2CHJQ	0
B079DMDZPH	0
B00NYY56Y4	0
B07KYY38VW	0
B0010ZGRXI	0
B005PK7H1K	0
B08TM4ZYNX	0
B076J19759	1
B006X7BL84	0
B0041CQ1WO	0
B01L9KAJGE	0
B07CK79Z58	0
B01MF55AZZ	0
B06XYG9CXC	0
B072FR9WMT	0
B01F6LMZOG	0
B005IFCZ6O	0
B00H0H5U56	0
B00AWCRP68	0
B06Y1RWRYH	0
B016CDRAW4	0
B0BT7ZGQ6J	0
B007LO20UG	0
B003ZV2HES	0
B09JZ8V2M3	0
B07JQ97T24	0
B072BCQ6QB	0
B00LMN0PNQ	0
B01IG5D3UY	0
B075Q1CTHX	0
B00CHYSWG6	0
B07DR183CX	0
B08TSZN39V	0
B00B916HLK	0
B06Y6CM6LS	0
B00IIKO5BE	0
B09WGNLKMZ	0
B07KYHLBTY	0
B07L8964D7	0
B01LW0K9QR	0
B0745BXNGT	0
B07FX84YYR	0
B07KYWQFNG	0
B07XTDRJ13	0
B083S5THB3	0
B00SZW7GQ6	0
B0BWXHHBFC	12
B01DM522AK	0
B09ZVCYN2T	0
B00EOTYA8Q	0
B07SZ6V7GM	0
B01LZFZDRR	0
B08F6BQYW2	0
B099ZG7W2C	0
B07YT1HJ43	0
B00SVAGBZE	0
B0888X1JKQ	0
B00KI24KKQ	0
B077QRQ9W8	0
B002SPOAJM	0
B08YP32DFQ	0
B0768ZT17B	0
B00LX7KH5W	0
B07BS27KL8	0
B00EQ0ZARS	0
B08SW4HN1F	0
B07Q2WMG79	0
B0052BAMOG	0
B0891WVBRD	16
B07XBJ2HQ4	0
B071WL5XFJ	0
B08G49G22S	1
B077YKJ37H	0
B019BRUQHE	0
B07WD57R32	0
B08KRHXZ45	2
B07MVZPM9V	0
B01EKNVLGY	0
B07WFWS3DP	0
B094J98K9J	0
B074C1XPNR	0
B088TJ7WMM	0
B08WCYQR66	6
B00AH99DIO	0
B01N6ASNMN	0
B01DLKFQ3G	0
B092S5KRNG	0
B074V78VPJ	0
B07829R154	0
B07BZSPXQR	0
B00ONTGE36	0
B09TD9FLXG	0
B09YQ85TN5	0
B00D4KE7XY	0
B07522NX78	0
B081S6BVY7	0
B07X6CCSPB	0
B078QPW1DP	0
B00MQ4KCRY	0
B08Q75RZN6	0
B07HXVSRD8	0
B018MVBFJ8	0
B003UD7Q4W	0
B076TJV5HT	0
B07PQ9D1DN	0
B081GHFSNP	0
B07HT2ZB74	0
B07FF8Y76F	0
B00AYWI39Y	0
B07DWLD28G	0
B00HZ4FIB0	0
B084RHPJY4	1
B000KL36EQ	1
B07SQB6GLB	0
B008R6BVMK	0
B07HHZNRSR	0
B007X4BP14	0
B07FZL5F2S	0
B00F2NVJXM	0
B07J2F2SKC	0
B07W9LG341	0
B07HJBGYJ5	1
B075W9SLHV	0
B005H23FAI	0
B07V4NQ984	0
B06XFZBJZJ	0
B06WGR1RNQ	0
B00ATDY91E	0
B084JRQK34	0
B00H1RMI4G	0
B00O9N1E4A	0
B08K4P7BX3	0
B0829X6XTY	0
B07HJXLFWC	0
B01MTETD1E	0
B00NZZATBW	0
B00QZLLH7I	0
B08DP6BLBC	0
B08THNTHVR	0
B00WIUBFKE	0
B00JQNUAC0	0
B007NMXT0Q	0
B09RP2XZ4M	1
B0BRFPWVF6	9
B074TDLXDT	0
B08T9HCM3B	0
B07ZBFW31D	0
B079J1N4R8	0
B01MRMIZRU	0
B00DC61Z5S	0
B0036FBDKC	0
B06X3RXCXL	0
B01LWNEORC	0
B08QRLLBCR	0
B07GJPRSNT	0
B07MPVGD5X	0
B002RVTGEG	0
B000NVQQVI	0
B07TGX8R32	0
B073PKJK2V	0
B019NUC14U	3
B07RM8GL5K	0
B074N925SS	0
B08HCFK5TY	0
B07JFQMCJ2	0
B00NV9DVKI	0
B08KXNRLCF	0
B018RJKTDI	0
B079BP2GKY	0
B06XXJ1139	0
B077S27BHK	0
B09CX17VFV	8
B087VY3X7L	0
B09T8ZQNT7	6
B00Q6CVVBI	0
B07RFGS12G	0
B00LUV22J0	0
B00HV46M64	0
B00YNKGTOY	0
B071JH5HSS	0
B00H3T4LXI	0
B07QLJHSVS	0
B07FSL1YGB	0
B09FRKKN69	0
B00QSFE5Z2	0
B07C26MH4R	0
B07ZHNZW9Z	0
B099J4PJV8	0
B07DR9QFQ4	0
B07B6GQ7GT	43
B08JKFTHKZ	0
B00IPA86NU	0
B07WMFBZ57	0
B07RRP9C3B	0
B09JS352BL	0
B01IALFDCK	0
B07Z18Y874	6
B07DXB87L7	0
B0B2RNXXZQ	2
B002IVUKIQ	0
B06XTF8XHH	0
B07DGNQD35	0
B07MVN5BTJ	0
B000R4JP7S	0
B00IK0CKIM	0
B07Y6FLDQZ	0
B097Q5933V	0
B00D5QIXWI	0
B07BNY5ZB7	2
B09KY7WS1D	0
B084Z91BRH	0
B01M347OSM	0
B0076ICGKQ	0
B08RHXB1W1	0
B08N4SJJ4D	0
B07633GNN1	0
B06Y6F6Z1G	0
B0073Z416E	0
B00HUMBBXQ	0
B08Y6MT3FP	0
B07HGSFRDV	0
B00ZFLNNMQ	0
B0772RC146	0
B083HN56RY	0
B08C36L715	0
B00BZQR3JY	0
B004YVW6SK	0
B01DKA5TQ6	0
B01HD1ZVWK	0
B074K82NZT	0
B07ZSGH2GW	0
B00PIWOUFQ	0
B00KR9JNRA	0
B00009RHH1	0
B07SND6ZSR	0
B01N3V4R7H	0
B001CZP7GY	0
B07XXNLDRD	0
B097SG6734	0
B01NBIKRZQ	0
B00CEOSBOW	0
B07BMMQX7S	2
B00GYU2GQ6	0
B007QRCL3O	0
B07JC23JLT	0
B08LQ7FD5H	1
B01C7UFCDA	0
B00Y1TQFJ6	0
B09GVL2MP4	0
B07MJHK243	0
B089SS2SGW	0
B0091T2VIU	0
B07S29FP1W	0
B0B6R2JVHK	0
B01CUY78XU	0
B07C86MM5L	0
B0774QYWYT	0
B00MHI7Z3I	0
B01M01Q865	0
B086BXVRH1	0
B07VBL18RL	0
B08G12HR6T	0
B07ZBQ4BK1	0
B01BCPF65A	0
B07YRCJKWS	0
B005BQ678M	0
B00CMBA9QA	0
B0B6J4XR6N	12
B09SDNVZRV	0
B086SWP4GD	0
B006ZTTV1O	0
B019ZFNI7C	0
B0745NRYFL	0
B00IJJ41KO	0
B077JZ7H7M	0
B07VYTCP4X	0
B008JI5LPY	0
B0722MNYSM	0
B0817R613H	0
B01BMRWLUQ	0
B0BQHWXDT7	0
B08938GKDX	0
B07G3Z6W74	0
B008OPMFUG	0
B07F3S4V5X	0
B00NIC47PG	0
B009SVI446	0
B01MY35SXQ	0
B00JLDLKSS	0
B00QZA1HCO	0
B00B93US6I	0
B08NG48865	0
B01FRGHBLW	0
B0BL2VPQZZ	1
B00VWD05GS	0
B01I12OUUE	0
B075NLK37H	0
B01N36LD2A	0
B07Z8HNW29	0
B00K6SUZZQ	0
B07D21TMYB	0
B07F5PRFN8	0
B00KBSV3QG	0
B07CP2JCRP	0
B08LW3ZZG3	0
B01GW77JWQ	0
B072BB7YSF	0
B018RRSV2Q	0
B07GXF89JR	0
B00T4213DI	0
B07FZ9ZBYX	0
B0899LN5N4	0
B009JEC23G	0
B071Z1PRPG	0
B07C6CZ6G5	0
B01620LV68	0
B06Y6KJQ7J	0
B007XX3B4E	0
B00302DDH2	0
B078R27J8B	0
B0089FTU0Y	0
B08P7HS6QL	62
B0BBSQD99P	1
B087Q5PHR4	0
B07RR346RV	0
B07S7Z5MPC	0
B012YH0IRQ	0
B01H200WNA	0
B077D111YP	0
B0BW45L2XZ	1
B010SB8L4C	0
B00CFBWNES	0
B01DMRY89Q	0
B00PABHSKO	0
B00LFCMYBK	0
B000XU7FP0	0
B0747V3945	0
B00NBWD28Q	0
B079KZQMD6	0
B00DSK7XVI	0
B00KZLE672	1
B00ID649CI	0
B074KT7VH9	0
B07KFCPNL8	0
B008B9R0XW	0
B0798TR9J9	0
B09NXPHJ56	1
B00OPFG3JS	0
B09B78F21L	0
B07MCBGQCZ	0
B00ENHXFI0	0
B09MCK7XLJ	0
B08FRRJ8TH	0
B0937DXDCJ	1
B08V8W2FWX	0
B07RDJ9TL4	0
B0839J62PK	0
B06XD7BQYP	0
B08R7JJQW5	0
B098T97JY8	0
B004TH2TAO	0
B00V65S640	0
B09FY148R7	0
B077D38T7C	0
B00K76UZHU	0
B07QKXX586	0
B07FD5ZWXC	0
B00HQ500D4	0
B0B4NT91ZR	0
B07K1W8T23	0
B00HFIENYY	0
B075MXDSLK	0
B001H5KB60	0
B09L7Q1RPD	1
B00J3YM2ZU	0
B01FKMHGEU	0
B08LVNLF6J	0
B00L2FA2OQ	0
B01MQM08PL	0
B087BBZKTT	0
B00HS8QAQU	0
B07ZPRL9BS	0
B00OLF79JU	0
B099ZF6TJ2	0
B00TUXNFGE	0
B00VDYHUX2	0
B00CBNLK2G	0
B00JM5ZHUW	0
B084666V46	0
B07RTVT1HC	0
B07G2Y5MXF	0
B084QZGRN3	1
B071XNWXF9	0
B07G7HVMD5	0
B099WXMDKK	0
B09XWD94Q2	1
B07C37SM67	0
B00IXS3HI8	0
B006L77Y9G	0
B09W5R3TQ1	0
B0BN1H3LT2	1
B07NPGHGTT	0
B01N5I9OX5	0
B000EIM8Q2	0
B076H3Z3ZD	0
B017ATHWBI	0
B07NWC4JYB	0
B008KL4TQ2	0
B079FRWJL2	0
B00UTVJ1OG	0
B00NNGFHE2	0
B005D5XJ96	0
B07BB234WG	0
B074M1QSJ8	0
B07ML57X2K	0
B014CDI2LE	0
B07HSYKRS7	0
B08FB65T3L	0
B00YEQMCXE	0
B01B2OWRHG	0
B016ZWZT6Q	0
B07P9BBZJG	0
B019ELI8TA	0
B001792BWI	0
B07BB1282W	0
B00B5ZU8WO	0
B09HHMHFKG	0
B098Q6696F	0
B07775D9JP	0
B00VLR11G8	7
B0738JQHD3	0
B0018KIV0C	0
B01MR0QH2V	0
B01LMZ9JQC	0
B00LFWZ0XO	0
B0892N8LG2	0
B07VDXF4NP	1
B005BD7LOE	0
B00XAT5MU6	0
B00VNL73X2	0
B09BV18X8P	1
B0108UTFQ6	0
B01M3WBMZY	0
B07C7M24HD	0
B07P2J38Q2	0
B01577UWXK	0
B074DWLWPD	0
B087717SN5	0
B000JJL5R4	0
B0056X6THE	0
B0756HL4N6	0
B00E41WFZY	0
B0172RASLY	0
B0BV2TDKJ6	3
B06WWNX7DB	0
B09MC9WC57	0
B07JLBBWTJ	0
B00RM5J1MY	0
B018KJXPXQ	0
B012HPIEHG	0
B08DNQ8TZB	0
B07ZC75C8W	0
B07B4DT6ZC	0
B08YXQ6TP3	0
B00YH4DICM	0
B01MCT99J3	0
B001KBZ1XE	0
B07D3GYH2V	0
B07DYHH772	0
B01N01ZCW4	0
B0B74V6CZS	2
B0BH7WXSGR	1
B08MVSM21W	1
B01DZVY3QM	0
B0B5KMSXYY	1
B00U0HCODY	0
B07L6MW6NK	0
B07WHLMKCX	0
B0BPYGK6K6	0
B00EZIZQCU	0
B0BFQC863M	1
B0B3TDSXRX	1
B00CBM2URG	0
B0B2MHYPXL	0
B079339TX2	0
B07Q58FV3Z	0
B076HCNJ5W	0
B010UOOT16	0
B082K3JJD7	0
B00XM7XRG2	0
B09YTM8JY4	1
B00W2E75WI	0
B00Q4JSVOI	0
B075DP7R7H	0
B07Y58PFQ9	0
B00T3ITNEE	0
B07CNDQZX5	0
B01N76AD6A	0
B08CMMPJGN	0
B01MU9OLWE	0
B098T1RXJL	2
B07Y9TCR1P	0
B00HSQP39M	0
B074KKPS2X	0
B07CXKDNSJ	0
B079HS9TZL	0
B099PQQJCC	0
B0086MILUA	0
B00IAM10I6	0
B07QNHNH9Y	0
B07H4JYM6F	0
B01FS4PZ2U	0
B09FD4QDB3	4
B0B6BSPN6S	1
B016OUFYTG	0
B07TVWSLJD	0
B01N9O0ZJ3	0
B07BFNN3N4	0
B07JLTBR3K	0
B07N3NFGF9	0
B08FWN56N3	0
B084YSHK1D	0
B073P5KKR3	0
B08KZTFZH6	0
B01LYC9OPL	0
B086VX6MP3	0
B00VBKJAHM	0
B0028AE4JI	0
B0833QHN8X	0
B0821XGM43	0
B07MG9ZFS2	0
B0147CBKB4	0
B08PTTXYLT	0
B07N3P68PX	0
B0946DTLVX	0
B08J4BKB6K	0
B01D282JUK	0
B087BGS7ZW	0
B08CBSQFFW	0
B0714G4HM5	0
B00EGSVRH2	0
B06Y6HRRC5	0
B074KLC1K2	0
B01F5K0Z0E	0
B07GFMV35N	0
B0007DHELS	0
B01IT8DM4K	0
B08CVJM2K8	0
B00INTP95Q	0
B0919D2KQV	0
B01LW0D58Z	0
B0834JB9YC	0
B07QYPRN4Y	0
B00HDH7JV6	0
B071JPQFD1	0
B0178STPBQ	0
B07H262KM2	0
B0059BJ3EY	0
B012E0ROK2	0
B07KLGC2DP	0
B09V5KYNY4	0
B092H5CCL1	0
B0BFQYZMXW	0
B07SKCH3X1	0
B00TKCHDVI	0
B0747WL4DT	0
B08DFSPBSQ	0
B00M97H5FU	0
B07LH9GP95	0
B08CXGQ28F	0
B017HRQNOA	0
B00F1JOOHK	0
B07D7ZQQKS	0
B07R54H7Q8	0
B07KKH8L24	0
B07QGWV8BS	0
B074WFXJ3C	0
B082WTK1SG	1
B07G62KKNM	0
B01N4NPUES	0
B003IKOM9O	0
B06XTTHS3L	0
B07XQRWX3D	0
B00BJ8N7D4	0
B0BZHRC2D4	1
B09Y4CHYYL	0
B07CZ9HJ72	5
B07GB526QT	0
B01BCW706Q	0
B018WAY7A8	0
B00K68K7ZE	0
B07JVC8YKT	0
B0781FBSJK	0
B091YS1NJT	0
B005ZZQK40	0
B07JFXQD4V	0
B07BFRHZ8L	0
B00VKMCVQS	0
B07288X9QK	0
B09CJ3R26Q	4
B07G997GB5	0
B00840U882	0
B08KKBCVZ2	4
B004V07A6M	0
B0041Q454Q	0
B0106UU8X2	0
B01G5ZVDT0	0
B00L3XQ7EG	0
B087LY2GDN	0
B07TGFQ1L8	0
B096D64XFX	0
B00BMMM594	0
B08K8HTQBM	0
B092VSHKPY	0
B08F5DZ2BY	0
B002RC309W	0
B014X9RAHY	0
B08CK3BSM2	0
B08WK7LRK6	0
B07JXK9JK7	0
B0071H8LSS	0
B07X5SVSMW	0
B07ND4RPXF	0
B01HNHMU6Y	0
B01FQMGEII	1
B07FVMRFKD	0
B019HPDTI8	0
B008LLA384	0
B08LTXPLSQ	1
B010SD10FC	0
B00MNZRU0S	0
B07Y9KBPDQ	0
B0BR12TY7F	7
B08HZF75M5	0
B07YDSH1YQ	0
B075WY98F6	0
B09ZPWRG63	5
B09CDGVKLD	3
B00MAJMKB6	0
B092MCD7HV	0
B0BS8GNGK1	7
B08HVB364K	0
B0862LDNP3	0
B0BWLFCTTF	7
B0789MT91L	0
B0196SI9RW	0
B004N78WOM	0
B087D3CSBG	0
B00MES8EIQ	0
B06W54S6JH	0
B09LVLGZ2Y	3
B0064MLML4	0
B07W7SR2RY	0
B09JCNV9QR	0
B012VMFHQ6	0
B08BZX7VYL	0
B01N16J3WM	0
B0186U1XCO	0
B01F857POK	0
B0BQZJ93W2	0
B00Q7558N6	0
B00CP3DYA8	0
B078898SWL	0
B01AT501EA	0
B00R9EPMNK	0
B00MML2MXI	0
B0B39CBQRZ	12
B001QFC9K2	0
B09NKD9TWB	1
B084KBWVDS	0
B0BCF3SFW3	1
B073H3SLJB	0
B06XC4DCKX	0
B0832F1KVR	0
B095NQG1V3	0
B0C7ZC6RQV	1
B08FRX7K3G	0
B07F1GT2NM	0
B017WHZS5K	0
B01JA8RX5M	0
B079PMYXSH	0
B076JDDZ7S	0
B000CLIO9Q	0
B07KGJ4GN8	0
B07666ZXR1	0
B00OL3BRUE	0
B0C4HJ8PJS	1
B01LYH65L3	0
B00M0Z10BG	0
B00IRIF31I	0
B077S3VHJB	0
B01MDPRMH8	0
B00EL45GSW	0
B0BT7KXFMM	3
B0014YO2RI	0
B07NQW252V	0
B008JBZS4U	0
B0757N9XVG	0
B00HET6HPM	0
B078XJ5TWS	0
B07XTL85TC	0
B074F55HG7	0
B00U9OD2T8	0
B077TPVN73	0
B084ZFGYHN	0
B005BGVP84	0
B07CH3NX2D	0
B09ZDSPBC6	0
B07Y8VL8QH	0
B08SVRRL2K	0
B00SSSM7AC	0
B09KPMRWNL	1
B009GD679U	0
B07MGJCB83	11
B07BSZC2Q3	0
B0B5SPBC94	7
B01N46FD1C	0
B00EYC7KA8	0
B08JZH2Y7X	0
B00EU3L638	0
B01H605IX0	0
B0093EKCR0	0
B0739TM8YJ	0
B07DGX24PB	0
B08J3CN9XJ	0
B0BGDNSBQ8	1
B00K0KJ4BQ	0
B0B5HLH1DB	1
B018UF9MYQ	0
B07Q3BK4Z8	0
B0B2DJLWS8	0
B07P5PH88S	0
B07PPXBMNG	0
B076F28GX3	0
B01MYVJ74X	0
B016R0G6J0	0
B071LB812C	0
B07S6F988W	0
B08NVSTJ38	1
B07WFD8KQ7	0
B00F52DB2W	0
B083HDS1NY	0
B07C1WBP3Q	0
B0BBMRV3TD	9
B0163GMS0Y	0
B01AZG8T2E	0
B01N0C2BJV	0
B01LYOV3SQ	0
B07F946XHB	0
B07WRDNKYJ	0
B06X95RRJN	0
B0060O8KES	0
B00K1K3P2E	0
B01KW0W3LG	0
B094HYXZS2	0
B0936WR7RQ	0
B07RX6CW28	0
B01A86PURI	0
B09927DHCJ	0
B014EBI0RA	0
B083GRS4D5	0
B0051NQ8XY	0
B072MPRXWQ	0
B06VWBL8Q4	0
B01DQ8370M	0
B01AJQSYI4	0
B00WS68CP4	0
B07KY71D4T	0
B0BT7ZPK25	0
B07ZJ5PBTR	0
B07CSTRNV3	0
B07D9KTBJM	0
B077XQ3FMH	0
B017RLU7RK	0
B01M1H2EYO	0
B008EQT4IQ	0
B07VTR9J38	11
B00776RZZS	0
B0911XJH14	0
B0126W5R5W	0
B087T2RZGZ	0
B08DTVMP45	0
B00MH13KWA	0
B00OOP4CDI	0
B07536V97R	0
B072QZW5R6	0
B088FY5GPQ	0
B088RDMJC1	0
B07PYNKV86	0
B086V2NBDV	0
B08L3HCBKR	0
B00CHWNW18	0
B00BFR47FG	0
B00J6ZLDY2	0
B01I48J8Y8	0
B0BL1WCLT3	0
B091L9SS3B	0
B09TRFJ52X	1
B07XQ6THBV	0
B089WBHSNC	0
B00I67UWSO	0
B07N1BSJNB	0
B006HZDUN6	0
B07WLXFBK4	0
B07H7353QG	0
B007LOIIDO	0
B00JBXH0UK	0
B08R9J9X6B	0
B0BHDSK15S	1
B00KNV52WC	0
B01H0N1T36	0
B074QTQ3XX	0
B07MTVVG8L	0
B01HH9MOBE	0
B06XQW2YV7	0
B0757HDLZB	0
B0813X58RL	0
B078GM6KFV	0
B09T9MWYR9	3
B07M614KQ3	2
B08HKHPPBT	0
B07CKC6JT8	0
B01D16O56O	0
B0784H52FV	0
B08G8DVCPL	0
B0C4GH4S43	0
B0C4KH4H82	0
B079C8K3Z4	0
B007RJ875C	0
B0B7X7NC18	0
B01MRLC0TY	6
B08R8DCSDH	0
B07TXG626G	0
B08L9661HN	0
B010VL7J60	0
B01E8TN1VS	0
B07M7F5DSK	0
B004DSIKIO	0
B01N0L4PGL	0
B00SAI4MEY	0
B09K4X5FLV	0
B002DUCNXW	0
B0773SJQFT	0
B07M714X5C	0
B00KRIH6DY	0
B000VZR0XO	0
B07WDRMN82	0
B004NRNMTC	0
B08145VH3J	0
B0068X4SDS	0
B071FJZ8RX	0
B09BFJ8PQ3	0
B06ZXYQ748	0
B08SJGPHZM	0
B07B4JPBDJ	0
B01ANK70UY	0
B01MZFE3HT	0
B007WSF35U	0
B08Z74XY6X	0
B017GG9ZB0	0
B07SSLZ7SD	7
B07HLRJB5W	0
B01D3H994E	0
B06X9CH4M4	0
B07BP1P1BL	3
B002VX7JJ4	0
B07BHD38T5	0
B01F4NN1G2	0
B0C598N9KX	1
B07XJRFPNX	0
B016I1S31M	0
B00SMK5SBG	0
B073X8SH4Z	0
B008JE51D0	0
B007R4ZS0E	0
B0B18X1FB5	0
B0031MAIZ6	0
B0857H6X41	0
B01AN2IGQO	0
B08YCRR4WR	0
B081ZMDJNW	0
B07QSJ8GJH	0
B0973M4832	1
B00ANL5R4K	0
B00K2CAGPK	0
B00ATUHHHK	0
B00VV40BOO	0
B01COOOFLE	0
B01D4ZQ0C4	0
B097DBQTL5	1
B07HW3YZVT	0
B005OA4VWO	0
B0986Q6X5G	0
B00BFA928A	0
B07SPY2H5K	0
B00AQLQU1G	0
B00ENZS9WO	0
B07GYYWHPS	0
B08SQQ5LF9	0
B07DR84PQS	0
B07HG4C55X	0
B07PDY8CM1	0
B00AKG6QJS	0
B087Q66TTK	0
B0B7NM6ZWW	0
B09B725H7J	1
B0B7L9NX42	1
B01AH13JRM	0
B01JZXO8JQ	0
B07SFZQ7RX	1
B07FKRBF13	0
B01B5U61UG	0
B01EGTK226	0
B00DZJ3FUU	0
B08LC68G6C	0
B07GS3VLP4	0
B00HNWD2DK	0
B07THYX6KL	0
B07VGT8KWJ	0
B086DN1KFB	0
B07HS112H5	0
B07NHR37TG	1
B09Z6KDYT1	0
B07GXCZ8QM	0
B07P7HZ7P4	0
B09CQGSBTN	10
B06XT86GKK	0
B01G3HDSAM	0
B00B9TVIBQ	0
B0792DPDNS	0
B06XX5SSWS	0
B012T0YA7C	0
B07Q6JQDVB	0
B0BFJSYBH4	1
B08G7Y8Q1K	0
B07BGWW5YS	0
B00B9TWSH4	0
B003WZ4330	0
B08QJKQFQ5	0
B07BGYFM78	0
B00KH0AXAU	0
B07VB4TWTR	0
B07MF42TZ7	0
B01GZAIKEQ	0
B07MMZHB7W	0
B0757FPBTW	2
B08BYBCMPT	0
B0BRSPY28S	0
B006P5THSA	0
B08HH3X1KC	0
B01DE2QV2G	0
B072X318VZ	0
B06XJDSFXD	0
B01MRJVPF9	0
B077VWNN1G	0
B07PPJWVLS	0
B008JED6AA	0
B08TN2HT6X	0
B07QSQXDRS	1
B01FA7UX40	0
B09L5L9463	0
B07KM9RTKV	0
B01NBVBN2W	0
B0836L7R8T	1
B08DFT7QCJ	0
B07QD4TJK1	0
B0841TVL86	0
B010HDVJ68	0
B01LZ4ZKI1	0
B01N9TNX9L	0
B019MXSB0G	0
B01MSBN7L2	0
B06XC63LB5	0
B07MBY7TXM	0
B08GSG1FZM	0
B00A9SI9WY	0
B07GNV4HJ3	0
B07TBZGW7R	0
B08LH6RT5B	0
B07WDV3SGZ	0
B0873TPS7Y	0
B08ZSGVPSN	0
B091GHNXK9	0
B0BR85NT8P	1
B078FZ1LDP	0
B072N9V6ML	0
B08DCPHJRG	0
B07QBZM5SN	0
B07GJV881V	0
B07RJW777D	0
B00X04GXZ4	0
B00BQU2B7I	0
B015EPI5VQ	0
B091KNL71P	0
B07H4DR1GY	0
B0112T0PGG	0
B07GWSBHB5	0
B00UUGHZZC	0
B07CPWGR7N	0
B0BBLJ36KP	1
B09VL1SBKN	0
B0BPH2JTDM	7
B07DNVZJZQ	1
B01BGOKGIO	0
B0BK1DBXK6	1
B06XCXN4SB	0
B07JMPKKN6	0
B079TFYG93	0
B00SM02Z6W	0
B07WD5NVTW	0
B00NPA5LOC	0
B0195SBSIU	0
B01JZ667O2	0
B07JJJFXLH	0
B07G37CKNX	0
B01LYHF023	0
B01HTHF9QQ	0
B07J1MWYWB	0
B01606NLYY	0
B0912RNG8S	0
B00UAWYMQQ	0
B074D3HZ2R	0
B0BSZXXZPN	5
B01IBZ1XII	0
B07L62Z7RC	0
B0BZPTTDG7	0
B01HVLWJ7M	0
B07D4NZ324	0
B07NS57MQ1	0
B01N7UGUNL	0
B00CF0V70A	0
B08D3PTDBC	0
B077937XQX	0
B071X7WXHB	0
B07CKRL5YN	0
B08S6XCSHM	6
B01N23PW5R	0
B01C9I9LGO	0
B00LNI6QII	0
B01AHVYA4I	0
B07ZGD1D5T	0
B08FCGVQ2M	0
B08PBFG1FM	0
B07WS6F8FG	7
B07CSBSXCW	0
B00DSSGSLG	0
B009ARFR0M	0
B07HCG4QMD	1
B07W86XT9X	0
B08WJR76Y7	1
B07C127WN9	0
B077L4NZ82	1
B07DQ8RJ7B	0
B07G2NG16Q	0
B01N3KAUU3	0
B094FLF99R	0
B07MDVKT91	0
B004IARA4C	0
B086XCMK7F	0
B0BND14RV4	0
B07Z1YM4HZ	0
B07VT87K2N	0
B07NP6QYMQ	0
B07YFYMS1P	1
B00V92OQ9Y	0
B07CK93GY2	0
B0169TJB3M	0
B08ZYY91Z6	0
B002MPRA1S	0
B091T8Y5B2	1
B0727VYDQZ	0
B08SW48Z1F	0
B00JBW2V1E	0
B015MC8HTQ	0
B01EKOAFBA	0
B07BQVV9ZJ	0
B071JHLF4C	0
B07L79KK7V	0
B001LTXNP8	0
B07SV1J1KL	0
B00DRB0PR2	0
B0C7DXC443	2
B07K1Z43QV	0
B007RBFWUI	0
B07G8D6GCH	0
B00D4JTO2O	0
B09NDWV3V8	0
B010EA4KOM	0
B089ZZGZC9	0
B07MLQQXJH	0
B07DVZSHCP	0
B07QH47HQD	0
B076PQ7648	0
B075DJKT94	0
B01FDYYB5M	0
B0187UP14O	0
B0813BLBWH	1
B09B4SD82H	0
B08TW8818X	0
B071768FKS	0
B00MG4DWBC	0
B00GXYCSAC	0
B07H7LGTFF	0
B07B2SDSTK	0
B08C52FBYY	0
B01JBQ3IAM	0
B07BN6JYZL	0
B003EZ65HA	0
B01N9TF9F0	0
B09V49CMG5	0
B001CP36FS	0
B091JVKCFF	0
B016IXRK6E	0
B09DD7Y4B3	0
B00EKB79DQ	0
B088QL39Q2	0
B01LYNQBY1	0
B00GT06M5W	0
B004VMVZ8Y	0
B01M4LKWKR	0
B01HZA1WYK	0
B0887RVXNQ	0
B07HMTT4V7	0
B0871FLMJL	0
B00D3FKKMM	0
B08DXJMXHF	0
B01JQTJ4KW	0
B00RC0WYXC	0
B01MA4D568	0
B09DQ2DFY3	0
B01DLQYRX0	0
B07229LCZJ	0
B08G4HJPG2	4
B07CL5RCQW	0
B0C31FZK6W	3
B0BPHBB5C2	1
B004ZIXC1M	0
B00N3XH65I	0
B00K8J06BQ	0
B07HH529MM	0
B00B50RJ5I	0
B085JXTCCW	0
B0B5L7XNZ5	1
B07C2SDXFQ	0
B07XVPDNP4	0
B098D1JVSN	0
B07F1K6WHF	0
B09V27STMR	1
B01LZ11WKY	0
B07RB765KH	0
B0BGR5JSNX	2
B00DQZ4CZU	0
B09Z34PD75	0
B00A67508E	0
B083W4XSRJ	0
B06XK8TBDP	0
B006HSXG4G	0
B07MJ7DBV6	0
B09BJMHWDQ	1
B079M9DFHX	0
B01DFMGFEO	0
B0B69NK83Q	1
B07TDKRG5N	0
B09Z9H8ZM5	0
B00FG5ED52	0
B07H6PLXP9	0
B083M79J19	0
B00IWTTI3G	0
B07Y1PL43F	0
B08C2WV17V	0
B07RBRWFLZ	0
B07CG3VQBG	0
B07RYCGRXX	4
B09KCH8MGS	0
B00FEM40S2	0
B09JRKFDH8	0
B07L2WFVYT	0
B081DT59WX	0
B00H5WAIE4	0
B07B6GMLBP	0
B0BQ72TGKS	0
B0019RT9N2	0
B000LZ02YS	0
B07N12F6LQ	0
B07JBKMYFJ	0
B01EINYKZ0	0
B07BW9TCS7	0
B00VRL02RM	0
B09CQB6YW2	0
B08J7T3NZ1	0
B086RSP18R	0
B0183FH952	0
B0BT81W79K	0
B089GLKVRV	0
B08CH8SN9D	8
B00HHZ3UZS	0
B0BJPZKQ62	2
B00AAKJ4A2	0
B00IE6LMUO	0
B01CRQH7CS	0
B08FCBG8TW	0
B08SGR5C4Y	2
B00BC2Z01O	0
B08NWVPXX4	0
B07D3JHCMH	0
B00H91F8O6	0
B00OKUDLXY	0
B07DP2W9RN	0
B06XXPPFNC	0
B072ZVFRHW	0
B0B3SB4GR1	1
B0000EVVP4	0
B08M9H2463	1
B083KPMWFM	0
B08Z7399XD	0
B000OYJKNA	0
B07JLW1M8W	0
B00F3E3CVM	0
B0832B8LTN	0
B07PVHZS8Z	0
B0085RY236	0
B07GXN55VK	0
B00JTONIYI	0
B09D7YD3HY	0
B0827LLBMJ	0
B0736ZWDVF	0
B06XJX2L7K	0
B08PFR49H1	0
B06XWTYF1W	0
B081D56JJD	0
B0B6H2C19Z	1
B082VYS8SL	0
B01LZAY4AU	0
B00EM62I26	0
B07D8Y7KX9	0
B008DVR60A	0
B01AMXYGWW	0
B07PM1RG49	0
B0149RU2PM	0
B07GDS9GNM	0
B00PDLMTKU	0
B008ZYUT3G	0
B082KLVY98	1
B0918YFPFM	0
B08FRC54TZ	0
B07B6GKFC3	28
B019FDWAR8	0
B09BRFL3B6	0
B00PGJMSM8	0
B07GFP31FS	0
B075SNCZCL	0
B074V6SY29	0
B01KIP9WDM	0
B07PLH9FGR	0
B01N3PT33L	0
B07WVGVZT8	0
B07B6RGPQM	1
B09C8H33CM	5
B00N1U58ZI	0
B00C6AHORY	0
B00T3FP1C0	0
B018WHSZNG	0
B01N6ZU7P5	0
B008M1C1OW	0
B01N1S1WVM	0
B0812Z7RZY	18
B08L5TZTQ5	0
B001B1HJVU	0
B01EROOS66	0
B07C33YG6K	0
B005GFYMWG	0
B01D4DDMOU	0
B01N6OW2XD	0
B07253QWNZ	0
B00FQCSVU8	0
B00CU893EO	0
B09ZV4VYM3	1
B07CK8SCYN	0
B095BKZBRQ	6
B075SWCTX2	0
B098SDY916	5
B07DVZNJGP	0
B07XD9CDLN	0
B00XAXBWV0	0
B096X4KHJY	0
B07KYX5KDJ	0
B081RGJYSK	0
B013U0RRJ8	0
B00D37M9SI	0
B09JG7GZ1T	0
B06VSWT6M6	0
B08X42YV2Q	0
B08HH46GKV	0
B07DHZY11W	0
B07G2GR4J9	0
B00HN25L4I	0
B00C6FIM0C	0
B001152240	0
B0B252J5TK	2
B07C378Z47	0
B07TV8CQCW	0
B00L5FWO0S	0
B01N11TBFF	0
B0748QCPQK	0
B07SHDBZQC	0
B077H2FMPZ	0
B08R9QVP24	0
B00WUQTB84	0
B00PY5V62M	0
B00DC2BTZS	0
B094D48NTN	1
B08BC8K89Y	0
B0982YYY8Z	0
B0748WC9BR	0
B09TZRQSTB	0
B014PYNKGW	0
B07D7S5WH4	0
B00KSXEV1S	0
B0012TDHXA	0
B08DHVLQXY	0
B01CEL4W0Q	0
B00IT2G3DE	0
B00JSUM0PQ	0
B00GTVVPJY	0
B0B5YJ4WQ7	0
B073SF71D9	0
B004L63VVE	0
B00D3Y38YK	0
B073J7SQ7F	0
B01GX3H7P8	0
B072L711VR	0
B082NKPBC1	0
B08F1Y39RZ	0
B00LPN33KK	0
B01CFRU1U4	0
B07L6CSZNM	0
B0811DSPRM	0
B089GP5V84	0
B01H7S0TJ4	0
B07XBGFN8Q	0
B00GSYGAMO	0
B00GGTXKFQ	0
B0783PVLXS	0
B01764EDDW	0
B01DJ00IEU	0
B09ZTT8RZ3	0
B08YJV7B6K	0
B09JWDBL19	0
B07RFWS82Y	0
B09DVQ7XLM	1
B0B35PX9P5	0
B07Y477NCD	0
B078992M98	0
B00DJM2HXO	0
B07BV6G5DZ	1
B004WOZBM2	0
B07T2Q7RYN	1
B01A9IO7LA	0
B07SBMJVGM	0
B07GY4D9SX	0
B07W8TRR4C	0
B07XB1LWHG	0
B09M9GNVJX	0
B00M1OM6XW	0
B00AWB012E	0
B074B5BYVD	0
B015JZR4AE	0
B07FV7BP63	0
B07FXYP63V	0
B004PNUOG8	0
B00FYJ2AO6	0
B072JT5F3K	0
B003PHM83M	0
B00OV3JQGQ	0
B003FEPJ6I	0
B08SJJJYMM	0
B01HOOW1RO	0
B00PFGPLTY	0
B00KYJ9BHA	0
B0BX2FVYC7	0
B0811YKKW4	0
B07GCTJZPP	0
B01I9XLXAA	0
B07HBC26VW	0
B07Q4RDKWS	0
B07PQFSRVH	0
B0055K823M	0
B01M028U9J	0
B07P1JBQKS	0
B09MT9WFYC	0
B00QV5FA80	0
B09F5PNDMQ	1
B01CDIZPLA	0
B07YTS7JXB	0
B09BJL6CSS	0
B005BQXZV4	0
B004X7U18M	0
B017XXPW4K	0
B09B1PR3PP	3
B08Y6W4RJW	0
B07F876TJ6	0
B0819SFPYK	0
B07XDH9N7Z	0
B00GNJX4BE	0
B07CSQ7QCM	0
B07J6RJ71M	0
B003VMIML8	0
B09PV6LFCZ	0
B0085T7XPI	0
B0BK4RJTG3	1
B019ONU5TO	0
B00XDZJSKM	0
B07DVVPFM6	0
B09C28WWN5	1
B08LYGVR2X	0
B01EMD1M5C	0
B08P6F3KZQ	0
B07Z8KTSP6	0
B08CL3M8PP	1
B08VFZQMWM	0
B01E1LEGX0	0
B07HQ8RQVH	0
B00T5C3CT0	0
B07S91JX96	0
B01N6PNSL5	0
B01K9X5JLC	0
B07V1TF2VC	0
B00TUU2AI6	0
B07K3971WM	0
B0CJSK7F8K	1
B07ZGPFJZX	0
B01MXGZO1U	0
B00BSEXFIQ	0
B07DJ1PGVT	0
B00WT6TU22	0
B08GWV3T99	0
B009FBD0IO	0
B01MG2LJG7	0
B00I4PVDJU	0
B00661YF44	0
B07ZKSZXZ5	0
B07JBQBZQ4	0
B01NBD9QWN	0
B0897GNNF4	0
B073QZMSYV	1
B082J72B4R	0
B01CDMYE6S	0
B09PH8N6LN	0
B07GD97PRR	0
B07552KPZM	0
B07PKXWK59	0
B00CBR017M	0
B083KNXWY2	0
B00OZUSQCK	0
B07D6GKFR8	0
B01AFGN9U6	0
B072XJXSG3	0
B01N9COMPM	0
B0033PSIHQ	0
B07YCT5VV6	0
B01B4C3H8E	0
B00EPR3X1M	1
B073ZB9L81	0
B08Q6C611Y	0
B00FYO6VMI	0
B0B3DVL9K2	1
B09W67B1DD	1
B08LNDRXKR	1
B07LFQJH9F	0
B01GU23CRY	0
B0991YZKNF	0
B00KDI3OSE	0
B0997SY8BP	1
B00O2KKBVW	0
B08Q8K589V	0
B0735VV8HN	0
B01MR2J863	0
B00H083C3W	0
B07CN24BQS	0
B09KNGNBX8	8
B097T6KJS7	0
B09K8MQ55L	13
B01IRQBD1S	0
B07KMXP7W9	0
B06XSP3ZM1	0
B07RY4CJSW	0
B016H0E2UU	0
B07R5BPPM4	0
B075PWQ3V8	0
B0BSR4MYMC	1
B071VKQM4X	0
B09X2H58LN	2
B08P5MXWDD	2
B003TV55SO	0
B0C13GWP1V	2
B01880ZH9W	0
B0159WBZGQ	0
B003I15IIW	0
B01MQHURZV	0
B00GUFGXTG	0
B01N5HNKQ8	0
B008KLLB7W	0
B071WDJS7X	0
B00ZISGU6W	0
B01EM2RTDM	0
B003QOFGRO	0
B07DW2XW89	0
B00B5ZS7JU	0
B073SWJS2H	0
B01B8LTXF2	0
B00JITPL5S	0
B07FKD5KPP	0
B07D3D3GW4	0
B07HP132LT	0
B01MCVCO6N	0
B007MJA3X6	0
B07MBJX2T6	0
B06XR94LVL	0
B0BF8SZ9JL	1
B0B467WJG3	0
B0046REPNQ	0
B07BKTVQGR	0
B07575PHS3	0
B07PM5H7N9	0
B00JYKOK7G	0
B01HEKTB58	0
B0164BOMYI	0
B00SSW9F08	0
B076MJFR3S	0
B08LDKYL2S	0
B0BPYB5D2W	2
B00ZB7HO4C	0
B00C17A1DQ	0
B083M4JWQC	0
B0B2RKCGK2	1
B008RPFB0Y	0
B09ZV3VC9W	1
B076HYRFYC	0
B078Z2286K	0
B00DWRKUOO	0
B00FQBPAH6	0
B08LQQRPF9	0
B0176U7HK2	0
B00AHKHCB8	0
B00UUT2AYK	0
B0725P67F9	0
B07HBZ56WX	0
B08N61DTB5	0
B07Z7TW6BC	0
B00649Z2OA	0
B0B64SWL1N	2
B07PXPB36Q	0
B00I5IS3JY	0
B07G5XDGQC	1
B0BCHSPX41	1
B077D26KWW	0
B07MYT3YDW	0
B087T18CQ5	19
B000CQ4YIG	0
B01IA80OOA	0
B07DNTC9ZP	0
B008MNA7PU	0
B07F1Q8CZ4	0
B086SYBBSV	0
B07SLN69GN	0
B07ZFZWP78	1
B00HR0VVE0	0
B07V31YCZJ	0
B07TLF52HT	0
B074N65GC5	0
B01MY9SDDE	0
B0747V84K1	1
B0B9YL1L1X	0
B016P7F7CM	0
B0756K734S	0
B077F2RKKJ	0
B007FNS4X0	0
B00D5QI2WY	0
B07QD2CXQ5	0
B0B5F6WJG2	6
B085Q1QV3G	0
B08733DYK9	0
B075L8RJ1D	0
B0B2WPYG12	0
B09C1LBR7D	0
B006JUD3UE	0
B007PFIATQ	0
B00FJFM6M6	0
B00O9RJP7O	0
B081CWQZ7D	0
B07MTWXJKW	0
B074PCT8X6	0
B08P9FKTCQ	1
B00IEVX4PA	0
B07N64SFG1	0
B00BNH5860	0
B0030BESAE	0
B087PHWLRW	0
B008LKG33O	0
B076L28RDL	0
B00REAOCKI	0
B083TQHYY3	0
B096DQ1KCP	27
B088PDMFPW	0
B07S6N98JG	0
B00HWF2YXW	0
B01C9PDJFQ	0
B07CZ6WNSW	0
B00BSCGJH2	0
B07C3L3LTQ	0
B0BS4DX51J	1
B0026MSBZ6	0
B0819CN25R	14
B08V6QVZGZ	0
B01M6TV1AI	0
B075SG9L72	0
B01MYCIVQP	0
B076H7YQPV	8
B017OM1XBQ	0
B09C1L3G1L	1
B01LJRR8NO	0
B07MZL2PV6	0
B06Y442SFX	0
B000CBTD9G	0
B07RCYFJ1M	0
B01GLI6FTO	0
B07DZZPFL5	0
B07Y5VNZNH	0
B01J9U16HM	0
B000PKFJ3I	0
B08C22QQQ7	0
B081YT6R4K	1
B00933SK7A	0
B004VJGALY	0
B01BPBCWR6	0
B082XYLJQX	0
B072KW9VLY	2
B00K5ZOP60	0
B0B4KFTPQV	0
B07CVVYZG1	0
B00GPQ84W4	0
B07G9YDXXX	1
B002FHGVHM	0
B08Z7T34S9	0
B010DVOT52	0
B08JVGLVBN	0
B09PVKR3R1	0
B074SJ2V53	0
B01M0YNQ97	0
B00UNTCRCM	0
B0125O2C40	0
B07NX2FQ6H	0
B00DIFJLAY	0
B06Y2NG38G	0
B00EDSSTCG	0
B076RCCP4Y	0
B01M0626X3	0
B00RMYVHL8	0
B00CC7F7C0	0
B007MYA9SA	0
B077R94YXZ	0
B074HKH121	0
B0B47N18PR	7
B08P2VNYGV	1
B00QTJVOBA	0
B01IM0YT3I	0
B01GKHXUJE	0
B001AZQU9O	0
B07QQP7BBP	0
B001QTL5GC	0
B07DW26VZZ	0
B07FF27D4Q	0
B07ZWMYH9G	0
B095N3117D	0
B00J03JCV6	0
B07NWV7Q5C	0
B07PC36M8H	0
B07GBCHWHV	0
B000PQH8O0	0
B01MTK0BNE	0
B081JX95TW	13
B07HLLJMNP	2
B09L4RWWGN	2
B08BY93GQV	0
B07KGH4CZN	0
B008J0VJ58	0
B07KQ2SPXW	0
B07451NPD7	1
B0789NJ1SJ	0
B005APZ2LM	0
B00C57A5XI	0
B01DONDHF4	0
B07J4F5SSK	0
B01GK1MNBQ	0
B07J1RTCHJ	0
B07VWH7LWQ	0
B0B7JL8VYF	1
B09254RV74	0
B00HG1E0KW	0
B071LHRD8V	0
B0055XBFOM	0
B01MV16SYA	0
B00C66CHKC	0
B00PUDT8XM	6
B01GEU1CQK	0
B01M6WUWFY	0
B019RM2GSK	0
B07X7VYLGT	0
B01B2ME2GM	0
B005BW9QZ2	0
B07GJ9TJ9Z	0
B0722JTBDJ	0
B0C3CRDQQG	147
B00LW5JUZI	0
B01JPONH3S	0
B074NWHP55	0
B07YSTR6LN	0
B08DXS1L8L	0
B00E1ACIKU	0
B010AVI1TK	0
B07CQF3233	0
B008KEOEGE	0
B07QS9WXHD	0
B00HJ2E2OM	0
B072DWQ64V	0
B06XFNXFNC	0
B007WA99TO	0
B06Y5FR2CP	0
B004OXONPM	0
B0C67TGC7H	0
B086C9NDMH	0
B008G3USRI	0
B01N2OSHIP	0
B00LAJFRZS	0
B00O3BRNXY	0
B00O4RWJ7W	0
B07BRYRPVT	0
B078B1M32V	0
B07D1K7DLJ	0
B085TDH5DK	0
B00A1Y7184	0
B08RSD1J1R	0
B07N19NMF7	0
B08J8B5MNS	2
B00I3TALE0	0
B07H541PHD	0
B01ARQE3SG	0
B00IABV6MC	0
B00X9XCANK	0
B07KY75YVH	0
B07C9W2QX8	0
B071FQMQML	0
B076ZS5CPY	0
B08X1Z4LQW	0
B08L63C8HG	0
B07TXGRLT4	0
B004GEATLQ	0
B087DRXF5M	0
B079S1MR9S	0
B072BG6P57	0
B09LGVGXC5	0
B08S6MSNYQ	0
B08HNDNYCV	0
B003A66DCU	0
B0873133WH	0
B0748GX4VL	0
B00D4DGHWA	0
B013HK5WMU	0
B072XXNSRS	0
B084CY43HT	1
B0767G4MJN	0
B07W4PP3M9	0
B0745K83XB	0
B0183BC208	0
B07CR6R7SG	0
B00AFAI28W	0
B07FQ7Z714	0
B09XR6T9B8	0
B07C32V7Q6	0
B003L77TKS	0
B01L8R1BBK	0
B00F4O2QC2	0
B08NXQF5R6	0
B00S8TYKTC	0
B01N7TYJ5K	0
B001V5J61M	9
B07DNQ3HG8	0
B084DFMHPM	2
B01F4SUF7A	0
B00HI2EISS	0
B0967CJ4P7	0
B00Q7SU54K	0
B0784YQKG6	0
B095BQ9KLP	0
B01MXHNB5T	0
B0B28M3RKJ	0
B004H3XMCE	0
B00KSHQ8OM	0
B09V7D7QNY	1
B01MEF538D	0
B00DCYEJFI	0
B079JYGFZ6	0
B01GIN5ING	0
B01N55QM1P	0
B08344KGP9	0
B0C58BBJBN	6
B00F0135Y2	0
B01N0XI8NO	0
B0002UQAZM	0
B0195I8H4S	0
B00WEAE41K	0
B00I6EL45C	0
B008K4FHHY	0
B07654DVY6	0
B007K95608	0
B071S8QXQY	0
B0039NI4FI	0
B07121VG1R	0
B07Q7NRZSY	0
B07NYTTW38	0
B00ESYSIUS	0
B073PYJLWQ	0
B0041HX7X0	0
B0181PGI3I	0
B00S5E53BO	0
B01MSLK5BF	0
B081YHJ12F	0
B07K1JNJ6F	0
B0793QR9NK	0
B07GXRWVXM	0
B06XJ1FCVR	0
B004G8UKKW	0
B07V5X9KK5	0
B07KBV8BYV	0
B08H6ZLX6Q	0
B08CM81JFG	0
B071JT7BPQ	0
B0829XYMBH	0
B003P8PI5G	0
B00U4J3GQM	0
B000NGKAY2	0
B00EQW9WEI	0
B00MRXN9OM	0
B098RQGZN9	24
B01NBCDIOX	0
B06X6D2R6W	0
B00LKASUJC	0
B00429ERC2	0
B09J86LBJV	0
B094V5WTH1	16
B0056EYK2O	0
B00UO5IC1K	0
B093TR2VH4	0
B07CDQP2X1	0
B01N3XO1H4	0
B00457JPI2	0
B07ZFCQ4HM	0
B07PZR6MBV	0
B004YV4M5U	0
B0057JHYGM	0
B08C582RGZ	0
B07VHC785Y	0
B08SK56RHR	0
B07SSBHJP5	0
B08GWQ29VX	0
B08MF6XVNL	0
B084L61X98	0
B00GHV38ZK	0
B07XC5RHV4	0
B098R7PXFL	0
B008JDMEWC	0
B0941JRWMS	0
B0028JOQVU	0
B07D8W778T	0
B078H7CV39	0
B081G766B1	0
B09GPQM36B	0
B00NG08094	0
B01N7OSF22	0
B00GIX4VLM	0
B0BV6747SQ	0
B01N5W5CH6	0
B00GJIL0VK	0
B0BFGCBRMH	27
B09RQVM4KV	2
B099SV229N	0
B072KYZS7H	0
B07GKVLQPZ	0
B00343H9FE	0
B008BVJF24	0
B09F9LKNLD	3
B01M22QTWT	0
B09KH6BD56	1
B01FW2X160	0
B0B12WVWBX	9
B00BB1P53Y	0
B08T64J6GR	0
B00PW3KLXQ	0
B07MYTD9R9	0
B07H5D3D5M	0
B002HRF57C	0
B08CBKHMJ2	1
B08TRB37Y4	0
B01ACBSUGM	0
B0042PG1S4	0
B0743886SQ	0
B09NQKYNPK	1
B00P917AGM	0
B074TZQ93X	0
B007WZI3TQ	0
B008AXZPK4	0
B07G4DD1VW	1
B0787KN8YY	0
B08D6GYP6Y	2
B07G96FXMT	0
B004EYLVE2	0
B07QW987Z3	0
B00AKBCENK	0
B01LYL557B	0
B07C5GPDBX	0
B00UMFXKB4	0
B00FZK7STG	0
B08YDBM22S	0
B00B9IIYVE	0
B071S6CL9F	0
B00VSX6J2G	0
B00F2K4GGM	0
B01JV5LFNA	0
B007E5B1ZM	0
B0B45MD54X	1
B01E0RX8RU	0
B00CGY6XMC	0
B01N6RZO2O	0
B00AG6Z1XE	0
B01H9TC3Z4	0
B07VTN5Z1Z	0
B01I56MPMQ	0
B07WZZD5HF	0
B0BG8PJQKW	0
B00FJWRWVE	0
B00K8SJ7OO	0
B0BM4KBJJV	2
B087CSYVVP	7
B0093KK1ZW	0
B00XAAARI2	0
B00R1S6LMK	0
B07BXC19RK	0
B076Q5XWSC	0
B07FZ16V34	0
B01MXM7MKL	0
B007N8NMKM	0
B01DBH8758	0
B00JRG8XRK	0
B00Y5KMHIE	0
B08SVWKXZP	0
B07JQ1YC43	0
B008PFJ0R6	0
B087CMYRLJ	0
B0188GOVOI	0
B01LXC9UE1	0
B011IA65KE	0
B0797X91G3	0
B083V1B3J5	0
B01MRZDVK0	0
B00TH21CNQ	0
B07Y9CHWNR	0
B00BMD1XW8	0
B00BSTQC6S	0
B077WCTLF8	0
B08586D7QG	0
B07KJGS9D2	0
B076CHTC7P	0
B08QHJWQSL	0
B009DMDE3G	0
B0032ALWOS	0
B01MED8B9P	0
B01KUN33EQ	0
B08K985M3Y	0
B00W0V2MVW	0
B07C2QCD89	0
B092C1ML9P	0
B00JRRJEEA	0
B00KNQXSTQ	0
B00V8YVCUO	0
B00YRAG61G	0
B08HY8Y88J	6
B07253LN72	0
B019SL8YPE	0
B07XMHDKS1	0
B09PFP17C8	6
B008K7HBLG	0
B098JW8HM8	0
B08V564DKB	0
B073S7MXV1	0
B074K54K6P	0
B08LR43C4B	1
B00D4LI2JS	0
B005A7CD76	0
B072DTK7PV	0
B00CLFDT2S	0
B0744FDW5Q	0
B078X99XVQ	0
B01AC9W08I	0
B082V1MZ13	0
B00PUWOA40	0
B00MMTZX9A	0
B00U58XQLM	0
B00BGFO1YO	0
B0047YOTUW	0
B01NA9MJWI	0
B01MQ2FG9R	0
B00RW5ANYY	0
B08LSK4RC7	0
B00RM33QUO	0
B07VR96M4Y	0
B07N1BPNZ1	0
B072VCBH4D	0
B07J4QJCFS	0
B08FDDH64V	0
B07DFG6WG7	0
B016E7H8AW	0
B07G5J43WF	0
B01LXBP5UI	0
B00979M0SU	0
B07JHCP2PV	0
B0792KQF5T	0
B0771HR9C5	0
B08TTDX89T	0
B019C30Z5K	0
B076P1VSQ4	0
B08XQDPYJK	1
B082YMXPND	0
B07HKVTHGC	0
B078GLWL5R	0
B07FYWK5Q1	0
B09BZZNBCY	0
B004I8V4C8	0
B01H8BHP38	0
B01MTFBH73	0
B0BLT7SZKH	1
B01MUB7H1P	0
B06ZY6Z9GD	0
B000Y4L45M	0
B0966GZ4J4	0
B0B7QFCWPX	1
B07TWNSXTS	0
B08MTHCTCB	0
B005D7NO4E	0
B01BSEZHMM	0
B083TJHZPL	0
B01LZAB5X5	0
B08MS2VYD1	0
B07SPWRQV6	0
B00RNI3G3U	0
B007C4QQ5U	0
B08B3N769Z	0
B005HJBF8A	0
B008KK8GLM	0
B0B4F8N7SW	1
B00STNHAMG	0
B08BHQG26M	0
B00FWM393Q	0
B07GD85GP3	0
B088LHSNW4	0
B07YYLLXGG	0
B085N6KWZJ	0
B003ED5E5Q	0
B083SFV5HQ	0
B0055XE26A	0
B0169HEBXO	0
B00IXD14GA	0
B00FUMLCSM	0
B087C6BN16	0
B07GM5SX4J	0
B07BN896LM	0
B00UN8HDWC	0
B09F6FW6SB	0
B014PAR4QS	0
B07ZLRPPL6	0
B01FSUTV56	0
B09Q5T3D67	0
B00AWRDN14	0
B00XBJMA0K	0
B001BZWUA6	0
B07DHM2PJ5	0
B00OPHVPQM	0
B089T81TD2	0
B003UUITHS	0
B07JPBJFR7	0
B007Q7MO6S	0
B0B6PSJQGS	0
B0116EGKL6	0
B0113P052I	0
B00UCN2K3A	0
B0147G3TL4	0
B01CV9ZVZG	0
B00LFL5E1S	0
B0BKYKLJ2W	0
B076HGYKDS	0
B07XCPCRTN	0
B08D9BCQB3	0
B0B151KHBW	1
B00UYWHP34	0
B07M7B5FFS	0
B089YDCYW8	0
B07BSR9GCZ	0
B01EA1MP3Y	0
B0195S8TUA	0
B08FSVY6NY	0
B081J494GJ	0
B00AHB0RPU	0
B07ZNKKW7F	0
B07554Y4CF	0
B0B7G6GVCF	0
B005YDQETY	0
B00K6YT1VE	0
B01B9J0RL2	0
B089QK516W	0
B07C5JL4XH	0
B01E6PPPRM	0
B00KFUP6CM	0
B07PQRRLXL	2
B007G19TY4	0
B094QQKJTB	0
B010WFEKYE	0
B016YUN4Y8	0
B07CCM7S44	0
B09NC9J4BN	0
B000EG3WGY	0
B078MMLC8Q	0
B08Y1P1Y7L	0
B01N7WJO4J	0
B00ECVSDUC	0
B08XX83YZG	0
B083TQ7P92	0
B00N1HEFZ0	0
B00WHLI0Q6	0
B01E9IOOIM	0
B09JKP6HTS	0
B079H84LSR	0
B06Y44MBS2	0
B095SSZGQS	0
B00I022U2G	0
B01M049W7N	0
B09QHM9C1D	1
B00OSNTOBQ	0
B083QZP81J	3
B00W05KMKG	0
B078WWTF86	0
B07X4239HW	0
B00E14X616	0
B07MZF42SB	0
B083HVVN29	0
B006UFK1XU	0
B00UV4VYSC	0
B074N8W16Q	0
B0B23NDZHF	1
B08FD2X3F3	0
B0B5CQ63X1	7
B08B52416D	0
B01N5ERYTM	0
B09F6486ZV	0
B071XPHM1R	0
B004O2FTU6	0
B07BMCCXDW	0
B01FX5A9XY	0
B00S312JU2	0
B00GTEOYHG	0
B004DC14TW	0
B06Y6JH6WL	0
B089ZWY1CR	0
B01MRL70Y5	0
B07173XHN8	0
B09C6S6C6T	0
B00AE1FWH6	0
B01LY4O135	0
B079CDFY4W	0
B00CUBLHN6	2
B088WBY8Y9	0
B0042AN6AA	0
B07K42WNZ6	0
B0B3758RH5	1
B07CNC94R1	0
B008V1XNSG	0
B09WW2DQXH	1
B077JS1PY5	0
B07M9Q229V	0
B08BRTSYTD	0
B07KPPNP68	1
B07RSRBPJ6	0
B09KNP7VJS	1
B07D9N6HWV	0
B071JQFPST	0
B07D3G7H2W	0
B07BFTFLQS	0
B075847RJL	0
B00382C8RA	0
B00BMI6U2Q	0
B087X4KYHK	0
B00TZF02WW	0
B08SCCLRSY	0
B09R1LLRFL	0
B083D9V8W4	0
B0BLSZ25FW	1
B00JE8AFN6	0
B08SZC59J3	0
B017AFYW3S	0
B07XC165FX	0
B07CVCWZVG	0
B07TSF9GW3	0
B0777NRN51	0
B07JHH7K6W	0
B09H7HCMLM	0
B00PKYCIU6	0
B01AIXK9RM	0
B074N4MCL9	0
B009G1VI0A	0
B00NW9L9J2	0
B00DCWYDPQ	0
B08TCCM91M	0
B012NR1P4W	0
B08HYHK74S	0
B0BPMD3XB5	2
B07YP1T9CC	0
B07GZ5DNC3	0
B00UAKTF4C	0
B07SSHK7LS	0
B00B1AHBIC	0
B07BMZX959	0
B00AJLML1Q	0
B0088RHP5A	0
B074KCBYZB	0
B0035WTMHM	0
B08CMVDFVS	0
B01LZGOT32	0
B074WG8CXF	0
B08G7TCLMB	0
B0BM3MZRJC	0
B01FMZFJQM	0
B01H2BKVTY	0
B00AO3B1T2	0
B00K32H648	0
B0752ZH73G	0
B01M8K5OLP	0
B07FTRZBVS	0
B079VWCK22	0
B0BJXLQ24Y	0
B0BGFWZZ73	0
B009HGZ9RW	0
B004ULGY3C	8
B0CB27GMQS	0
B07L89G4X5	0
B077YNHF88	0
B08F34QJGQ	0
B01KQMOFES	0
B079P62NH4	0
B08NPQTLVL	0
B01MXQNIPN	0
B08R8KJBLX	0
B01LXG0DF2	0
B07F9FSSHW	0
B08M3Q7LRD	0
B0038OTPDS	0
B0030T19LM	0
B07SLFJR3T	0
B08FGYH1V9	0
B00D7YONH2	0
B083D9PTYD	0
B014UT4AMU	0
B010FNBKOQ	0
B07SVZJXV4	0
B08Y182YVK	0
B08NDNH12V	0
B07TXRJ8XL	2
B08FYP43SK	0
B00TSOA03G	0
B01GGH20BC	0
B00ZFRFIZ0	0
B001HENC0S	0
B08914T5SZ	0
B00F3KEP2G	0
B07BPZHJTM	0
B08VWVC39Z	1
B00WW4O116	0
B019HRCYEG	0
B089NDZF3S	0
B09MK9SDVY	0
B00P700R6U	0
B01AYB8JRK	0
B00NERDERM	0
B001JZDRRI	0
B0067IOTQU	0
B07LH5LW34	0
B01M04OKT6	1
B07P1QHFPN	0
B006RBIT4U	0
B073ZJL1BH	0
B01CZOU37I	0
B01MRKE4IY	0
B004AI2MBS	0
B078NKPYJB	0
B0014C40B8	0
B07TX58H31	0
B001L9944M	0
B0864GV5ZG	0
B08VGMRQNQ	0
B008A2UGPO	0
B00VWBP5II	0
B07J9Z8DM6	0
B07BFKY5DX	0
B01H7RI9TC	0
B01B546QXY	0
B078VPHDF3	0
B00O6CCYT8	0
B00OV7FP44	0
B00R7DDAFU	0
B08QYV5MXB	0
B01MSQHNUO	0
B008J0Y0TU	0
B01MYGJRIB	0
B081J58963	0
B07H137L57	0
B01FMN7HZU	0
B00GYISXXS	0
B07TZFYVST	0
B0B27ZXYJS	7
B074Y8DJG5	0
B07RNMFPHT	0
B00OJOVDNG	0
B073QBWCGH	0
B082PLB91S	1
B077XPLF7S	0
B008FEIXS4	0
B00WR02IX8	0
B07Z4S5BP8	0
B00PFNJDNW	0
B00R8NO3XM	0
B096MDYVPH	0
B074JPYWHN	0
B006H36DNW	0
B00PB470K8	0
B08CKJRPBZ	0
B078VY31L4	0
B0012ZNYOG	0
B01GWH7XWC	0
B005GSMYXW	0
B00VINI12M	0
B09PB5ZH87	1
B008J0PNPA	0
B07WHLB2PP	0
B00GCD8ZB0	0
B075BZR9MW	0
B00QYD4K76	0
B075GTXXT4	0
B07T25PM1P	0
B07F84CKNC	0
B06XPFMS7Q	0
B077MP96TN	0
B014LAH9VM	0
B000WZHWTK	0
B00OWJCC8I	0
B0774DY7BL	0
B01LAPQ57K	0
B01C27VGHE	0
B0088W5MB4	0
B00X61HOOA	0
B07MDC1M4Y	0
B07GSVG3W8	0
B075M8VN89	0
B07Q3DTZ9L	0
B00G2VK56K	0
B07Z3DS3M2	1
B088FWZ5RG	0
B01DYXO91U	0
B07KR5G6G6	0
B07HYZCQHY	0
B07D26N5SS	0
B010GITEMU	0
B07WWF19YY	0
B08L4KLZDS	0
B0BFQ4C3J5	1
B06VS5767F	0
B07RLN5V4D	0
B000CR3UIU	0
B08QDLX669	1
B07T6PJYSG	0
B07KX9HRWL	0
B00R8KLOWI	0
B000PSVFBU	0
B06VSJ5QBR	0
B00UNWFLUO	0
B0B58WVKXC	5
B00HB2VIGU	0
B071KGG6BT	0
B08P46TVJW	0
B098C95Z3T	1
B099K54LB8	0
B07X58FPM4	0
B094W7G2ZD	1
B07JMS9MW9	0
B01N582746	0
B0C1BVL49K	0
B0886JVN78	0
B01NCV2MX2	0
B0085JJ90A	0
B08GZP1FLM	0
B00E0NXGHW	0
B07PDF9YLK	0
B07FXZ4V43	0
B000HTKOWI	0
B0BL7H9T1L	2
B00IRL7TVM	0
B0B13QBNQM	1
B0854L7756	0
B09TCVPFD1	0
B00O40S9GE	0
B09KRXLM7C	2
B01BD4MHHK	0
B00TGRQ65Q	0
B076K5M3GQ	0
B07PPWDWBB	1
B09HCLKWLP	0
B01D0YCYG0	0
B07HSZLXCY	0
B07D8S9ZP3	1
B00NZS3592	0
B09C675V6L	0
B00IUBEFZC	0
B07SPT3M9P	0
B07CTCMXLB	0
B01N6PYLCK	0
B019CB84AK	0
B07Q4NT1XH	0
B088LND92T	0
B07BFZ34Q3	0
B088K5FNCV	0
B00FV8VNNE	0
B07C4SJ3PC	1
B09BNLX3B5	1
B017J6TWOC	0
B002LVV5LE	0
B015KC2IHU	0
B07C9J4BNS	0
B07J5JXKXH	0
B005WQ63ZS	0
B00FLY3SBI	0
B000ATAG0K	0
B072FTMJZ4	0
B00HVEZJJK	0
B01EHMEEEE	0
B0059UPNS0	0
B0B6BTLLKR	1
B074H4YQGQ	0
B00U3OM8L2	0
B0199O0HL4	0
B07BXFFBJ8	1
B01N7QD4UK	0
B00BVBHIW0	0
B01F4SV1O6	0
B00LPQFPZ8	0
B008JBJ38C	0
B07P4PKRP3	0
B0725WDGLV	0
B07N8SGDV8	0
B00J6SD5MM	0
B07P98VTJR	0
B008XKXOUC	0
B08TM89YGV	2
B06XDZ4NYJ	0
B08NY5HY7Y	0
B08C24HPQT	0
B0058CB32Y	0
B08HK4JYX7	0
B08CDJDJXL	0
B06XK95Q6X	0
B007B8YA9G	0
B00XLSHA5Q	0
B00A2PX0JQ	0
B01N6A15TM	0
B00AAQQC88	0
B074QM51SB	0
B0B8TC8YKL	2
B01LKIQ3HO	0
B0743D2DRS	0
B0824JSXXV	0
B09P8T3KG9	4
B01EFVZVT4	0
B098T6WJG3	0
B09M8VC2X6	0
B01E3RRCX8	0
B08PB911VK	0
B0913NLM1H	0
B09C16PKMT	0
B07CKQZ32L	0
B0B2CZL82K	28
B07BGW7LJQ	0
B08GW2FYCZ	2
B01L3JGLNQ	0
B07SJ9JK2Y	0
B017TLT314	0
B07S7H4VL4	0
B07CMX84SN	0
B07S5QM96Y	0
B00V5FWYLW	0
B091KSJBLR	0
B09DJ1CPTL	1
B06XHSFB5X	0
B00MW9FRWI	0
B09F8LPLLT	2
B0012QS61G	0
B0BHNPCVY5	1
B00RCCOY8S	0
B07VDS29BC	1
B01N7Y0A63	0
B00MFL087M	0
B092DPPQS8	0
B00FAX82AM	0
B00YQ54F10	0
B0BCK59834	0
B000N8X7KE	0
B018NHGNZ2	0
B08DNSC6N8	0
B09PHD7DJR	0
B015WIGATY	4
B07WYK9NXT	5
B076SKXW4T	0
B06XZNVRVF	0
B07R547XSQ	0
B0988319CV	1
B01N1I5OR9	0
B06Y5MLC8L	1
B08GYDHPV4	0
B00IG5KX94	0
B00M8JNV9S	0
B004WM8DY2	0
B075STHHN1	0
B005HPJZ9K	0
B06W5H4G51	0
B0032UY88A	0
B076LVXTPG	0
B074R8PC4W	0
B01LZXLK8X	0
B08H4MKHHF	0
B06Y5W8RB7	0
B001ET7GRQ	0
B08H19Q7B1	0
B09BJ4CKT4	1
B010O0XDOU	0
B00AJ213Z0	0
B0BGG95GTG	3
B00W57WH8Y	0
B0711574GD	0
B07G1RQRZT	3
B08B53WF9L	0
B09GM7P7CZ	1
B07DWJZLFS	0
B07NCCD71N	0
B00G2JIVFY	0
B0009F1A4G	0
B01809VNBM	1
B074DTJ1TR	0
B07FN48QPL	0
B078YW43J8	0
B08S6SXF31	0
B07F66BHBM	0
B07JPGBZCH	0
B008RIL1PK	0
B00KIHJYOI	0
B0041D9P12	0
B076SSWTW5	0
B0BSGXM1PG	2
B082N4XNWS	0
B082LWP5G3	0
B08GNHYJNP	0
B0891YF1YS	0
B07WGSV928	0
B0B9SJXTHX	0
B09B2QQPD6	2
B07B9RXC4V	0
B001PWE4U4	0
B01AOW3RQ2	0
B07CVQ4MZL	0
B00O2QOJ6Y	0
B07T8Q2LYP	0
B08FMT333T	0
B086YQHDW2	0
B07W6RD5WJ	1
B076PV8N83	0
B07BCL22Y4	0
B01K72YC7M	0
B08QJCXXH6	0
B00BRQPS30	0
B0C7DKVCRW	0
B00389M45O	0
B0825KGKXZ	0
B019O0A1Q4	0
B09XZ9G1FP	2
B077XZNVR3	0
B0086TQQZU	0
B08NFT8NZK	0
B005FG1UNU	0
B07BMFGG4W	5
B017USUN6K	0
B07CKYJQ6F	0
B01HNDRVV2	0
B07BKVGPHK	0
B017UX9K7S	0
B07RRWG3WM	0
B01G7ARHSE	0
B07CQBVGJM	0
B08DJ38DPV	1
B07K5J5VJC	0
B00Y814F26	0
B07ND7HBQ9	0
B01EW7Z0A6	0
B005BVPAH6	0
B0738VN9TV	0
B00QB5MLIW	0
B08N9FSKHX	0
B07KKRC1QV	0
B072YW5TP6	0
B00IO8SQF6	0
B010RS671K	0
B07HRQW641	0
B019QEHA1W	0
B081299872	1
B00QYOH9IW	0
B076HXHV93	0
B07F35ZMS6	0
B01N7JN1UA	0
B06XR3WHHS	0
B01LXDETZD	0
B00552CGLE	0
B088NQXXN7	0
B01LYL0L9W	0
B08RSJB5JV	0
B006L2P7A4	0
B08T72F5TK	0
B07PMXQJX9	0
B08HJ1L39K	0
B00UBACZ66	0
B081NCR31B	0
B01C28XP8Q	0
B00BUQWX5S	0
B00KOKA7S6	0
B01MSW0115	0
B012EEDKNS	0
B072WK6WN4	0
B01BP45ASG	0
B07R846TPV	2
B07TDRFV7X	0
B078SYX5FR	0
B01C3T4UV0	0
B07GZ3GG8N	0
B07L3W2HHL	0
B081SF3QRL	9
B0BF66GYDZ	1
B0054317NM	0
B081J41571	0
B07MKGCGR7	0
B09HGKYPMJ	1
B08BB677FQ	0
B072KG6TG8	0
B07M5HQYV2	0
B079D9TB3B	0
B00TVLESHA	0
B07M8NG2M5	0
B07H3YF8NJ	0
B074HB4CCQ	0
B0032VZ55Y	0
B00EAKDD46	0
B00I53KUSG	0
B01MG6EVP4	0
B0713MH94B	0
B004J4WQZU	0
B00QE1NDDA	0
B07XZ5JCLG	1
B01BKTMBPG	0
B001CRFZSC	0
B07GJ2MVBC	0
B00TYE8UNM	0
B088WN2N7W	0
B07G9PXG6H	0
B0BYNRPKT2	1
B01N8YVHFZ	0
B01HU5VJW0	0
B0BBQS1N1S	2
B076Z6WR3W	0
B08NYMFGCP	0
B06ZZRD3PW	0
B00ISSOVB0	0
B00F3Q9QGK	0
B01JRBWGRW	0
B0BRTMVWCL	0
B07PVFTNMW	0
B07X3HBNKJ	0
B09CTB7N97	1
B00B0E91VY	0
B0749LY55R	0
B00O9YST6U	0
B01N53IT6K	0
B07HLG4YFW	0
B008PFQQL4	0
B096FH7HHW	0
B00Y1NJ6G6	0
B08F5HBMTW	1
B083JK8NRM	0
B01D28CV3A	0
B0953KKVF8	0
B076D7TK6Q	0
B07YDJJGKL	0
B01IVOQCUI	0
B005FYDMQA	0
B01ND1C4QF	0
B09G64YZ4C	0
B015GUDW8U	1
B00FB5TMEE	0
B097LD282Q	0
B07D49MJ19	0
B016D6AGZS	0
B00NVQMWS8	0
B00XW2GWW8	0
B07V48FDWG	1
B096YB5VVY	0
B075VGR44T	0
B00EOADS88	0
B00TEAZ11K	0
B005HAPC8I	0
B01ABU265A	0
B07ZZJVP5L	2
B07NDFML3T	0
B07FBJGGPJ	0
B07YWJL4TH	0
B07X6DL9HV	0
B07B5P7T9B	0
B07DCQ1DSC	0
B004HVRDBW	0
B00HA7ZG28	0
B08J79YYWX	0
B073JWSDRT	0
B00TKV45EM	1
B07VFRWGKP	0
B017XEBYLE	0
B00P4JSISS	0
B07RP87WNB	0
B09GVTQTHP	0
B08G1GGHJK	0
B079WXRZGB	0
B078RG2DG9	0
B01F8PPHZO	0
B07VTXT5NW	0
B00DU1DZ4O	0
B07Y6WCFK3	0
B07KSZQ56P	0
B00843EAHY	0
B00RNJUFPQ	0
B00C0EWFH0	0
B009PHE3TI	0
B07NJMP7P2	0
B09HPHPSYJ	0
B07W6N4LZ5	0
B01LS9UJ02	0
B07TZCJW9X	1
B08CY151NM	0
B07N6C4RT9	0
B0BKS2CDS5	0
B07PN71FRH	0
B09QSDDL14	0
B07P542CTP	0
B01ASUDPMG	0
B09PNF9M52	0
B07NV15ZSS	0
B08RS1S1DS	0
B076TVLKCM	0
B0043EIXYE	0
B01AU1UFOY	0
B00AMDG8BK	0
B017N7VR40	0
B0B5TX3C7V	1
B07331Q8Y2	0
B000QY9STO	0
B00LE2C8X0	0
B00JVWQWVE	0
B091CWJLFC	0
B07S64T9LQ	0
B00NO000DK	0
B00HQNL47M	0
B079ZN2BCV	0
B083K4C81R	0
B083TBJG56	0
B0097MISUQ	0
B07NP4GQVX	0
B00MHTCBOU	1
B01N25SX3X	0
B0B4QV2XYD	0
B09XZGRJWC	0
B01KUP899S	0
B0B294RG54	0
B00TYC75V2	0
B00LIBKM44	0
B00C5FPRX8	0
B00HBHJYF2	0
B00NXG9VQC	0
B0B6GPDVXV	0
B089Y856Z5	0
B01FIJKL8I	0
B008JCJ390	0
B07QJ5NXR2	0
B07PVSG2DD	0
B08GWNCPD5	0
B001NIO2DO	0
B097NZKVQW	1
B0B5FCVHB2	1
B06Y18N8YW	0
B0BBZ252HS	1
B0107P2LAO	0
B07DF5L1W5	0
B079HRC8BZ	0
B07F36BHK1	0
B00RKPQHJG	0
B00756H03C	0
B079BNHBD8	0
B00D3EDNJ0	0
B00ELMMCK4	0
B00NMDM0PK	0
B00PWPEILK	0
B079511DNV	0
B006ZP5G80	0
B07PNHFNVL	0
B00B4X8CCU	0
B08K4JWMR6	0
B01K9PYVFA	0
B076CPBN8C	0
B08ZCVPYL3	0
B0716HMJJL	0
B007T15P2Q	0
B00G4827CG	0
B006UTCYWM	0
B00RNGT8MK	0
B08RP9JHK9	0
B07CQ91118	0
B098M9BW8S	1
B00YE17M16	0
B08G8DS1R3	0
B00V8DRGGY	0
B00ZGQBG4C	0
B07SMFVHFL	0
B077Y6LFKR	0
B00F6ECENQ	0
B0B3HBM2GY	0
B01HOHJYDA	0
B07YDVZ54M	0
B073XM811Y	0
B08L7Z8GM3	0
B008D242VK	0
B008F8MZJ8	0
B07C6JHDLS	1
B087M7VHS7	0
B0767KQ9VH	0
B07G2F92LK	0
B06XNQVFYC	0
B07GBZH4CD	0
B00EQ6P1F8	0
B06XXS4MHY	0
B0989MTCSF	0
B01LZDPPLO	0
B072DRBM9K	0
B07LD28CNL	0
B01FX7KVNA	0
B08LB9FV66	0
B005V1ZRIS	0
B0922WMJN1	0
B0921LJ3HR	0
B08JQ7NSLL	0
B005AG6Z5S	0
B0160CKVK0	0
B01DZQEJPW	0
B074T27FTY	0
B005KMQIAE	0
B00M0GH7IK	0
B07L4FNS57	0
B01D304XVU	0
B00FKVTPNM	0
B089W24DWN	0
B0782YZ6VG	0
B0071GPOTS	0
B01N11F6SW	0
B07CYVX9TF	0
B003U9N2M6	0
B09J8M2JC1	0
B0BLSJS63G	1
B01MSDEUWJ	0
B07PNHF7H8	0
B074VV1DJP	0
B01LXD3702	0
B00GBQ5F9I	0
B014U9ZEIY	0
B01HSQF38C	0
B07F1KML1K	0
B09LZ1P7X9	1
B0BHC5NXC5	1
B01GR9L2FY	0
B07Y7YBDBL	0
B07CKMRPMW	0
B08Q4KMPFM	0
B085VJWTB8	0
B0B18322V8	0
B00YS77LC6	0
B08ZN5KW8X	0
B07WLNDGRT	0
B09B9PS72Z	0
B07QG8ZJNC	0
B07B8R1CDS	0
B0BRP8Q746	1
B07CW2KLWM	0
B07NCZFYM5	0
B0862LXM9V	0
B07P32NML7	0
B008DF1HJM	0
B00N4SXY3A	0
B0865N6NWJ	0
B00SFINK38	0
B00CB0S7X4	0
B00IUK22JO	0
B08VWJHDPD	25
B00JM93M8W	0
B07BZZRL6L	0
B00RET7AS0	0
B072NZZM33	0
B0716B1SFZ	0
B00GGNVIEM	0
B09LCFJR57	0
B07RGPSYWR	0
B005GCFGCY	0
B07PTRDRSL	1
B00IRUNUUM	0
B011PMBO7E	0
B00KT93X4C	0
B07XXP4Q2Q	0
B072JK4FH3	0
B07K2LWPCM	0
B07GRKJWYK	0
B013J8GVE8	0
B077BWXV26	0
B09FNBVTQD	0
B0BLC7C2C1	1
B01LZ4TA7Z	0
B07FM7QPWN	0
B09G5LJ8G1	0
B07MQ1ZXHT	0
B0BXGRY9Y1	2
B00L3JSYA0	0
B009A4RIR0	0
B09CPWYLZP	0
B09C2XBL8R	2
B017V7VQR0	0
B001L4N3P8	0
B095H2VCX4	0
B000TUG47E	0
B07MHT97DV	1
B01NC37NT9	0
B0BQDTZR1V	0
B018QU5FIM	0
B07DC3QK75	0
B07H2BZ7KX	0
B00M65ZZV6	0
B01MDSBC7S	0
B07DZBMCDG	0
B08FM1L5XV	0
B08B5J1GPM	0
B07HH1Z9SJ	0
B0872YWK47	0
B01BH38X0W	0
B005OMVDKK	0
B00MSRYPCC	0
B07TC8X31Z	0
B0BF8WFXSY	6
B07R3GWNGY	0
B015EGU7XY	0
B01N9URJ0C	0
B096H9H6LP	0
B0156YEPZ0	0
B07BBWGDRD	0
B06XNS8TP7	0
B0B458GXPQ	0
B00KSCBZX6	0
B01N2VL218	0
B08H8ML5XL	0
B09LK7FRYJ	0
B07R6PD8L5	0
B09NVD6N6L	0
B07GRQKGSM	0
B01LYXL1JD	0
B094LJTYNK	0
B00MEWS1T4	0
B07MSBFT4X	0
B01FK9Y9KM	0
B08TT289SK	2
B0049DY2IU	0
B08FFMW2V2	0
B07Z9D8DXZ	0
B00015VKVW	0
B0064UHO5Y	0
B09FJNTZWM	0
B00Y1HZALC	0
B07R462CZ6	1
B06Y22R1K5	0
B06Y65H3N8	0
B0C3MGJTQ4	2
B00CIA6FUE	0
B07C8BZFTC	0
B07PCM3HGN	0
B0772MCXMS	0
B072V781RB	0
B0042YXLLK	0
B07Q83DM3S	0
B0BPSMMVC3	0
B09FJDSCZY	0
B07CK11HKH	0
B07FPS6WF7	0
B00SKVOSVS	0
B01561O3A0	0
B01N944MNA	0
B0B59CHVZZ	1
B01LGGPQWI	0
B097GTS3XZ	0
B09823PFPX	0
B01M69C1K8	0
B001AYOLRS	0
B07YJST348	0
B0088JHCQK	0
B015IJNRHU	0
B09W37VS7V	1
B011AHO3OU	0
B085QNB6L5	0
B007RLD110	0
B00KXQ3OIG	0
B00I0QM554	0
B00XS4S91C	0
B0775Z2KQ3	0
B00SG1GHN4	1
B08GKP2ZGS	0
B003STE6SW	0
B019HFCVUU	0
B0B6ZY9MMV	0
B076S8GSYH	0
B09QZ1TJ79	0
B0B7XB63ZF	1
B00F2P7FHY	0
B07KQYX6Y4	0
B00DSZGDAU	0
B005PM0MIS	0
B0BW841ZN2	3
B0B972GJS4	0
B09VL5S26L	0
B087916SWM	0
B07QR4ZFRS	0
B000FBPL4Y	0
B001M0O8VY	0
B00BUJJR9K	0
B07QGZMHS7	0
B06XQL9ZZ7	0
B07H28QPVF	0
B07XDRVQPW	0
B079L12TJ3	0
B07D1ZJCRW	0
B0744FN8W3	0
B00KHZF1FC	0
B01CT9QCQK	0
B08YNQK6J7	0
B07C1WXG3H	0
B084MCG9TZ	0
B08HX65ZT5	0
B08PCNJ1QK	0
B087TVSGJS	0
B07YWNR2NC	34
B01M1YSZB3	0
B01K4K8B92	0
B08H3GJ849	0
B06XT2YDP8	0
B088GW4HQ5	0
B07NQBPB3N	0
B08D9XB1P5	0
B07BNHG7SD	0
B08623MZY1	0
B082KN4Z1B	1
B07C824VMT	0
B0093H2WPM	0
B08598S7TX	0
B0777J6TCX	0
B011BWZV2W	0
B00F2DI4JE	2
B01MQILAUO	0
B07D35CM3J	0
B08GJMPSK7	0
B09S6DWDSD	1
B076Q3YPJ1	0
B084JGBHXW	0
B00E1YR504	0
B07T87K6HZ	0
B07SC94V1X	0
B079GSF5LP	0
B07WT9BKMM	0
B01LQAUBD8	0
B00EDRXNE6	0
B072BD7LYK	0
B0C424239T	2
B0093A6ZDO	0
B07F7485QV	0
B00XQ2XJ1G	0
B01B2G3K4I	0
B07VHRQ652	0
B005OB6P4U	0
B00SYYXH6S	0
B01NCVLM0Y	0
B089KDSH4K	0
B09FLC4ML5	1
B00US3N1WI	0
B005N84Q2W	0
B08L83YQTZ	8
B004QS8TFK	0
B07QZWWJVR	0
B005OT8NHY	0
B085GCT6X5	0
B079DKVXMW	0
B08KH55ZZ1	0
B08F4XWD35	0
B01BNU27AG	0
B007VMCOUE	0
B0032AMCXI	0
B015Q4MX1I	0
B007X08VHY	0
B00K53WW9E	0
B07MN1R4Y7	0
B07D3D6CL9	0
B00G4U994I	1
B09JS8WWSS	1
B07FYH77MS	0
B01LW6V0KJ	1
B07YCSM91H	0
B08BPB4WRR	0
B01K6LOVSE	0
B0854F3M46	0
B00CXNDWOI	0
B07G86SGNR	0
B0118HAU7G	0
B07F319J19	0
B0C7QKYJ7Q	1
B016YNTP4I	0
B079MBQ6NN	0
B0821Q37QM	0
B008767DU4	0
B013Q214QW	0
B087PH5B4Q	0
B073GCDGPB	0
B09D16VZX3	0
B00ANN2MYQ	0
B01H5BGSO8	0
B00HEPEXAW	0
B07DH4WDW6	0
B018T70URI	0
B0813B5JMN	1
B089T6L8YC	0
B07JYYK6MP	0
B075WS92NC	0
B018S1LKBU	0
B07BTHMMM8	0
B07MLVBZ4S	0
B01MTBAULI	0
B07233N11Z	0
B09MFFG8WY	0
B07M7XGCSG	0
B07XV5XH4L	0
B00K7KZH5G	0
B079QVY8NL	0
B08Y8NJGW3	1
B0060LEQKS	0
B0B9ZYMTGH	1
B07X1ZGX96	0
B00GBFL71E	0
B01MRLFDC6	0
B074BNQPRL	0
B079D3NLQY	0
B07QDBLL2V	0
B07237YL8M	0
B0B27QRWW1	6
B0BFJC2P8P	0
B00IGEEBJI	0
B00G83133Q	0
B088ZRRMY3	3
B09Z945FVX	0
B0925MNM3P	11
B01N9R87TM	0
B07BSN1MZG	0
B00T0J99L8	0
B0121R6XPK	0
B07ST2MMYX	0
B01M5B6QDZ	0
B07F9PRX3V	0
B002HWSA6U	0
B0BB6W7X3D	1
B07NJRCGCY	0
B08G51Q1G3	0
B079GZXBCL	0
B01D6L8AM4	0
B0BWL3F1XH	0
B00NEGMKT6	0
B07S76LSZW	0
B00NZ0ZJ0I	0
B01M0A9A30	0
B09FR514SJ	0
B075Y7PXHJ	0
B00E5ISM30	0
B008L41UMY	0
B076Q6RWGJ	0
B00L3AOOXK	0
B077GYRS36	0
B086PJQ7HV	8
B07FP3CFKK	0
B075K314M1	0
B08L7WYM48	0
B00E1LJ0BY	0
B096P1NYFC	1
B08V56GKFK	0
B00R5I52B2	0
B08GG4MY36	0
B09JBZMQ6D	2
B07MJGVBDX	0
B0844QC81P	0
B077QHZYF3	0
B009P8746G	0
B07J5SNX65	0
B075868X77	0
B09C62PXVM	1
B01G9ICYWS	0
B08DG6C69P	0
B007ZICBCA	0
B00F0FT5G0	0
B09WZZTFR9	1
B07T6JKQW8	0
B00QETM900	0
B00QUFB3Z0	0
B07SHDDFGR	0
B010165GBK	0
B00KXDIEA2	0
B0757DLNRV	0
B00ICSTILO	0
B071VTYV53	0
B00JUNT7IY	0
B0B37HV74F	0
B00OJ8BXGY	0
B01D1BQCQA	0
B01KHUKW6Y	0
B08JQ9KGD8	0
B07SCJL83D	0
B01M7SSISI	0
B01MT1K1SC	0
B0030W8PL6	0
B01HOTTV7M	0
B0091KZNNY	0
B076VD68SH	0
B07CQGMJQW	0
B01D4LM6G2	1
B00A4CALQM	0
B073PZRTCZ	0
B07T7N7K2F	4
B00601TJFK	0
B072QX5LLH	0
B01N9HFEBW	0
B00SKOL2YQ	0
B08RB89T1T	0
B07L4WFPXX	0
B01888C756	0
B0009PCTMI	0
B09P1CTDNJ	0
B00VBE12PG	0
B091Z4VPF8	0
B00V3SDLLI	0
B0169DOKW0	0
B0B9HRKC2K	1
B000WWRKMW	0
B01EFGEWK8	0
B07HRKLMMW	0
B07NY7BZRP	0
B082VZKD51	0
B07NTMBM49	0
B00JWV7LQ4	0
B09FR4WQMF	0
B07DL3HTVV	0
B00DXZPCMA	0
B00IL6SG42	0
B07DYM1XTZ	0
B07FVSW4K3	0
B00LJ6QSGE	0
B00MH5QDMA	0
B0185B5T3I	0
B077ZFYRW7	0
B083KQZ1XZ	0
B07D3VMBNB	0
B07FTGWYW6	0
B07PRQ58XV	0
B07S361Y4D	0
B00T962T9G	0
B0BM8QWX3Y	1
B0125HSWG4	0
B07J5FHYGX	0
B07JZ6HTP1	0
B00WUYNE2U	0
B07RCVFR86	0
B006H1I85K	0
B07QV4HRW2	0
B01HNLUEQS	0
B00ZKTXMHY	0
B0085LZNEY	0
B00MH2I87G	0
B08JPL7M99	0
B00829XDO6	0
B07DY7N18D	0
B09WB4HZMG	0
B07D7V4KWH	0
B01KB5YXF6	0
B071F76JW4	0
B0B1D9GD7X	0
B08G4GRGRX	0
B013YYH5GA	0
B07CVVF3G2	0
B075LPCKLS	0
B09NHSVSTQ	0
B079NSSZ8F	0
B009PT87QG	0
B000M9NFZQ	0
B07Z3F78KW	0
B0043S9X7G	0
B07N6GDH8M	0
B07SXCDWWT	0
B07CPRQJXG	0
B003VCS90W	0
B00GB9HP7A	0
B085XCTMY3	0
B018S38P34	0
B07BBQTV9H	0
B07TGH64XN	0
B09PDXTN8M	0
B072BXRZVN	0
B07B2VSXHQ	0
B07NTRS66R	0
B0891VLC8T	0
B09K6SNZFP	0
B0BLWFR2JF	5
B0711KJYW3	0
B007MUL0XW	0
B098R3VXP6	0
B073CMY5VH	0
B000QG5T4A	0
B00NPC5VSG	2
B0129BP7HS	0
B00416VC9M	0
B09X2L8YFM	1
B009YZZF5M	0
B00KNZ1376	0
B01KQ3ELH8	0
B06WLP31M3	0
B005LBWRTK	0
B00IT6KW32	0
B0742JRRGF	0
B06XKFG45Q	0
B08ML97BZ6	0
B00EM67A42	0
B0040URFHW	0
B004UBB2CA	0
B07SM73QCP	0
B0BFZZXZGW	1
B072K3NWFT	0
B014VPTTQA	0
B078HXLYVK	0
B009IOKSMY	0
B0BC1MJ64F	1
B07F3PK1N7	0
B08VRM47ZT	0
B006NU2QDU	0
B06WCZYQ7C	0
B01KKQTLT4	0
B00SBXATWM	0
B087QRZKN3	0
B0049LY8YA	0
B08LB37S7N	0
B01NH7OXS9	0
B08SLZ52WY	0
B078HW86BN	0
B0716J7QDY	0
B003P2VHYI	0
B07DGSL56D	0
B0031QNXPO	0
B00H1ZPN86	0
B003UU1LPK	0
B00EU7487K	0
B00EXU4C1Q	0
B018ZRX0DS	0
B07FPF9HL7	0
B07X1J54ZN	0
B08WJ12VJ8	0
B01DNWXD3C	0
B07JRFXFG8	0
B074MJ9BWY	0
B00UYE32DO	0
B001CTIKPA	0
B01FHFRBL8	0
B01DJOEO3W	0
B01MDJ3D3I	0
B07JJV9FJC	0
B0035537AM	0
B09GL52KHY	3
B003ARTTCK	0
B00A16DUFU	0
B01I1Z3IH2	0
B08YY7ZXLL	0
B0B6ST9NGK	0
B07VR1R224	0
B00AEEDWWK	0
B07NYNW9Y8	0
B07Y4TRHJP	0
B075ZN7NP5	0
B011OR2DF2	0
B018EJ8EY2	0
B09P85VJXJ	0
B09BF34R6J	0
B0964398Q6	0
B00IHYZGXW	0
B08XP3LSRJ	0
B00QFZTX7U	0
B09332LLBF	0
B08DCVSSRM	0
B09DS1ZG7P	0
B08CNHXZJH	0
B008BWMBYM	0
B015OEBMSU	0
B0074SE14C	0
B010YGM3M2	0
B07JM66LDN	5
B07D2J38K1	0
B07BHJ69MY	0
B08SHD87MY	0
B01KH2CEF4	0
B07L3NQ2JB	0
B01BCYZ9IK	0
B00K1ZJLTK	0
B00FYJ28KC	0
B0777GCTHF	0
B015QZLX2C	0
B006W6TNQS	0
B000MKK9VI	0
B015YF87B4	0
B07XD2DGMR	0
B099ZLT3JR	1
B079CVHSGL	0
B071ZMC6NM	0
B08F7SLZ25	4
B018RH8IVA	0
B010LF52II	0
B00YD9EKFK	0
B07FTG773P	0
B08CZR9J3K	0
B072QC2ZZ1	0
B017TLXR5C	0
B01DNWNZS0	0
B08R155YTX	0
B088WNF8G8	0
B085VK9944	0
B07DB8RXHJ	0
B00YQSN1B2	0
B000H68TGO	0
B01LYC4RAN	0
B00MBVY7K0	0
B078GDX6PK	0
B00HXCIW5S	0
B0776SVXW9	0
B072DVT1YW	0
B00OQQW5JS	0
B008LSIWFS	0
B0998Z45MT	1
B07DQ9YC8Z	0
B09LMBMQ24	0
B0994DQB69	0
B09SZ3W75F	1
B0869BLZ9H	0
B01L2N2ITE	0
B016TP7VCE	0
B01A17JS9A	0
B06XYH8FH8	0
B08L65ZNPX	0
B005DITOVA	0
B01FXSIGK4	0
B08CDKX988	0
B08VHYTGJM	0
B073C62KRX	0
B08VYLHRYK	0
B0751VP9TJ	0
B07DQMZ3GS	0
B01ELXLRFS	0
B072N4V2QD	1
B00TMAIOA2	0
B07XWNF6DQ	0
B002GOHE5M	0
B074668T6T	0
B08PNMCZF7	4
B07MHMVH5H	0
B01CNSBZ00	0
B008JASAVE	0
B07B3XJV3M	4
B09KMJV7JC	0
B07HSX1T5M	0
B074R7C856	0
B004FUHDTC	0
B0922HWF19	0
B01L3I68YY	0
B01E5C9VGC	0
B01FEQJBEA	0
B07Q1BN5L1	0
B07G5SYNWN	0
B0875QL9N5	0
B00HYL065C	0
B09WF5YQTR	1
B01MS7FMJN	0
B07T75JMTC	1
B00QT0ZDFC	0
B00O2FSBJQ	0
B006H1OYKI	0
B006307Q4O	0
B01M31JKES	0
B079Z9LDNZ	0
B081331461	0
B07NCS6DTX	0
B0BX4P36LJ	0
B07DKZHVHR	0
B00YOXEQK4	0
B00N0NE1QS	0
B07MZ37869	0
B002JIO926	0
B00YUTLWPE	0
B003KZ82BG	0
B09CPPFYFT	2
B07R3WXLBK	0
B009GT00QK	0
B07ZFDZLP3	0
B08C4YJX9G	0
B006JQ43IY	0
B07ZYYLVKS	0
B077YLY9RZ	0
B00M14HV82	0
B00260FL8S	0
B004O3192M	0
B083SSQ2P6	0
B00YHA63BY	0
B019QNIKQ2	0
B08SHM82WV	0
B015NMB0GW	1
B00CY1ATQS	0
B07QB2PFDM	0
B000E0TV6U	0
B09C3HJCBD	0
B07SJ3HBT7	1
B01MRNMS3T	2
B0BMZ5H9SN	1
B07RMDYG9G	0
B07CRWWJJX	0
B00LAC8N4M	0
B07G21KN36	0
B00FBERSZA	0
B085DH97CC	0
B09K7QPZB4	0
B00AR2QASC	0
B09H4QBJPR	0
B07ZRZH3QB	0
B099JMRVGF	0
B09GZKZGML	0
B01AHWBE2I	0
B07J5V3LFB	0
B01M29Y9GN	0
B0829KDKM2	0
B00C2S5IZK	0
B0722K4Q75	0
B08QN2R6P9	0
B07G5T2D5K	0
B08JM5V3YR	0
B07R4Q687Y	0
B07HP7CL43	0
B01N5F6LF7	0
B088FRY4ZT	0
B00XWQ0URC	0
B01CK81PPS	0
B0841VC4C5	0
B009JKJFCQ	0
B00S0JK0SK	0
B08P9F41LR	0
B008G3CAZ6	0
B08JMFXG5F	0
B019SZ3BSU	0
B08FM319S3	0
B00IZSQDBY	0
B084BJ1R7H	0
B07T4JNMLL	0
B083LDFR4F	0
B0B3HTJCSF	1
B07FBCZL61	0
B07NQCWD2Z	0
B089FJ1DDX	0
B07ZYMG8J5	0
B000UEBO6K	0
B07TC3DPXY	0
B091HK11ZQ	0
B076T4RM4Q	0
B08TH9TRQX	0
B07MTH6FB1	0
B0787TFC5T	0
B07T1DYZVT	0
B072C3683J	0
B00750MEGG	0
B00I3WC726	0
B00KR6GGQE	0
B07BKSJN3K	0
B00AEBZWKS	0
B00N9TVN0K	0
B08BQZYTD9	0
B07FTVL2TH	0
B08G4WVYLJ	25
B00MAD9XF8	0
B00KMFUWR4	0
B07MF66N3P	0
B008OHP6WI	0
B07BZCHFSS	1
B07XLJ2TRS	0
B00D05UWKK	0
B09L55P4KN	0
B08FX6MNS6	0
B01JABWQXI	0
B07J5SB6PF	0
B06Y236BKZ	0
B098RPJSQV	0
B016W1OMDG	0
B01KW9RPD8	0
B014X2BRPM	0
B07Y6NQXQK	0
B016XN8NQK	0
B084C1GNFV	0
B0842ZFD3G	0
B08JHP7NJ3	0
B07Y9F6MXB	0
B0BTNXYH6C	3
B08SGMYN83	0
B01FJX9J2W	0
B08LD732FF	0
B00I4XVM8O	0
B0BCR1LFGH	1
B093X541N2	0
B016THWWO4	0
B01DALKKZU	0
B07QGB859Z	0
B09V2GBW15	0
B08PD4JBT5	0
B077659746	0
B00K21F9BC	0
B08487CF3L	0
B09Y994VCL	0
B07KSTRWT4	0
B09PFQ81HJ	0
B08KNJ5ZM6	0
B07DHS22TQ	0
B0BZDWPSL4	1
B08L3NLJ7S	0
B00YPNFR1A	0
B07SVXSX49	0
B00BLZJ0UO	0
B099MTZ771	0
B01MZYASZ2	0
B087X7FDQH	0
B00E83OCD6	0
B08D794LZ9	0
B01B3RM6E6	0
B07QDXBSBP	0
B07B2WCJL8	0
B01L80XORG	0
B01N79J85Y	0
B01FKGB6UG	0
B01B6NN024	0
B01MS5ZEDN	0
B06X9S18FP	0
B007D7OD0Q	0
B01J0O3BIE	0
B008JFE84W	0
B00RATHV1K	0
B000H2O1GK	0
B000XQIC6K	0
B088NFVZVL	0
B076XMQQDR	0
B0BGHLKPMV	1
B08BXNRXC9	0
B07SNBJW8R	0
B001KHT3KU	0
B07B68PY2X	0
B071YLFY3T	0
B07WTBF79Q	0
B07F13PK6S	0
B08L4FLRDT	0
B017O10SDG	0
B01HT9HV7O	0
B01G9BN7MG	0
B00MVF39BE	0
B003X4K5V4	0
B06XXFTZCT	0
B071H4KBH6	0
B07C1JSLFP	0
B004MXTD5E	0
B00DQZ5114	0
B006Z3OEXK	0
B09FDPJ5R3	0
B081TNM8T5	0
B0156USDQG	0
B072XH39YN	0
B07R7MRFMN	0
B00XKZYP0S	0
B09XQWTM58	0
B017FCXBJ2	0
B00111CIUM	0
B07MFRYWB8	0
B00TFD3L54	0
B08XPHTGXG	2
B0009PJPSO	0
B00Y5TAMR8	0
B088Z1ZKHJ	0
B07B42QQ7S	0
B01H7OSPV2	9
B09VS3CGMZ	0
B00GZIJ1LU	0
B07FW123J3	1
B01HNXYSTK	0
B00H5XD64M	0
B0973LNCP8	0
B01MFGL75S	0
B07V8KNV5T	1
B09WXY9TJP	1
B08BC9XSYS	0
B00QT1AZ90	0
B004PXSY2O	0
B07PGB99RL	0
B07RDK5HLH	0
B07C58DJQ7	0
B00EUNWV0U	0
B081WW125V	0
B076Z2DQTN	0
B07QXCGBMM	0
B01C7YE8QS	0
B07613NYH5	0
B07PKNSJ53	0
B0B7S2M599	1
B073M4BKJF	0
B01LPWP0TM	0
B00MFZ7Q4Q	0
B003JKL2TQ	0
B007E5BQDY	0
B00XU2ZBWW	0
B01MRQ7WE9	0
B07C26LRZ9	0
B075MR9ZNH	0
B000XUR3HA	0
B00HN6PTBO	0
B00GYH8HBW	0
B08D6BDWP7	0
B075CPN8DF	0
B00CZ55GF2	0
B01MU0CGV8	0
B00NQ07OUK	0
B07SSWC53T	0
B00E4QLQ4A	0
B078GTKXFC	0
B00ATREB4U	0
B00ETJ4J7I	0
B00XCT1PK0	0
B097Z35X4P	0
B08H2C3NGL	0
B0B6ZN1RG4	2
B08KT4WJ1M	0
B00AT9YHJW	0
B00599Z1CO	0
B017XP1Z30	0
B01MTIVG99	0
B01MDM2I1G	0
B01HOBQZYW	0
B000MVNJIC	0
B08HSHJBCQ	0
B092HS4XZW	0
B0777WPRG1	0
B012CSZ7X2	0
B0BQWQK5GW	0
B07DKLRG6Q	0
B0187MPE1M	0
B006ZVRJ4S	0
B07W61FJ1K	0
B07VL5GQN3	0
B09Z2L6YP9	2
B08JPTQMB6	0
B00SDCIAEK	0
B08NSPC9S9	0
B00LV53CTO	0
B09JYVQ1MV	0
B07DX2N9RG	0
B00NOZHNO4	0
B07NJJVJXC	0
B01COKDYUG	0
B010NKHW0C	0
B003EUBYSU	0
B071JPQXLM	0
B07TSJBWZX	0
B01FE3YWRY	0
B0BQJPP629	5
B07Q2Y3QC1	0
B08GM2QC8D	0
B074CFCGD8	0
B076P5TH8H	0
B008BLZVXQ	0
B017WOZ3JO	0
B07PJL526R	0
B08VHF5RYC	0
B07HCNSZ48	0
B00FLK1XAU	0
B07XFMK5VH	0
B00VE3Y7JW	0
B07M9QNT1Q	0
B01EWA1AAM	0
B00YURVHAQ	0
B00U7F92XY	0
B07N13M32R	0
B00T9DKX5G	0
B00QNW82BS	0
B08466BCWL	0
B01HSI0ILW	0
B009PHQRUQ	0
B07799YTC3	0
B08XZJWGWC	0
B09BZ71ZT5	0
B0762K7LLC	0
B07L4RHNLR	0
B01N6V9G1Y	0
B0040JK2I2	0
B0000V9NBG	0
B07SD9T33K	0
B07VXN5VMW	0
B07Y9PPJ85	0
B01CDF43DY	0
B00ZCFP396	0
B08LP2PGMS	0
B00RKJ2N8G	0
B07P7NYLMQ	0
B092RGW97F	0
B0B561YWG8	0
B079JTKGQY	0
B07G85W8QF	0
B099Y2RNC3	0
B01MXVCYP8	0
B075V2TYNS	0
B08MPSD5FC	0
B00DR2EOIC	0
B086166WVZ	0
B07HLGGLZN	0
B008BHQYO0	0
B087NBPKNG	0
B00YP5FKDS	0
B0C2317X79	1
B07J4ZVLHM	0
B01M0A03GI	0
B00M4QYAYA	0
B091GHYY6N	0
B08HP5DSBQ	0
B00CI4WOMI	0
B01N7I6239	0
B01N5MSE6H	0
B07Q8GJ9BR	0
B00O918MUG	0
B08G3JVQTG	0
B07Z62D7Q2	0
B07QP9ZSMT	0
B01CN683G6	0
B017N3IL2K	0
B07RX33QHY	0
B07THWS734	0
B07536FK7T	0
B000VVTCTI	0
B001XQQXZG	0
B071FDZGBJ	0
B07K7KJ7MT	0
B07WTLT7NR	0
B07DTFTX6M	0
B013SFJIHE	0
B07RC122XL	0
B00R3WPW3S	0
B00LM8K69E	0
B07HKQRJ4W	0
B00VTQG5ZI	0
B078M6RTM3	0
B01L6OUZ4O	0
B01B9R9LVG	0
B074V5LS8R	0
B07GVVT8D7	0
B07NQD7JYK	0
B07SHRLZF6	0
B0C3H4V4XZ	1
B01CGXXBR2	0
B07R52PDPQ	6
B0038MR2F8	0
B072Z81QFT	0
B00M1XVNB4	0
B0B9GN8FLR	0
B00MLXJ9PG	0
B08QVDFVMP	0
B00LFHWETW	0
B00O4D3DKS	0
B085BS1FRM	0
B001VMHUGS	0
B0035K67HM	0
B06XT8FTYB	0
B0B4F9RBCR	4
B016M4ILI0	0
B09PZSDQW7	0
B09RW9YXKS	1
B008NA714W	0
B08DQY8SZH	0
B005DMFQOK	0
B00B5VZA4E	0
B01I5MSFZ6	0
B07JMHXZPX	0
B07RB389QD	0
B0BPC4TQWQ	1
B00N9QC802	0
B0C6542QR2	9
B00C515Y8K	0
B01HZ3ZITM	0
B077J2F445	0
B07PLV49VF	0
B0B4RZNV6N	2
B001PIHGOE	0
B09NPHF9M6	1
B00IEFTXJ2	0
B01LWZ4R3D	0
B07RK5PX1L	0
B0721LDMQZ	0
B01LX8KEXF	0
B01MFBYLCA	0
B00UOPMOH8	0
B081W5W2F6	0
B09Y8K11SF	2
B07GKRFZXY	0
B0936TNFJ9	0
B09CKMYCXZ	0
B00X5KM57I	0
B075C2HPTD	0
B071Z2WX9L	0
B07WD74LHS	0
B01CRYCQAS	0
B07S8W56TC	1
B09XGRBCFT	5
B00H8JHIEC	0
B07ZNJBRFP	0
B004FM021G	0
B07BGVDGT2	0
B08SVN8TS3	0
B091PMSDFF	0
B07C9RVNMJ	0
B00GNJ54M6	0
B0B59LCHB9	1
B079THC4ZQ	1
B07MQR4YWH	0
B07HZLYSWT	0
B0763JNDNQ	0
B084WP5DRY	0
B005Q81P50	0
B0B79ZHL6Q	1
B00E8N9JV6	0
B00P1XSBQQ	0
B07G78TV52	0
B07BWBSKT1	0
B001H3191I	0
B06X9W4NG6	0
B08DR62ZJR	0
B09P5GQ4Z4	2
B079XTBP52	0
B00T6SGRHC	0
B074YB6M6B	0
B07D468R5H	0
B001BL638A	0
B010LRBLIG	0
B07VZM41X6	0
B01B43UP6A	0
B07GTJZ12X	0
B007S018UG	0
B00F4CFO7S	0
B09ZJ5YS7C	0
B099Z587F8	18
B00NY0UA80	0
B001GAORR0	0
B0096EN8XC	0
B088LL5279	0
B0049T48L0	0
B01MQOCL8D	0
B08RNTCWRP	0
B008A0D07W	0
B07B4MWTPJ	0
B00WL1QNB6	0
B01D93MHDM	0
B07P95D5PN	0
B0844Q75VD	0
B07LBWJ337	0
B07DQSWHWN	6
B011DAUKWS	0
B002FOQINM	0
B086H4VLWV	0
B00ZC9W5XY	0
B0921B3195	0
B07CNZT8QH	0
B07H2X4BV6	0
B07BNCQ363	0
B08RDYLGD7	0
B007PWZ6EQ	0
B074N1HDS7	0
B07YY85FW3	0
B00BGCNWTW	0
B07ZHCJDYH	0
B002APVHB4	0
B01DUQUV54	0
B08L7XLPCQ	0
B074Z7XVQZ	0
B09K2Y1WTC	0
B07QTX3DRC	0
B072N3RKRP	0
B09P85PQDS	0
B08741XQ8Z	0
B08NPT3J6M	0
B07L91HB2B	0
B0BXSGJBTX	3
B012HPS3Q8	0
B00ERCBYEI	0
B07ZL3Z33J	0
B08P2N5PKL	0
B087KZN2CN	0
B07NQHWGYF	0
B07QVXCYQZ	0
B00KG0NUOM	0
B014ZI0H0U	0
B09WYN6C9S	0
B087WKQJ5V	0
B004K14PN8	0
B07L5ZNZ9X	0
B09127K3W8	0
B019QFFV26	0
B006XGIYWQ	0
B08CXPDWTK	0
B08CQSCRH2	0
B01J5RRQJG	3
B07KXN1KKR	0
B01ACC8ZHA	0
B07CHCTSY7	0
B07DRMBMJH	0
B07Y5V2R53	0
B07YJCRCW4	0
B09BQS67GZ	0
B01MT3FSJ3	0
B07RW1TXG6	0
B095PZRL8T	0
B08D8ZGLRP	0
B07V9Y7T4K	0
B07C1Q2B7G	0
B07QV2TSRC	0
B002ECFPYS	0
B08NTB1TRB	0
B08FSTW789	1
B07W6NH96R	0
B07L94CQ38	0
B00G6CNFZ8	0
B07T3YRXRC	0
B08TMNWR38	1
B01MRT58KM	0
B0BRN9DCXQ	0
B000J3H5UG	0
B085LBM76Z	0
B00LWARW9E	0
B00WGA40HG	0
B017D69TI2	0
B018493WCQ	0
B0BZKW5SJZ	0
B076TG71FF	0
B08CBQHP7S	0
B09KGDR3KB	0
B0098IBK0E	0
B0919Y37TR	0
B07ZQNQMGV	0
B00QFM963Y	0
B07ZLZ15Y8	0
B09YZCXW8T	1
B08D69H47J	0
B01DDEL6XE	0
B01JAJ1QI6	0
B0027O9SLY	0
B00DDY1WA2	0
B07NH3RR5H	0
B07M5WRR3C	0
B0071PF4WG	0
B072WDHXJ8	0
B0B5HPJHSH	1
B09BLB1P4Q	0
B0B3GVPFZG	3
B07CKSLR1R	0
B00IT1TILO	0
B0972C3MHZ	0
B00BMHTJY8	0
B00BJCA9VI	0
B01N4BN77E	0
B0819JM12X	0
B07221948W	0
B07D95WTC9	0
B004HZ2EV2	0
B0841DK2H6	0
B072BWBS62	0
B07T3S6WLR	0
B00S5FNZOK	0
B07NNZBNYZ	0
B00QFVGYEY	0
B01E9XFVXE	0
B0B8CY5YW4	1
B072N86ZGW	3
B004N43DM6	0
B0182OKCD0	0
B098GXBCTG	0
B00HF17XUC	0
B016MLVOIC	0
B00LMQE5KM	0
B07V1VPHXY	0
B07TTR77FF	0
B004KQ4FJC	0
B087BK77JL	1
B09NQRPVCF	0
B0825BP6MZ	0
B018VNIIC4	0
B08JDBY7RN	0
B008KWRQ48	0
B09S3Q53F2	2
B01CKX5H2U	0
B08L38XJCB	0
B08MZ1TJS8	0
B09BZ3KJKK	1
B00MF9K7W0	0
B08Y6BDWM1	0
B00OCPRDQI	0
B08CL1VBB2	0
B086GT6CJ9	0
B07Q5SNZ2Z	15
B07PK4GXB8	0
B00C6ETV5I	0
B005192YNQ	0
B00QYZY2AE	0
B08DXP6149	0
B00DNNQ7FS	0
B00CX9U132	0
B07XVPMQHQ	0
B072F3H46K	0
B00J825T2K	0
B07G54CXY9	0
B00EQ6POH8	0
B08N6GZ6FV	3
B07QSJRGXQ	0
B01CZ4TD2O	0
B07YBKDDXW	0
B004BCY67Q	0
B07PWKD94Y	0
B07Q451CJ2	1
B08MW647ZP	8
B08P7G15VB	0
B01MQGKICC	0
B016BKP4IK	0
B0BD1CFFKM	2
B08L4QGW5S	0
B0052T0SGK	0
B07PV3ZHJ4	0
B086LK3C59	0
B00HWRR8EK	0
B07KZ9V2GX	0
B007T7ZE8K	0
B00SUWZ30C	0
B07QXH5F9P	0
B007RD9FYK	1
B07PZDX2TR	0
B071JP8GR9	0
B08H1RC3Q7	0
B092QQ8Y27	0
B08KZD4Z2N	0
B0199GUWQW	0
B01N4NA6HO	0
B00DDO844O	0
B09BYRRBQ8	0
B01KRCYXBW	0
B0059HLWTW	0
B07M7PLQ68	0
B07BCBTLXH	0
B072NCCT33	0
B00ARIWLYI	0
B083CVSBH7	0
B00SSJSAU2	0
B00C22OUBY	0
B01HZE8HD0	0
B01CUS7BRO	0
B00E4ROSYE	0
B07DCR2MLT	0
B08D94HC42	0
B09FKVZGP1	1
B00G5IU7U4	0
B077W4H2PH	0
B08CTHJS1K	2
B07HSQPSGY	0
B06XSQMP11	0
B01N6XZC5R	0
B073XD84BN	0
B0BNKF15N6	2
B08B1QZ7Q9	0
B072WJ4JRF	0
B07JX55NTV	0
B01IMGDI8E	0
B071JZWSL6	0
B075CD2L1J	0
B00FGUIGSM	0
B06Y1SDSLV	0
B008OMGP8W	0
B01J91H3JG	0
B07H49YPK3	0
B076BTWX2Q	0
B0007Q7I02	0
B07S1N6PR1	0
B07SZ3MMD3	2
B01EZ3VGJ6	0
B01EI7RJQI	0
B00KR6LG0K	0
B08P484ZV8	0
B07KN1N981	0
B0776QBD21	0
B01N5KVT5R	0
B003GQRZE4	0
B073J85CHS	0
B074Q2T28R	0
B075QNBKWF	0
B089K34MPZ	0
B08GHZ3MSX	0
B086JTWP2K	0
B06W521V4S	0
B00566NGL8	0
B01MSQS21L	0
B071JQCRMJ	0
B004JKYMV0	0
B00HFF6KZM	0
B07XXPZ6KP	0
B0BXX55LLW	0
B07SRDPL9M	0
B00K87IORG	0
B07GS193BM	0
B087NK71HH	0
B07D1KRYQ5	0
B00L2TE0DG	0
B00EVYB4JC	0
B07MKQ5637	0
B00WQXFTP0	0
B07S8828GL	0
B08NXDW2BT	0
B095CG9X17	0
B07VBKWPFP	0
B08BZSBYLL	0
B00ZKVQ346	0
B00BCO8QCM	0
B09L1684P6	0
B015LYFL44	0
B00DIBMUD8	0
B073S8Z8BC	0
B07QJ8RB1V	0
B00FEL39E4	0
B08CDKZJSK	0
B01NAV6E41	0
B089GLCK6H	0
B07L2YXKV7	0
B08ZSZ1FY2	0
B08KP3CM45	4
B07BTMRHNT	0
B07F25XB32	0
B01GU1E8XM	0
B0196PONNY	0
B08CXKVB19	0
B00XF6IY04	0
B079DF1ZJN	0
B09K7D4DLJ	1
B09J15DLV5	1
B00V3C0ZCM	0
B083ZL4VVK	0
B083FZZQ23	0
B013HDQQPO	0
B08YNWK2VP	0
B00I5RN73M	0
B011DLKJSW	0
B07SQ26KF6	0
B00AI6VKLE	0
B073HYLBL5	0
B01NAD5BAV	0
B00APLPWFC	0
B00GM7F8OS	0
B00703COGS	0
B07VQZCD6W	0
B01MTBFIV1	0
B00GUTE1K0	0
B0893W6TKB	0
B079JFMZ18	0
B00A0C478O	0
B015HJOOZU	0
B00HSHPG8O	0
B077MC2X2F	0
B00V608A1O	0
B07DMHCX74	0
B013XJLR42	0
B0792QYXCX	0
B0BHZLYX8P	4
B00PH4WRGE	0
B07CLFV4CV	4
B00NYYAYB4	0
B09F2KFNQZ	0
B015S135FC	0
B09V2L6Y6H	1
B07MX7MCZL	0
B07DHN2Y7T	0
B0969MTD3K	0
B00PDFFA8O	0
B07VHSB8G8	0
B07T7D29VW	0
B071S7YXWS	0
B00G2JDLWM	0
B071RKMFVS	0
B0751BGFH8	0
B07GC588XK	0
B088DF8BPZ	0
B087939P38	0
B0C2ZF7J11	21
B0779HTH75	0
B084GXN44Z	0
B07D1ZQTFX	1
B09L88P7VT	4
B00X0W8QA6	0
B07Q4KG35N	0
B081NMDWVV	0
B0757MMXFB	0
B085FQPRF7	0
B06XYW868Y	0
B07P1D82DQ	0
B015HQH8II	0
B018HTS99Y	0
B08GKDZN24	0
B089C5755M	0
B073GXGZC3	0
B00B7AZV4C	0
B01GGUDK7M	0
B073J2N47D	0
B07M7CQVKG	0
B00B64HYR6	0
B07LBTT61J	0
B00V2NHMIW	0
B07M8FVQX1	0
B074BBXY2P	0
B07N49T8HH	0
B0025XZ4G0	0
B0BVBYPLW1	2
B01N7SWSIT	0
B01CFJH27W	0
B074PPK744	0
B0BQW5V4JB	5
B0196CCF46	0
B07VKN643W	0
B0BFCM1PF6	1
B073XGP5RT	0
B00XMMHPPQ	0
B07FLH4G9L	0
B00S2PYDZI	0
B082NRSLD9	0
B01EX3P4T6	0
B09LFLLPVL	1
B017SBK8A0	0
B01N7TTU8C	0
B088QZTW4D	0
B07LCLCXPG	0
B005UVVCYM	0
B01C7ZLWBQ	0
B01M2YUX3N	0
B08FRQWP7G	1
B01CDPDKEM	0
B00OZIGHKA	0
B09D3CJWLZ	0
B07XGN5PJ8	0
B06X9M551G	0
B007PT1BGQ	0
B0032UYDLC	0
B0856S5Z3Y	0
B07Y19YW56	0
B07N5L585Z	0
B018TQCCVG	0
B07VTKFPX5	0
B00WO60W1K	0
B00YM2X2AW	0
B0797XJ582	0
B09472W3YZ	0
B002YRJ4XG	0
B01HOQZ1YC	0
B0002Z7M40	0
B01KZBK1LQ	0
B09PC2R4KH	14
B07NQGF1W4	0
B08FR3P7JM	8
B00M44DYKI	0
B098NBNDT1	1
B0177T2LV2	0
B01CSG5BP2	0
B086ZG8VDY	0
B00MMU0F7O	0
B07VL4MQX9	0
B013TVNRH4	0
B07X6T2HHF	1
B07THQJ9YD	0
B09G4PLMM8	0
B00DOG0X8G	0
B078H4173W	2
B07QTKBDFM	0
B0B1WSCQF5	3
B07HNW2TDF	0
B09RQMQGKT	7
B01MG8PGH4	0
B00QJ120EI	0
B01CM1K5ZO	0
B07C11NGRT	0
B00OLOLWEY	0
B0744ZPSW6	0
B06XRM9VCB	0
B01MXLDV6X	0
B00U7ZTYWS	0
B09C42HWF6	1
B08R5XSWDV	0
B09NFDD3GR	0
B01FLOU1NA	0
B012ALEXGS	0
B07QQ8RZTN	0
B07C7LRTWG	0
B00KN1OS3G	0
B00CYF7CY6	0
B07VPTKW24	0
B09VLB9JFR	1
B06XT5JG7X	0
B00ERX30U8	0
B07YD1DLMY	0
B00CZ7ECLO	0
B07WZVQWLF	0
B076V36HWF	0
B01K29O6TO	0
B01DE64CW8	0
B00KACJ158	0
B0147VVO5M	0
B097YRNH1K	0
B00SBEOLHU	0
B0BN36K156	0
B00591MBXY	0
B00LAVGOQW	0
B07BSFXRS2	2
B0C8CHHHQ9	0
B06XKWVS3W	0
B07D6MBRZN	0
B075RR2467	0
B07FFNXZKJ	0
B006R52W4Y	0
B000EJPOLM	0
B08DXDM4VF	0
B074H1HJV5	0
B08K2GR48K	0
B07CBZMC9J	0
B09FQ24VCK	0
B00BZ5Q7YM	0
B0058XRN1S	0
B07111P7Q7	0
B00MO2R9XI	0
B0C1CC4TL5	0
B005XOLJ26	0
B00MAPJOR8	0
B0B8YW7XN1	9
B00LV53LY0	0
B01N4AS5KL	0
B07PML2B1B	1
B09BZPRJTQ	0
B00WATNJ48	0
B07SZJQ93T	0
B07MH66QM9	0
B07VXMFLD4	0
B088H3MH35	0
B005OOR7WQ	0
B0BHM87MTM	1
B00LXRX2XG	0
B07N85V7YS	1
B004JN05Q8	0
B08LTP8GD3	0
B07QMK346S	0
B008DCPTLW	0
B0041CRUHO	0
B083FFZNLD	0
B07DJY3N6T	0
B07XVQ22Q9	0
B09LD5NFTB	0
B004R1QL9W	0
B07DNY78TW	0
B08L5XP1H9	0
B01G92PR4Q	0
B016L1YB3I	0
B00NCJG1X6	0
B0034G6BD2	0
B06XHCN2LL	0
B01MA27W4M	0
B07X2DQKTZ	0
B07TP4LY67	0
B00YWEYUMO	0
B08BJ1D38X	0
B0B5G5GZ5Y	3
B07GTDF35Q	0
B0BZRCYNCG	0
B0B3CK9NW6	32
B0B5V7NRJ6	1
B07S46HD7H	0
B00EZ8CR7M	0
B008G3BOSU	0
B01GOJ9GM8	0
B00VJ8HO88	0
B0083HSZ4A	0
B0BDFC2S56	1
B07Z4KTR77	0
B071Y4LB4F	0
B0B22WDKHH	2
B00DR05848	0
B07DJZ5XR4	0
B01DZ1MECW	0
B07JX7J8KS	0
B08L6HFRY9	0
B07T5BKF9S	0
B00H51EY1I	0
B06XSYLFMV	0
B07XHR7TX4	0
B01BIC61OM	0
B09HDNTT4X	14
B0725NXT95	0
B008B18GTC	0
B078XLVLB3	0
B0749THRFG	0
B01EL4J3NK	0
B08LDZB4PS	0
B08PPJB74Z	0
B005KLD786	0
B001FEH02Q	0
B07X2K1X2L	0
B07WSKMHGV	0
B095SVPHM6	0
B096VL3VG2	0
B07D36TWCS	0
B00TJ5VQHS	0
B07DGYP2LM	0
B07TNHHBVW	0
B086VCF15X	0
B06ZZWW4KN	0
B07MM2YRJ2	0
B06XTGJNJK	0
B077YXM9RZ	0
B00RDWZ2LU	0
B000HVY0A8	0
B087ZN32SR	4
B07ZNDHLC9	0
B0184VVUGY	0
B08RX8NTRJ	0
B08GHXMZJ5	0
B072FPBJYC	0
B07KYGC3DP	0
B0772LZW7T	0
B092D2Z2ZY	0
B017RSLFG0	0
B07MXXPN4Y	0
B07YX92G5H	0
B08MWHKF88	0
B01075OXKA	0
B07V1LXPZ9	0
B01HBPZLUU	0
B09M1MHHHD	5
B00L2OZYWW	0
B07CN1YZFF	0
B0B9Y14CX5	1
B01D96VMGW	0
B07QJ9HZN5	0
B01HP2YXDA	0
B00DNB4MQ6	0
B0924TWWH2	0
B06Y5FZXRT	0
B009QVWQO2	0
B07JVPCCYT	0
B00K6QWIIK	0
B0971JF9BH	14
B0CKNHD5BW	0
B009L7HYYI	0
B009UPY0A2	0
B09PYJ5KNM	0
B00DOEE0YQ	0
B01578YEB0	0
B01I5V8VUQ	0
B08F2ZWF3Z	0
B07MTH4LNG	8
B0793LPS1C	0
B08SS3Y79W	39
B002K6067E	0
B00XBYIXTW	0
B00H853N7W	0
B002WM7FF2	0
B08GS2TN8X	0
B08HHGR2YD	0
B08ZMXR9W1	0
B077TMPTJZ	0
B09Z7DBCKQ	1
B00GGNQEKU	0
B089NY2CJ5	0
B008RCQR1E	0
B06Y1S3KM2	0
B0796RNCXY	0
B01CZNH8K4	0
B07GX3DMJZ	0
B07QLT62TW	0
B01K6LTX3M	0
B08ND9JTKJ	0
B00DF23IF4	0
B07XCWRCLD	0
B0BSFGB48M	0
B0BL2Y51DS	0
B004261N8G	0
B0BJBG6YZX	2
B00XC1KFL8	0
B00IXXGU5A	0
B0C4F573GL	1
B01B4Q37HG	0
B07B6F6PZK	0
B0C7DRZX7S	0
B0844TZ4C9	1
B0BQGSPGWJ	2
B07T3QYTT7	0
B0BY8V8811	1
B07V8M6GQ4	0
B06ZZNRWF1	11
B00KYXRGB4	0
B09HN77X34	1
B06Y1QFFP4	0
B0BB63KKVV	0
B01M05P9T1	0
B07HKNZ7S9	0
B00MLPDFL8	0
B00XUTI4WY	0
B000O6KL0E	0
B08QKPBT89	0
B09BC1RHZV	1
B07FCN7FG7	0
B075M3NHQH	0
B00L58XJVS	0
B08573X2SP	0
B09R7J2H7H	1
B00U6OP730	0
B07DSF5K8B	0
B006SVLS0G	0
B08SM97H58	0
B00A8ATKD0	0
B015OBNK3S	0
B08FYN6CBS	0
B018L96ESI	0
B01MSZLUK6	0
B01IVXMAXM	0
B09B1BKQZC	0
B004DFA34G	0
B003FLL1RM	0
B01N7DJXK1	0
B015QHJQ5G	0
B08Z3P385Q	0
B07XBHN3CL	0
B08CJHRGXN	0
B00DOWN1YS	0
B07XKRYNPJ	0
B0811LN4CG	0
B00JJQ89MW	0
B07D7G7YSG	0
B0BHW4TC5G	1
B075NXQL2X	0
B07SP6X1L5	0
B079TFXBTQ	0
B00DSZZ2NO	0
B09F6MSNQB	1
B000NJFT5O	0
B01J775PGK	0
B094BGFS5R	0
B00UPXZU8O	0
B00913CJEW	0
B07MXL8NB5	0
B08PBXYXRX	0
B008F8EXWK	0
B07NSYRZD4	0
B076JC8QXZ	0
B07TNPT2JG	0
B0006UD8GC	0
B003F24B0A	0
B0116E8VCC	0
B07M9SSTM6	0
B00U1U4LIG	0
B00ZPV30EW	0
B07PXWVT9T	0
B00MN8LBFK	0
B00SLW53YC	0
B08D9RP75T	0
B07H9Y6D57	0
B0BMG9MBCB	1
B07C91Z2LP	0
B07XDK92F2	0
B08SLWFJ9Q	0
B07PHJY5MZ	0
B07GK92LZQ	0
B0BZNG28LF	15
B00PJILPSE	0
B07DV1D9TR	0
B06XFVFC7W	0
B09L1K3BJT	0
B0BJQDX267	1
B00EALX4LC	0
B0B3DRGTKX	4
B01FUZEDJS	0
B07QZKQSBK	0
B07H7L8R92	0
B07DP4YW96	0
B09Y5JPKJR	1
B07YCQ6W2X	2
B01D4YNYOC	0
B014EC1274	0
B00A5JXQHA	0
B08HQM9BLP	1
B08D6RQN6K	0
B08SBZRRBY	0
B08BZJZ6KQ	0
B07KPW6J5R	0
B0B6WH1GTY	2
B015QZ3CPI	0
B004MC9DJ6	0
B07254FPVB	0
B07F7F2W2V	0
B006W71522	0
B08PC8XMVZ	0
B081BSBGTH	0
B0719BVWB2	0
B00N5TJ4B4	0
B084P5KDM4	0
B002RN8VMM	0
B09BHWPDRF	0
B07PX1QC5S	0
B078X4W117	0
B006WCN6QK	0
B01KGKK7JC	0
B07HN3GBGV	0
B09GMC2VYZ	0
B007FR78D8	0
B01LXPD7ZZ	0
B074W1QQP9	0
B0773LC3FW	0
B0762MHVJY	0
B007VBY9JY	0
B07NBTTBJY	8
B0010ZMXWM	0
B07L7C3BNR	0
B01E283N5O	0
B09NY4S7FS	5
B09N6S7NV8	10
B0995HJKRX	0
B00768GSV4	0
B00BUZ10U8	0
B01JTJ92VK	0
B091BLRBX5	0
B07J4N963Y	0
B01A96RAGG	0
B00CSRVSM2	0
B08MPLYKGZ	0
B0093U9EIW	0
B07VJDW5QL	0
B00M9Y74XG	0
B06Y4792RC	0
B014E11L3K	0
B003KK6HLS	0
B071NJ2X19	0
B00MQAXU9U	0
B01GRVO3V2	0
B094GG2K6N	0
B01N6B3A67	0
B071JQY33S	2
B08JCTVFDN	0
B08V8M3WV6	0
B09Q7GCPH6	1
B07CZRVDWQ	0
B004TVLIYS	0
B0041SF3P4	0
B0BG372Q1F	2
B007D65C84	0
B00H2VBP4K	0
B08LVN6ZP3	0
B01CB6BVTY	0
B07561K3NN	0
B00DPGRQ3K	0
B09HCBF2VZ	0
B013SIYKY2	0
B07HJ4H4LN	0
B073PHNDQN	0
B075ZYKW35	0
B07KJKBW1S	0
B01KC4WMA4	0
B00K16ADK0	0
B00J3DG748	0
B00VMNK08Q	0
B00UNV09Z2	0
B07G9YFDHL	0
B0C32QMZ6V	0
B07H7D1MYQ	0
B07QKX9G2S	0
B07C2SX3Z8	0
B07QS6GYN6	0
B0B6964PXF	0
B088FN8PC7	0
B0029ZAQ8A	0
B01MY32VM7	0
B010FCAXF4	0
B07YDY6SSP	0
B07R6S9MV9	2
B00K8DB9I6	0
B074P6NVNH	0
B093GK6RG9	0
B07895D8RR	0
B086WJB462	1
B00H9FAT9Q	0
B00MPR8UBM	0
B01HGGKX98	0
B07K6MV2DN	0
B00T70YF6E	0
B014WDFDRU	0
B0104HV502	0
B0747F86N7	0
B004RHP3NQ	0
B003VR4XNO	0
B000FEFW3G	0
B00HQW7SAA	0
B00G3DEG2G	0
B07HJBMVHY	0
B018WCVJCA	0
B00JYKRB68	0
B07C7GQZMK	0
B08T5ZM554	0
B07JR4GBK3	0
B09GLJJ5YB	0
B00JKSN60Y	0
B08YNBHSCH	0
B01LXU7A2B	0
B003KTM7VI	0
B06ZXT5GZ1	0
B00O19RE4Q	0
B00ALR48DM	0
B00EZ54HOG	0
B00T3J08WY	0
B08LK8SSQ8	0
B01NAJQZ08	0
B01C3ACCX2	0
B07QWXHNHN	0
B00972KTUI	0
B09CD68H2K	2
B09J172NP6	0
B00JUIUXZK	0
B08LTHRTH6	0
B07DL69XNP	0
B000P0TOBQ	0
B0B2F2HDGZ	0
B003UHUS0C	0
B09SD2YH52	1
B096BBQDC2	0
B06XD4FJ8L	0
B07WWL5HK1	0
B00KWKFUV2	0
B01N9HMJYC	0
B07BGRJ24X	0
B08HDGRVQN	0
B07TT5QZM8	0
B0014XNWCA	0
B07621Q2HP	0
B09J23YJ8N	0
B07LD9FJML	0
B0028N6QRI	0
B08VWX6GLW	0
B00L6C949E	0
B00B03DURG	0
B082JTGJN3	0
B07VBMSKXR	0
B07CRBKCSP	0
B07BST51FS	0
B07DXM2VWR	0
B07K2Q1N4B	0
B08Q473BW5	0
B00266QATQ	0
B095LVMPRZ	0
B09ZK3C7F7	1
B09MBD5PWX	0
B07STZ3DXJ	0
B01GUBAXWW	0
B07P9S6DF9	0
B0773JR1FS	0
B0CGV2J7F1	0
B07KK3691G	0
B00U6PDF4C	0
B0756KLJ66	0
B07SMSRQT1	0
B098NCM741	0
B0B38XPF1W	0
B07BKZMLW1	0
B07WV9VWDL	0
B07DR2D5VD	0
B00UM2SW0Q	0
B011ZCG9SI	0
B076HPXTKG	0
B07PNKQX76	0
B07466MSTP	0
B07CQS7Z7H	0
B01M1UPHYK	0
B00I3GZZ5S	0
B00386Q14W	0
B07TZL943C	0
B00KX3OMHQ	0
B07PKPHF95	0
B006O4149W	0
B08HGMJNL7	0
B07RCW6QD9	0
B01M8PIDGE	0
B0BRHV72FM	0
B0744KDGRC	0
B06XZ1GNZR	0
B08DHF3KMD	3
B06WWN5P88	0
B07VDJ7Y1Y	0
B0140NWUGE	0
B0048A7NF8	0
B00ZSISV1E	0
B015HN1TEK	0
B00U23O4UC	2
B0048H80MQ	0
B07433ZS5K	0
B00ALYEJCA	0
B07JQT1K7V	0
B017HIUX3G	0
B08T6L5P17	0
B01DVBBZNA	0
B003EED8CQ	0
B01D04G0E2	0
B09NLVTC6Y	0
B075PXCTHV	0
B0882LSYMV	1
B0819RCHL5	0
B005DXQ54O	0
B07K6K59NC	0
B00563CWPM	0
B074M1SQHG	0
B0BVZCXYPS	2
B08BXK4WNX	0
B08FZZDMM6	7
B08FYF6V5S	0
B07FTC57LS	0
B0785HL8Z7	0
B00C0COOU8	0
B00CR1OBRS	0
B000KPP3BQ	0
B00CF0XI20	0
B00IZLYATS	0
B017WWHGO6	0
B00H9AVWM4	0
B00FMTK4AU	0
B083YZDXNC	0
B09NBN68DD	0
B00CPWN3QO	0
B09Y8TL49Y	0
B00K5KSNGS	0
B01IIYMV1A	0
B000HAOSGA	0
B091KX3PWR	2
B0060U2M0K	0
B06WP4B42T	0
B0976S67QR	0
B012BLXMPK	0
B07NQF3VXC	0
B07J4Y88L4	0
B09G9BWF7K	0
B07JHSTLRD	0
B00F687COS	0
B01CDOYGJ6	0
B0159419L0	0
B00EZJ6JIY	0
B07B9VBTRK	0
B0B5L215DZ	2
B08Y7SVJNP	0
B00KY02EVY	0
B00J00RXU6	0
B00FY2RQTC	0
B09FFS379F	1
B07MWZMNP4	0
B00E7RLTZM	0
B098M5CW2F	0
B003L77IYA	0
B09P2CBBTW	1
B07QK7L9K8	0
B077SX47WD	0
B09B6RK6FH	0
B08C51YRJW	0
B013F9J64S	0
B0C85MSQ37	0
B0132L6P02	0
B06XYWNYV3	0
B00OI2GR2Q	0
B0B1MQVZYD	4
B00L4KPUSW	0
B00OUTGAIS	0
B06WRPBZWD	0
B07DGP83YM	0
B07GX3FGB6	0
B01E0CPYXQ	0
B083461V6D	0
B01N131NWT	0
B073T69NPK	0
B005I3TP78	0
B00H8YODVI	0
B0101HHIU6	0
B01N5JI9UE	0
B09KMNWJT9	46
B00VLWEZRK	0
B07RZ5F3GS	0
B00E4YY8O2	0
B014P3IXQ0	0
B017ZDZ1K8	1
B07QM4ZMQ5	0
B0777NWW68	0
B07P18FH38	0
B0BFFV2WW3	2
B007N6L0FS	0
B07Z4R2XNT	0
B09F6N8648	0
B08RDGX7VW	0
B004EU63DU	0
B00PBFPAMM	0
B07JHFDM4Z	0
B01M0AVSZ5	0
B07XXMJ4JV	0
B007KD3ONA	0
B06WD72CGP	0
B002NPNETO	0
B00BQX0OGU	0
B0796PD5MB	0
B01FL4LRD8	0
B06XS4MKV2	0
B071P5SP48	0
B009RNDICI	0
B0936VMYV9	1
B0957VXH2Y	1
B008K3DSV2	0
B07T712VTN	0
B00AJNGOFI	0
B00GV4B2P6	0
B01HFVUFOM	0
B0BG1TDG31	1
B01MR1C9O2	0
B07FXJ3H9M	0
B0074NAPLU	0
B086BDFMCQ	0
B0775NBCCC	0
B00IWDCD8Y	0
B08Q1VLJKF	1
B07TTDNVN5	0
B082FHTMJH	0
B07H292M9J	0
B00DXN1EBK	0
B08T8B8NZH	0
B076V7NKJ3	0
B07Z3BSP1Z	0
B01010XX0M	0
B0BZ3SGKRL	0
B01K8SEJ5U	0
B01IGF0HO4	0
B08RMRRSC8	0
B072MYQBND	0
B07CJP4Y35	0
B07VJK8FTY	0
B07VWCCWKV	0
B01E5YC7XO	0
B073ZBG4DV	0
B006HGFMCW	0
B07NVVVVS6	0
B007QXRATI	0
B08CSSVZQ5	0
B07C7X553L	0
B01AP3EAA2	0
B00MHPA1HS	0
B00ZR4ZHUW	0
B07H65V5V6	0
B08DF6MHPH	0
B00A8FWWQC	0
B08359C12J	0
B00DPDONTI	0
B09JX17DKG	1
B098NCKV8K	0
B08QVDY13N	0
B000LZB9LI	0
B08MW6RCS6	0
B088LLRD1B	0
B095BR27R2	0
B07KWV69NZ	0
B077DD5WQT	0
B01531DTSU	0
B08PFMQHGC	0
B07FB4LSXD	0
B00284ADC6	0
B07DJQ1W7R	0
B07N187D49	0
B00MRQWSWI	0
B06XFVLQPN	0
B08SQT4Z9P	0
B00L83LZ0W	0
B0073D4YAO	0
B019Y7CYYE	0
B08C7L8Z6D	0
B074DNCBY2	0
B07CZHP5HS	0
B07MZXNMJ1	0
B07PB78J95	0
B09VNR48BM	0
B01AWPPLYC	0
B08TLK21W9	0
B07QLX27NG	1
B08P7Q6L6V	0
B00FKVRZBG	0
B08N5QF6NB	0
B0BLK5WRHB	0
B00IGAYJDK	0
B00AMLG4BQ	0
B008MC047W	0
B01FVTISFS	0
B018S7ZDOO	0
B07PBFDVLS	0
B00FIXRFS4	0
B082LX5DRX	0
B0BRSMG8G6	1
B085R9SPXG	0
B07NP8LQM1	4
B00G04IZSY	0
B00AJCNN8U	0
B09BJ63YJY	0
B07D4DD3KK	0
B08XW6S5LB	0
B010F03FO2	0
B00598IXYI	0
B086SHWLR5	0
B08G1DFWP4	0
B014EC5YJ6	0
B011HT67BS	0
B07X64PVHF	0
B016J2B6NC	0
B078HMFYXQ	0
B06ZY9YVND	0
B01MZFWVMW	0
B07RHLZ6TV	0
B07YJMHDJQ	0
B00KF8W3UW	0
B079T8TFTP	0
B01NCIKVD1	0
B07SRT6TG6	0
B075795KN7	0
B0BRBHGN8H	6
B008385JR0	0
B00TH2I36K	0
B00LBZWCKY	0
B09M8828CN	1
B0BMFNVFVZ	0
B08PBRG7FY	0
B08JGCTN5P	0
B0747LBSQK	0
B07BL56MCJ	11
B00GU7BMIQ	0
B010D5SEPE	0
B08YQN9442	0
B0991QQ972	0
B00PCZ3OO2	0
B00E1JRJIC	0
B083WGBK79	0
B073RDL563	0
B07B48C9SV	0
B00WRC1R7Y	0
B08TLVZXKL	0
B098L5YJSV	0
B07FNF1X9V	0
B07CYNQZ3Z	0
B006XEYLAC	0
B075MVQZLV	0
B008GWVXIC	0
B01B3N1VHS	0
B09TVP4TL9	0
B07TQ7DLLJ	0
B0B9BGSVGW	1
B00MQAV36W	0
B00TGWPFQM	0
B07N5BW9D8	0
B087C5WYPK	0
B0162BQPRM	0
B0BQV38KG7	0
B0BHKVKJ9N	4
B07T9FWJW2	0
B06XB2FJX2	0
B09MZ8NT8X	0
B08YMVQGJ9	2
B01N7AS4BX	0
B09LMS8P77	1
B011F4TQCC	0
B00B81I65G	0
B07MCGF56Y	0
B01LYE8T5D	0
B01CVGC6BG	0
B00LSCI9FC	0
B09JJZD6L6	0
B0C6M2CX25	3
B004D86PNQ	0
B00LM8PDZG	0
B086SKM1R9	0
B00Y1SSTAU	0
B08ZJTRRR9	1
B093CNNQ45	0
B00U0GOPT6	0
B0786RH3ZN	0
B001BO3HQ8	0
B01NGUGXQO	0
B07B7R8MQZ	0
B008S2KJXU	0
B083FP4CDB	0
B00R54Q49U	0
B09QMHWP22	0
B07VX39YDB	0
B00LADMFTA	0
B075Q3R29W	0
B07194XJ5F	0
B01N9AYSMY	0
B00CIX076O	0
B00D38Y6JW	1
B00PZCH8GW	0
B06XGN6X42	0
B00IJQJZYE	0
B07VC3VR86	0
B07W78HJ8D	0
B01MQIO8HA	0
B078K4QKN9	0
B00S1QA4CO	0
B097S4QC8Y	1
B003VR6Z26	0
B00OCI1YC4	0
B07GWQW6V9	0
B00I8YGK2C	0
B00AHARFQ0	0
B01M0FYQXI	0
B00HNG7SJK	0
B07654QV8W	0
B07D9JP176	0
B00BB9WK5C	0
B00QPO13HO	0
B095LFMFTD	1
B01KHYG5WU	0
B078GQRL29	0
B0040QD06G	0
B01LWLUTMP	0
B0083EEFD8	0
B00JSOGCKQ	0
B075ZQTV39	0
B074GZZ48D	0
B07ST7PWPN	0
B0153OT81E	0
B00HMHMFU2	0
B00OPHVFN0	0
B07C7H2V3T	0
B08K8V3GXW	0
B08NJ9D2Y9	0
B09ZJ1FC6T	0
B07DJ71MBS	0
B07DVVZ13Y	0
B01MYU03KY	0
B001TOVUEG	0
B000144AA6	2
B00R7CYAQ4	0
B00O2PVSBE	0
B075FV5H24	8
B0754VYMBC	0
B0089N5JMO	0
B004JOUCRE	0
B00E667ETE	0
B00MJDDTQS	0
B00QSWMPOI	0
B00UHF6T3K	0
B017HTDX3W	0
B0B6NZY482	1
B073RVRVRY	0
B0773CXWKM	0
B0827Q3JQ3	0
B0B5H3GDPY	0
B08T7CZC82	0
B0176YUJ1M	0
B00533A4YQ	0
B07D1CVBKK	0
B07RX54KLS	0
B07BKM1Y8T	0
B00ATNEN24	0
B016Z642TW	0
B089GVBGHZ	8
B0BKKL3ZQ3	5
B076HT2PGZ	0
B09HY99FB6	7
B08DCGXDBD	1
B07TZPFQ9N	0
B07JX7RGNZ	0
B0093KJ41Y	0
B009T0FZ0W	0
B09DK5FGSH	1
B07XC37LYN	0
B076HBNXZD	0
B0B5GMYD7Q	2
B075HC31SF	0
B01N4EN6KD	0
B00JQL1RV0	0
B07MNF68KH	0
B01FNVH9V8	0
B0CC9CW1YP	1
B0063M72G4	0
B07CQZTK6T	0
B00HZV58YU	0
B07DW9G4HQ	0
B07L4YM2GT	0
B072VW7WJQ	0
B08SVW342Z	0
B00GGHD1JS	0
B0184FOWCO	0
B094N2T14H	0
B07CGK8C62	0
B0B536XXXP	1
B076L75MV8	0
B074DRKGD7	0
B07HB3VJJR	0
B07V6ZJMCQ	0
B004DEPVF8	0
B00MBE3WB2	0
B07QYQ67FD	0
B01D0D0VBQ	0
B08K77RC7Y	0
B00DSN9K5M	0
B07Q9Z7CWR	0
B01H7N76MM	0
B006WBLD6G	0
B00HD67OQ2	0
B018KKT30Y	0
B0716L35RD	0
B008OYIY3O	0
B08CRTLW29	1
B01IALFEJW	0
B0758SP79D	0
B07QGB68S5	3
B0091HRQSC	0
B08Y7RPPZH	0
B00IEYZ4RS	0
B08TZWDVGP	0
B00IB2ZID8	0
B015NDAM1K	0
B001H0F2A0	0
B08K3RWBS9	1
B0BS4DZGT7	1
B015Q3T3KS	0
B00JU8W1UK	0
B0BFB98BJN	92
B00B2O17OQ	0
B0C68QNSV3	0
B073WQYHTF	0
B081V7ZBPT	1
B01LW386CY	0
B003UF5OX0	0
B07WWQ1YKP	0
B000FXYN2S	0
B0129REDZO	0
B00U19R3BE	0
B06WRQ12JZ	0
B00F7OJ6XQ	0
B07L4Z38SR	0
B07R4MJYJY	0
B093T86P3D	0
B0BTLQ9BT9	0
B087BTKCBW	0
B0BYCB96ZM	0
B08L7CPK1V	0
B07KTWQ675	0
B005K0VQD0	0
B00HNXLZYW	0
B01CKISZTW	0
B07FKFFBF5	0
B09SFXQ37F	0
B07K245NDC	0
B073WXZ6WQ	0
B07MNQ8DWQ	0
B019181P1Y	0
B07DCSF9HP	0
B00HBIUM66	0
B07DMV2PD1	0
B01MY2KSVP	0
B07WSV7CSB	0
B01C4EE7US	0
B01015ORHA	0
B072BYWPBB	0
B0773D2VGZ	0
B06XSDCSMK	0
B07BRQSP88	0
B00741L15Q	0
B00HUETLCC	0
B07Q5R7MZS	0
B01BFBPQUG	0
B07Q5THJRF	0
B07T2VNFP5	0
B081882RBV	0
B07KW1SC9J	0
B00ZRYK0IQ	0
B07RN8WRP7	0
B08DFYW6NT	0
B07M64M3VG	0
B074SWHZLZ	0
B082DM3N61	0
B01H605G0U	0
B01N9CRT4Y	0
B006DAR6WQ	0
B000VK41LI	0
B073J4WJ38	0
B0BJ1NBG7C	1
B07DGTPK32	0
B00BSXVPL6	0
B00ARCNUDU	0
B0BGXXFD6J	2
B06ZXSV6Z1	0
B01IUJFG60	7
B08533P5BH	14
B0BMGVD63H	0
B01FMRR4LI	0
B088KM7715	0
B00PBZN9M0	0
B007NZV3MY	0
B01KZ8VZVY	0
B00N3CSK6S	0
B015Y8UFMK	0
B07RD4S22K	0
B01KW7L554	0
B07MP1PC6N	0
B078VFZ66M	0
B06ZYBT5CP	0
B09KP55PF9	0
B00QWRRX5U	0
B01H7588IQ	0
B07H1CBLGY	0
B09QC1QZVZ	0
B00EC9JSWG	0
B01N2LFP2K	0
B07NQN12XG	0
B06WWR2CDV	0
B07H5278M9	0
B08JND8QQC	0
B010CF6VVE	0
B08MW9ZKJH	0
B00SC7OSQ0	0
B01C9AMP10	0
B01I19LSKW	0
B07MZYP844	0
B008XF0WGQ	0
B005GQ5R3I	0
B0896BN93Z	0
B006NTEC2E	0
B0B1JJFGBM	2
B07CB1T45B	0
B07M9YYR7V	0
B001V8YNUI	1
B08C5851QS	0
B000UJJYI0	0
B07R4PZ76V	0
B0BQLB26JY	10
B07T5SLNR7	0
B0C7MSFYJC	0
B0BGHGMCW7	2
B09R27ZVNR	1
B01ES403ZA	0
B082HJ9H68	0
B08B36H321	0
B07PQZQWPP	0
B07DP3JX24	0
B07HFR8ZD8	0
B08VRX7ZXP	0
B07CQDM2TH	0
B07G6WBSX9	0
B00IZ3UA3G	0
B07DKWKQ25	0
B071L9HMCQ	0
B00ADZFJGM	0
B085W2SDBV	0
B07QQBQJCS	0
B09C87QCZN	0
B00N5877V4	0
B00FLNIY18	0
B08LQTBT7M	0
B07S593KCY	0
B08T9T3BDH	5
B00EI96D3M	0
B07NSM35TV	0
B01G4AVKJE	0
B00MUJJ53C	0
B07MC47BTR	0
B0BWRM8D8X	0
B07N4S11SS	0
B08F6VP434	0
B01BFZ7DGC	0
B0C148ZGM2	0
B074WHPRZF	0
B00T3ZW9PC	0
B001ULD7YO	0
B08GKQRD18	0
B07XH1PJY3	3
B08ZXSLC4P	4
B00F6E4NLC	0
B00UL6HTMK	0
B09DP7PXRG	1
B00596501O	0
B0749MVYCC	0
B08X3H6C65	0
B08QRMT7T5	0
B01LQSUMTI	0
B08NGTPG9P	0
B003VJUJKS	0
B01MT63TND	0
B07Y8C4SM9	0
B07PMK17P3	0
B075JJL1VN	0
B087SCL1JQ	0
B015ZKMBVK	0
B008F05ZWU	0
B08NYHXT4L	0
B000BVMGI2	0
B09W9CFRYW	3
B07QGCJVRG	0
B002DVVZDA	0
B01KZ3OBMY	0
B07QJB9MNG	0
B07ZBPMT3D	0
B006P34C0U	0
B016L2UQ54	0
B07H8YZSCF	0
B01DLT6I48	0
B0762NVXX9	0
B07F98WGXX	0
B098PGHQS8	0
B004ZC7K2U	0
B07RT7JDNK	0
B00023K4Z6	0
B07DVZNDMJ	0
B006M02N98	0
B01MZ2Y9D5	0
B0734WGD2G	0
B00B5ELJVO	0
B08W33YMGG	1
B00NC6R19C	0
B00FFIF71E	0
B00379SV7K	0
B002YADHM2	0
B00E1MX2LW	0
B07TSQHTGC	0
B07P3SJXH6	0
B07TJQG6FD	0
B07P6VGYMG	0
B07YYKH8L8	1
B08DWLNBWD	0
B09TJS73KV	0
B095DDPZT3	1
B071VS7RLV	0
B09ZTMG59X	1
B01HMZL6EE	0
B00DH3J3WS	0
B09T9VD8ZC	2
B085RZGWTC	0
B08ZSJ68B2	0
B083JJ1XJJ	0
B07P6MPQY5	12
B0822N3W7W	0
B079DYN5WP	0
B07WDNFTFV	0
B09D8535F2	0
B07J2BM6YM	0
B007R9EA2Q	0
B01HGB75E4	0
B0B3HVRW95	10
B01NACGA3L	0
B07CHMDP78	0
B08BYQPQDT	0
B08615YJSC	0
B086R1271C	0
B07HFFRRZQ	0
B00W602QJA	0
B089B1J23G	0
B07KYYNMJ1	0
B08LFY6V1Z	0
B00J6OD0RQ	0
B08YJHWFJQ	0
B00ANHK83E	0
B00UIEC98E	0
B08C9PLWQ1	0
B00V6P1KOS	0
B01GLBCFKY	0
B09C1GBVFW	2
B014GN2OWS	0
B07ZSC1ZCJ	4
B0083LPK12	0
B00567ZWRS	0
B07DVF38F8	0
B08TR2D62V	0
B082DX376V	0
B07661VTZ3	0
B008XKXMKO	0
B0BWJYSBGL	1
B07D8GWMKZ	0
B07SV6MYPP	0
B07RY2XF39	0
B07CZCYSPH	0
B075NCRRM6	1
B07H8X74S8	0
B07V4DKGDM	0
B075CZV975	0
B07Q81JBZ7	0
B00DNTEVDM	0
B08SWNVC47	5
B0BSR4442Q	0
B00E4OT4SC	0
B08SJR3KD1	0
B00BBLZEI0	0
B01GKAOIBU	0
B07R8B94W8	2
B07YNY57Z1	0
B0145TE6XI	0
B0036C6YRW	0
B078NHSYTY	0
B0757K589H	0
B08PF9VJHX	0
B01J9VUHA8	0
B07LGDNJZK	0
B0115SZU6Y	0
B01M9JSCZN	0
B07L3MZ8K3	0
B081LFM8GR	0
B082VSNC7N	1
B07D27LD5D	0
B003GDIZEG	0
B00I4QULP6	0
B00P7SEN9O	0
B073BPZ8K4	0
B0026MRI0U	0
B08L7VNW2C	0
B073X67D87	0
B07S8QTCP3	0
B01EB6KDLY	0
B008ND2NIS	0
B07PGP34V5	0
B008JFB9WQ	0
B08F4XCYZC	0
B08Y93DDR7	0
B004LEZDS0	0
B09W23T3J7	0
B07Y98KKHS	0
B01G9MFMC8	0
B01DAXIVJ0	0
B07WDTRJK7	0
B00596EDZI	0
B09VKGLJYM	1
B0038BGAQQ	0
B00UVSHGDK	0
B06WGYMPPH	0
B000HDKEPG	0
B08DJWZB7X	0
B0891P7WK3	0
B08JLQQP6C	0
B08VWKPBXZ	0
B01LVW4J43	0
B09P3K35HC	1
B07CXMJJNM	0
B0B4SBQT34	1
B01LS9JDZE	0
B01N6ZGDQ5	0
B07GVLK25V	0
B01G7MCBQK	0
B09VGZ7THS	0
B00412J8A6	0
B073S7989C	0
B071DMK6ZR	0
B00HYBAN3M	0
B09M77V6V2	0
B00W93HHK2	0
B09RTYB1GG	0
B00G4CVD5E	0
B00VRC4B6E	0
B073W5WGSQ	0
B086ZPGGBN	0
B0072DFJS6	0
B0BDG9PJPY	1
B097BR8YSK	0
B0956YJV67	17
B003OYJ8P2	0
B076J13CQH	0
B0073ZDY80	0
B006HSDW0Y	0
B06XSX4YTJ	0
B07DNB647V	0
B08WLNBX5B	0
B00QFOZES8	0
B07G1WBMQ3	0
B01J2SFQYA	0
B0BZPMZDRC	1
B0777BWYSW	0
B009F90IZO	0
B07KKK6NPY	1
B0746R4DLY	0
B01MYCQVGT	0
B01DLTHCGQ	15
B08C2PFZM8	0
B07MVMDPHK	0
B07FKNZC43	0
B0B7WWQW38	5
B07BZ68XXC	0
B09HQCQ3QR	0
B07CMGWYD3	0
B08L7DJ5J3	0
B01N7CCIG5	0
B0106PACKQ	0
B07MN2WKQQ	0
B07RQBR1KV	0
B0015NCEGE	0
B01H73363U	0
B00NL9F5S4	0
B08QPCK8HW	1
B0716G1H37	0
B00EOUWAXW	0
B077Z1QPXL	0
B09FSLBR32	0
B07646LBXY	0
B07GFN3BHJ	0
B09Y4F1HKT	0
B00AW6DTWI	0
B07K6L1YVT	0
B019WKSZF0	0
B08Y8QTQYN	0
B00BWBLXIE	0
B0BS2BQQ9Y	1
B076J95B7F	0
B07KFYVCRM	0
B07RF2F7Z6	0
B004AMVAVC	0
B0881KYR2P	0
B07THD6551	0
B00P2EY1YK	0
B014K1RQ10	0
B00AIF9EI6	0
B01BVR728S	0
B077ZGRY8P	0
B07NVT8YQD	0
B086X1BZ4G	0
B07TMLQX2Y	0
B07PNJG3K2	0
B07KKFY33S	0
B07CYX4DKC	0
B07DML3PPW	0
B07PVT4V7X	2
B008OOND8U	0
B00C5KG9DA	0
B07KF9M5MB	0
B07BYGGH7Y	0
B07CLWBLC3	0
B08KNQ1KQG	0
B01594JX54	0
B01GFBK3VS	0
B005UAJOWK	0
B00LV0M2MC	0
B0768PSWZQ	0
B07MD4YGNF	0
B06XYT4F8C	0
B087NMMDTL	0
B07QF5SW6M	0
B077TV9VJ7	0
B0B38YTTPL	3
B09BNJW1PR	1
B00IJXLKBS	0
B08GJN9FXV	0
B011F0DK78	0
B00M8GX0T2	0
B00RCA81EI	0
B074WHX76L	0
B00GJPU2PI	0
B08BZP613V	0
B08359RQZT	0
B00CAI9CC2	0
B07KDMWMHG	0
B00AECZ072	0
B07MFQCP57	0
B071RZVY68	0
B0188M4O44	0
B07BWD14JD	0
B08DBSW2KZ	6
B076Q57RHD	0
B0035VOM9Q	0
B08GXXCZY8	0
B07RG5TS4F	0
B00EFXKP12	0
B079X6H9LB	0
B075NRB5Z2	3
B07VZCRXVT	0
B008PAZMKU	0
B01N40DG74	0
B07696Y7WZ	0
B07NJNJZKR	0
B097DDFD8Z	0
B07KW8MQXB	0
B0BG845982	2
B082TNJGQB	0
B08BFX4M9P	0
B00JZDU9ZO	0
B00H3KCM2E	0
B09X1Q2LZC	0
B01CGXNUQE	0
B01B8AMPH6	0
B0978J4WJS	8
B06XFJNY81	0
B099BJ4KRY	0
B00GWDDXQC	0
B01HSNVWDK	0
B08V13S9X7	0
B09V88FRGB	0
B083J8K9MC	0
B07BGJW77G	0
B00M0QN9MI	0
B00NWBDNJO	0
B09QBS5H9B	2
B06XNNDNQZ	0
B07MN8PJR5	0
B096FFHP1W	0
B00SYVB09W	0
B0BFXPB46Z	0
B09VLDBDZK	1
B07D9J9D5W	0
B07TZND1Z5	1
B081N6RPJM	0
B07MDYYJ76	0
B01C94QHN8	0
B00U4500O2	0
B010Q60Y58	0
B09BC47GCL	0
B000YEIAO0	0
B006230NZ6	0
B094Z7FXH9	0
B09R4JHMN1	0
B0798ZB96M	1
B0BMP95FRG	4
B082PLH6RS	0
B01M9FSGM6	0
B00I4JIU2E	0
B06XG11HJM	0
B0723CFHXL	0
B005A97OP0	0
B00EDS4TKW	0
B00HF5K0XU	0
B008VVRLQQ	0
B07KHJSRW4	0
B001ATKZFA	0
B00M3ISH66	0
B07DXMHHPV	0
B095P8KSH3	0
B08T1HXYF6	0
B09N31L1VZ	0
B000ATKB3C	0
B004U79XZM	0
B0777SGJCZ	2
B007ZN50TG	0
B077XSSNN6	0
B07Q2VS4BP	0
B0BV5TB2PP	2
B076X9Y3G1	0
B09DT144NK	0
B09NPTS7SV	0
B07T2KGJCZ	0
B01DEE73S0	0
B01IQEJ12O	0
B074FQ2K59	0
B07BKSDHC3	0
B07X45H11X	0
B07F83YYLX	0
B00F5207L0	0
B01G71ZXG6	0
B091N42HF3	0
B0157H8EZS	0
B00U0Y9YJ4	0
B071WQDWCC	0
B08MC3FLDF	1
B004VZ2DNM	0
B01A1HWFHW	0
B094N8N2VP	0
B000NZKTFI	0
B074KRKF8J	1
B07K781BWS	0
B098LMW5QF	1
B07BBF17F3	0
B01D4ZQZU6	0
B0967B5MMZ	0
B07WF9QKXJ	0
B09VCG2YGK	16
B0B5WSZYY6	6
B079JS14S4	0
B0796QPMY1	0
B09DGCMCMR	1
B076KZT51X	0
B0B3SMFZ3L	0
B07XL984QF	0
B07F1PXZZF	0
B0BJK8JL5C	1
B08GJWGHTC	0
B07JHKM6D4	0
B083KQJZD1	0
B07FFTK9MM	0
B0059ADL5C	0
B019G05P7C	0
B08MBZGCZN	0
B082WBN2HW	0
B09PHBQYB9	2
B08R3W2C39	0
B0BRG213T7	1
B07BZHDTSL	0
B07CQJ4K17	0
B005A5T696	0
B076TK877J	0
B07YYVH1BR	0
B09GQKL6ZZ	3
B09LTW4922	0
B07L1M8VD1	0
B07HQD62SG	0
B00HZSCDTG	0
B07PZ76K2S	0
B07YS3Q7YV	0
B00CXWF4P4	0
B01KHDNHK4	0
B018K165K4	0
B09WD9JB6V	1
B00CJRV308	0
B08S45ZBL7	1
B017UDKVK8	0
B01FKMGLYQ	0
B00D4KXPZU	0
B0030MJ1AU	0
B01M6TTEVE	0
B012VH80VU	0
B08GR18S3P	1
B003IJ81S8	0
B07XFJYN2Q	0
B07VR1RT3R	0
B0BQLZMBCF	1
B07C51VWJB	0
B07J1TVDF7	0
B00DIXC89M	0
B09ZL375H3	2
B00AE0CBY4	0
B00T8Q5WK0	0
B086PW98YT	0
B09L84HT5J	0
B07JMN39XN	0
B07MKBYVK6	0
B07GCY5CYK	0
B081ZTLFRQ	0
B004YZD1XA	0
B07SGKVK9G	0
B07FMZBFW6	0
B00BWIRJTE	0
B08T6KHFSC	0
B00NK25PPK	0
B08RYW2336	0
B00JF104CO	0
B09GZH9PL3	0
B07CWPVWH2	4
B07L879PBZ	0
B0B49RC2C5	0
B001B0YFHM	0
B0B8JWHWJD	1
B0BVM24K68	1
B07H28D5W8	0
B08GLV8WNH	0
B076BSFXD5	0
B01BI2AIAA	0
B08SQ7H95H	0
B01IDRKU10	0
B07FL6FGK3	0
B09R4NDWFS	0
B001AVM9WK	0
B07HN2Y49G	0
B06XD7GC36	0
B00LYDHAJ6	0
B08BS2157T	0
B06X1DQGFZ	0
B001AFTDPW	0
B01MZYL1VL	0
B08JPBHGFS	0
B07VB3X919	0
B071WLSZFQ	0
B08JYD4MDP	0
B00LOOHSR4	0
B0BNPZMP1D	1
B00CA29MVY	0
B077V2Q2CG	0
B07P8L456P	0
B08P36CYXP	0
B01KO4S6QG	0
B073R28KLW	2
B079Z24RDQ	0
B003VTYD8C	0
B076DTW4YL	0
B07GBMGS2Y	0
B07BMKLJ6L	0
B00LABKQPW	0
B07N11PYZ3	0
B00597M1DI	0
B07CQZY7MT	0
B0BMLFKPZ1	0
B07BY8WJYG	0
B07SC281L2	4
B0721VWH5W	0
B0BM9QJRRD	0
B0BVYL1T2M	1
B085BXZHXQ	0
B078KCXD5B	0
B0038YX4A8	0
B003V5GGGI	0
B07PWC33RH	0
B091Z15Y7F	0
B00RGB9SI6	0
B00FAVYNKM	11
B0B7Q1MN1J	17
B071HF95DB	0
B0722X25HJ	0
B003GENZAO	0
B0BJQHSPFN	1
B00QV77LIU	0
B07DJ3L5ZJ	0
B08CZ1HF4T	0
B09K6SNWZ3	0
B076PXL6T5	0
B07CXN4CXK	0
B0C3LNV1ZW	1
B0735R2T72	0
B07HRXFY8Y	0
B0774W5CWP	0
B0049A8QWQ	0
B07MB96QWB	0
B08VJ1CLP9	0
B07TSFBLLS	0
B005I6OQ2E	0
B07TZ4MRZ6	0
B00E6EMTNC	0
B07D1MSYTC	0
B00HEEDFYI	0
B00B2IAV2G	0
B0086MJ5MI	0
B08DDH81PQ	0
B0097WXWT8	0
B09YLYMPL8	3
B07YJNJYK6	0
B077PYMK3T	0
B076XKBQSN	0
B00AKZ8JPS	0
B095P22LQG	0
B07Y259CW6	0
B00TIYVLAM	0
B008JH0N5I	0
B07K21RRTC	0
B09B44XS9M	0
B00NIGB2MS	0
B004VQY9FG	0
B01LZXSWD0	0
B09Y56XY3Y	0
B0097XFZP6	0
B07FQJYLZK	0
B004XGVFLA	0
B07ZNX3JW2	0
B001VH6N5M	0
B089N95J7W	0
B07X7SZJSX	0
B01AKX1708	0
B07PJKVN5N	1
B077X8J778	0
B01NB1NYOI	0
B086W89THL	0
B07B5YMKW3	0
B09HGMBPPQ	0
B083JSMQNC	0
B07R13MHJV	0
B08NZGBBPY	0
B07S2XSC7M	0
B00L5FT8AM	0
B0851GNN1K	0
B07DM4M8HR	0
B07VV1RV62	4
B00VQ5QUA2	0
B00XO6VB3C	0
B07SZDW34B	0
B086VG1W5D	2
B0BD714329	1
B013HVXOZ6	0
B01AA6FIM8	0
B08SBJYQW1	0
B00JL6JEIS	0
B079M2VYXW	1
B08D386GX3	0
B06XH495W2	0
B074D61X1W	0
B00S16P1CW	0
B074SFN6WT	0
B007SALUYK	0
B0899QTXHP	0
B00KL138G6	1
B09PZK7LQY	1
B07RX7PB86	0
B08788KL96	0
B08C9VBQDB	0
B0746QHY6B	0
B07GY1DRVF	1
B07Q4LZH36	0
B09BQG734S	0
B00LMO1KDE	0
B00BVWEXOU	0
B005F2G8U4	0
B06ZY2N75F	0
B0B75WSX35	1
B0BQ5B2ZXF	2
B01M7Q9BG0	0
B01M1LATYH	0
B0821TWYJG	0
B005BHZJOY	0
B01M02CHLV	0
B00DT4EYA6	0
B08T14G2R9	0
B005Z879ME	0
B08P326YR9	0
B07BBK74RN	0
B07K9DTL5C	0
B09KZZYDM2	86
B07C86XMMR	0
B007GC2Y4U	0
B0147MO3XQ	0
B00W69H6G4	0
B071NJH34P	0
B0155EBH5C	0
B08RNHKLVX	0
B08CDS47S3	0
B073V38X9F	0
B08G46WZ7P	0
B010ON9GB6	0
B08QRSFBVP	0
B07QHG3N8K	0
B07NP32VFG	0
B07HR7JCD1	1
B09J8XDLV2	0
B08X66QLSF	0
B00O2MMVHC	0
B00THJ4204	0
B0925BXHC1	0
B08746898P	0
B07HJVNR5L	0
B07Y33S95J	0
B002DWKS3C	0
B0B9GS7R8P	1
B09BLTKZ5V	0
B01J5IXL76	0
B09SG87QLB	0
B09ZNMBLZJ	1
B075B12KDG	0
B081VGG2SQ	0
B095RWHQV7	0
B06Y5JFDDX	0
B09P18V33K	0
B07T36CDD3	0
B07WLM4LMQ	0
B09ZTKWP43	1
B0745KTNVW	0
B00PVC0V2O	0
B095N68VPF	0
B0BLW17ZWL	10
B071WRD4HY	0
B08HKSGWHC	2
B08C6ZV58S	0
B00TXN9JJI	0
B0744QJZQ4	0
B08TVG5LNS	2
B08L39SH1C	0
B07YS37B59	0
B0193VH13U	0
B071SBJWVX	0
B07CKJD859	0
B0B5RNTMZ7	1
B00DUGJBO2	0
B00GPI2KFO	0
B005QH84QO	0
B084F6P762	1
B09SN3K77W	1
B08JM17LY7	0
B07DD1JYYL	0
B00DSKPUI6	0
B01N21F56Y	0
B074294221	0
B085RGLH73	0
B01EVHSUSQ	0
B00E0GCSLE	0
B082FCZCKG	0
B01482DUAM	0
B00AXW5ZOQ	0
B00BYCJY14	0
B0056EWNLY	0
B07D3JWT3K	0
B098251TWN	0
B07QT7G3CX	0
B00OWT6RP2	0
B017K1LWBM	0
B011BCN7RI	0
B01MRZ4Q3L	0
B01IPALYC4	0
B0887WZQG6	0
B07BT553XC	0
B001ABMQNW	0
B07SC8M169	0
B01C6SLWVY	0
B095X5GHJC	0
B07BRB2SWK	0
B09Q1NN2Q7	0
B0891PC8Y4	0
B08BYNYJB1	4
B00851JMW8	9
B088PF71NG	0
B01CNML3X0	0
B07GYMMFYV	0
B07FPMTP27	0
B00L6P72AO	0
B07LBVKXZV	0
B0BCZF57J1	0
B08MWQ1GDG	0
B09JSM76WF	3
B0C8DF2MDZ	1
B082358ZJB	1
B00B09IIRC	0
B07Y8TB7W2	0
B01NAMWMDZ	0
B00READXEY	0
B002IKLR5W	0
B07DN6W4WG	0
B00IL15UWI	0
B07FVLY33B	0
B00B25SD1A	0
B076H9Z2WZ	0
B08LP8STRY	0
B09G5324NW	0
B00BLHRAE0	0
B08R6PRQKX	0
B07M5WX18P	0
B08KSRL2GD	0
B07KWYRZNB	0
B00XHI80W2	0
B006L2PJ4I	0
B07BZ935XT	1
B08ZXV5Q2F	0
B00D3F15YE	0
B00F4O06L0	0
B07WWVD4TS	0
B0BT9SF62C	0
B099QWKCMZ	0
B076J72KHB	0
B0BL78RB6W	1
B00178V4Z4	0
B098NJJTYZ	0
B07VJN7DFV	0
B07ZKYKN3X	0
B075GYMD3M	0
B07J6Q3XTQ	0
B00I0EPSDM	0
B00L3NH22M	0
B005PQZIEM	0
B094HNN25Z	0
B07RW6ZNC3	0
B07MT96DJN	0
B07RBN9QR3	0
B001CY5Z12	0
B087632BVC	0
B07TBLBQPY	0
B00IT5K6T8	0
B0B4RLQVBR	8
B00DUGJLM4	0
B07V3WZTHK	0
B08W24PSFH	0
B01M0YUEIZ	3
B001GNBNZG	0
B005M2ABW8	0
B014JZUN2G	0
B011S6OUS2	0
B08ZS5J2SV	0
B0BZV6QHCX	3
B07D329MM1	0
B00R9BX39S	0
B07Y76SSTN	0
B071R1YM3N	0
B099WK75K5	4
B08YNRG9GX	1
B00C20DJEU	0
B00OYPJSWI	0
B00J2WKCAA	0
B002OSANN0	0
B0873ZZ76X	0
B0836TK8JR	0
B018WQ5NNC	0
B095PGP2VM	0
B08SV33R52	0
B07FVNL2FP	0
B09BHS9B5X	0
B073TDXKHV	0
B06Y46PYLC	0
B008CPUT92	0
B0064HEIM4	0
B07WJW21HZ	0
B003W5IRO6	0
B087CPHX1Y	0
B09HCSL7TZ	0
B077M6T5LT	0
B00A212VSQ	0
B08TWSJNMC	0
B07QN6FPDZ	0
B07WYCWL7C	0
B009GUWN3M	0
B01LMTCW3U	0
B07R14KBLG	0
B011AS40GA	0
B00DDPR7DC	0
B07H8MRDYG	0
B00QTSGFOC	0
B0C1B2KLTK	6
B00R9EPJLK	0
B07631F72X	0
B09QW9CRNH	0
B0736WRYV9	0
B00EO1HK04	0
B087JKRZRL	0
B07QRT3FJ4	0
B01MYVYQV5	0
B097RCG8N7	0
B06XBYR1FP	1
B01BNX5BB0	0
B08G9QJ29C	1
B01JTV0N0C	0
B0C3DJL126	11
B0798PQ4YS	0
B08JMB2VR9	0
B00VV4CYM6	0
B09MQHKB52	0
B006HSD4TI	0
B079HZC2YV	0
B0716LL8YZ	0
B088CZSD5N	0
B00VC2T18C	0
B00IANA3E2	0
B07DLC7B38	0
B07TTZ979Z	0
B075KJ4LZX	0
B09JLL7KZQ	0
B00NTSEZ7O	0
B00B4NLPLU	0
B01L9WLIPS	0
B07F33VP6X	0
B082M8964S	0
B003TVTHTW	0
B00FSA8EK0	0
B00K20UMQK	0
B092M9PXJ6	0
B07TT9Y2SN	0
B00I86FT36	0
B078N6WRHL	0
B00DVU28A6	0
B07CYHQZF7	1
B07DF7N5DQ	0
B00L89S9ZA	0
B00EL4KN7Q	0
B0B4VHPY8W	17
B07VYJF7NP	0
B07B6SLFRV	0
B073XBS6ZR	1
B074SHRYPK	0
B0058XEYOM	0
B07FDYGHS1	0
B09FMGWXSC	0
B00J8OWL8S	0
B008V6WRSI	0
B006W6BTLK	0
B084Q4DP7L	0
B071Y7JKG5	0
B01JN8PMRU	0
B012AWCDYQ	0
B08HLDZR96	0
B074N1415J	0
B07RFBT38X	0
B08FC5H6C2	1
B08QRPR4TM	0
B0C66P1FVH	0
B0B7GDF3VM	10
B00I4OFY78	0
B00VHRC98G	0
B00HZRXBIY	0
B01DUZ2O14	0
B00DGF6UFU	0
B00AO345QI	0
B00U1SGECY	0
B07VLNCG37	0
B01CVQRTQ8	0
B074PZLHQ3	0
B0751CZTXZ	0
B09LLHGDM4	1
B077PC2977	0
B0919V82Z6	0
B003GGRU0S	0
B06XS38ZQ9	0
B00PJSITZQ	0
B00ZJBERQI	0
B01FINGNKY	0
B09T4KD9FJ	0
B0062MRMF6	0
B093JQPT5G	0
B076GZ8Y6L	0
B07GFQ6BBW	0
B00FYFP2ZY	0
B01487C42M	0
B010H5BPGU	0
B07R88B2FC	0
B011RRNS2Q	0
B07TTT1CGC	0
B092QJX38R	0
B01N97N8DC	0
B097BR6Y9V	1
B09251WRDY	0
B06XRWKJVW	0
B09PBZ2MW4	0
B00PA1N1T6	0
B08P51DJ6X	0
B01N4X6ZMJ	2
B082XS1SYY	0
B0B3RMN2VQ	7
B07WMN96VY	0
B00B636NFQ	0
B00WLMAXUC	0
B072V6ZZK9	0
B0743KMV16	1
B074RBSWLX	0
B07LH1GHP7	0
B001OOMNGK	0
B00LNCECL2	0
B092897TY7	0
B07GPQB3XL	0
B07JRHV5Q6	0
B00ADIZ8NS	0
B06XX26GSX	0
B0185FHB26	0
B07X5NPY74	0
B07DBXB28T	0
B09DYKJSQ2	0
B07GNK3W3K	0
B00HRBRT36	0
B00F2RIJP4	1
B01MAZ4FWT	0
B07ZYKTTZN	0
B075S74F26	0
B075F2LQVS	0
B00V3XA5X0	0
B07M663MF1	0
B0756R73T3	0
B06XWLMT6V	0
B00BPCMUQO	0
B08XTRSD3B	0
B088LPXJK4	0
B07TBBPD8Z	0
B008LJWLFE	0
B002SOXDR8	0
B0BYNTT3FY	8
B017BV70EY	0
B07XC4KC77	0
B013Y6OOLW	0
B01LZAJBAP	0
B013SLHUA0	0
B00I3UPVQW	0
B007TQYEEQ	0
B07J12X4F2	0
B08LKHQQP1	0
B009FS67K0	0
B071W9GKH2	0
B07YF3W282	0
B071G29H3F	0
B005VSPG3C	0
B00263L030	0
B081DL73QF	0
B08J7RXR5R	0
B097422HPR	0
B00IC3Z0XE	0
B07D637B1T	0
B01AJ31ZMO	0
B093WW9VPV	0
B07N57FL39	0
B08SHZ2TK5	0
B0B7Y16R7R	8
B00L66RI3E	0
B01AT3VLN2	0
B07F34D7XC	0
B0725JTHSW	0
B00HZT6YR2	0
B0789256T8	0
B01MU2P7GK	0
B07F22ZZDG	0
B0BTPS8XXV	0
B07FDNR4LT	0
B00BGIPRHG	0
B01771KY3W	0
B00RM3TBJY	0
B00C7N1JNU	0
B07HN8PPDN	0
B07WKKTPZS	0
B01CE5HHAY	0
B07LB473PM	0
B07HMTH77S	0
B07T1G5QHP	0
B07TJHJMBH	0
B07FR21ZHX	11
B00NIZ8HIQ	0
B013UE3GEE	0
B00CV3JAXC	0
B015DFPMFE	0
B003IJA4OM	0
B01GCOG33A	0
B07MFJTN3W	3
B08SHCGZTV	0
B071RLLDT2	0
B0159W2YDO	0
B07DY8M56M	0
B07NYFD4YS	0
B0894N4B4H	0
B001YQFT1E	0
B077VSYDHZ	0
B0895NV2NM	0
B09T34Q4ZZ	1
B01GK2SL9I	0
B096KWG7YN	0
B07G7Z95BC	0
B06XR5F29F	0
B00VA1WJK2	0
B08LK7923L	0
B00EFVA37U	0
B014J4LI3K	0
B0164DD2TC	0
B08T6M3Q14	0
B07FYR7W9N	0
B072BZHQMZ	0
B073F5RS9N	0
B004CHMVQ8	0
B07MMTT6L6	0
B01M1P4S8W	0
B07F1ZFMH9	0
B01LDBLG9S	0
B07Y9J5XNX	0
B0C6FJK8YH	3
B07H17MXQ6	9
B07J59BYL9	0
B006CUSHWA	0
B007NMHY84	0
B07L6K3JN2	0
B00E4XZ9NW	0
B06XJX7TSZ	0
B00FQCSMVG	0
B07Y9CTPC4	0
B07BRW3C4G	0
B00HQAWB2W	0
B00GUJY76I	0
B079B3N3H3	0
B07GSK51J2	0
B00D778E3S	0
B09YQZ83JS	2
B081121YYY	0
B082P5MBV4	0
B07QNRQGQB	0
B00VZ1HCRM	0
B078H9ZCLN	0
B092JGSNLP	0
B08JSVFMSJ	0
B0147SKRDK	0
B0794XKWJ1	0
B0714QZ89D	0
B079J45YMJ	0
B01MECT53U	0
B08L3J44NS	0
B0192Y7YLM	0
B00DD2TET0	0
B008AYAONG	0
B008M5EY6G	0
B00ZM0UGZC	0
B07D9DVLXQ	0
B01IDOQ314	0
B08ZCG3NB5	4
B07BHRNTKZ	0
B00AR9656M	0
B000VIAFB0	0
B00BB8V3D8	0
B00FHK4DVA	0
B07XF7K1J5	0
B006UKO6UY	0
B00JQ6YN5C	0
B07CLFSKRX	0
B07K72NMGW	0
B08L4DTSWR	0
B07J37XQ5V	0
B000X1X8GO	0
B07S764HPM	0
B0828SQYSL	0
B07DJBPQSF	2
B0113OLEOM	0
B0B1H4GGNP	1
B011B6DXVO	0
B01JS34RTY	0
B07KJDDDBF	0
B01BJ2H5BE	0
B00HE3ZG50	0
B06X1D3LC6	0
B08PRV65LN	0
B07QJ5TFLX	0
B071CZ26XT	0
B07PD73DJZ	0
B074RT5BS7	0
B085RQL73D	0
B071NT3QWP	0
B08NDD8ZDK	0
B07CMG1Z86	8
B074JMZWN3	0
B075K4JRSR	0
B0009BG6WQ	0
B00WDW1HZK	0
B00E94EWVQ	0
B00G1T56MQ	0
B08LCJ2RCV	0
B07T1D3HSK	0
B01GGOL3S6	0
B07KJBXPP1	0
B08GHZRDHJ	0
B015GI8LBA	0
B01524JZEA	0
B0779N6QBQ	0
B08P277MXH	0
B0832NS6LV	0
B00362CKOI	0
B07PKKQJQ3	0
B00MKIKS5W	0
B01LW98K5J	0
B00CZ5VGTC	0
B096MXLR9V	0
B0106ELSW8	0
B0BQ6TGT1S	0
B01K0RMBYK	0
B018UYPFXE	0
B084BYZSG2	0
B071WCXG4M	0
B08627B1B5	0
B01CEQ5764	0
B06Y3W9DFN	0
B08W481H3V	1
B00OQQX6MS	0
B00RF7DTW2	0
B0BQQZHKRF	2
B00REWTD28	0
B07TCB6KQG	0
B006R7MKDU	0
B08CZR26M1	0
B06X6MTK7H	1
B07FZ4JYJX	0
B079ZNP1BZ	0
B07DK5QM12	0
B0736WV4C7	0
B07DJ7M4P9	0
B07GYNYH7X	0
B01CT3XH96	0
B00534DVPE	0
B01D3OH6OM	0
B07QS4GNM6	0
B000IX361Y	0
B00E3RQNMK	0
B091MDRQGG	0
B079K5JH3T	0
B00M4P94HE	0
B07B3RLPKC	0
B008U8YUKA	0
B07JLQ4JFD	0
B08W4J9MXW	1
B005I193YA	0
B0948T9V3Y	0
B09JMRF1PK	2
B098SVCZR6	0
B0758C11Q3	0
B006VT0MU2	0
B00N72Z6IY	0
B01CYZ8ZEG	0
B07MJTXB2Q	0
B0814CS8MN	0
B00U2E8XJO	0
B0059D9NVU	0
B079CF5FR3	0
B077GBP6DS	0
B087JJTDZF	0
B006K6PCZQ	0
B07W72N4CH	0
B00R8SH49M	0
B0751MBSXN	0
B07L5NGNG6	0
B07RQ8MJJR	0
B09HR6XKPD	1
B0839432K7	0
B0881GHY6L	19
B08H1DHKPZ	0
B082FDPDX6	0
B07C56GBZD	0
B0BF4M1V5F	1
B07YGGSXC7	0
B07WRKBFXY	0
B00500A4B0	0
B01M99N57O	0
B0718TL9HY	0
B06XBYZZP6	0
B00JMGKGDO	0
B07B9H8DMB	0
B01N3Q8YT9	0
B00IBLCJ4U	0
B0BNVCX1J4	1
B004VQBJFE	0
B00F4IXOAQ	0
B01MUHNZN3	0
B0BZJC1RNV	1
B086FJ5LZH	0
B077DMLRFS	0
B078WYBLVV	0
B07DPKFCGV	0
B076CGSMWX	0
B006ZJGU86	0
B07YZM352S	0
B00DRKVML6	0
B00ZUY7U0Y	0
B09B73834D	2
B08JZN5KYZ	0
B0041D1NQM	0
B00C5WH4W8	0
B0058Z9DHS	0
B00GDOUL92	0
B07DCPCNH2	0
B00BXE9N96	0
B0876HHSQZ	0
B087RJN16V	0
B08ML4JHMV	0
B08CL3YJ8T	0
B087JHP751	0
B074J7GKHQ	0
B07CZ7KJD9	0
B077PFMZ5D	0
B0BG71J4NJ	0
B005R42FHU	0
B00HY14JN2	0
B00VWXKZ1I	0
B081X6L11R	1
B07FCDBDPD	0
B00HLS5KZE	0
B0762JQ7LX	0
B008SAPW0M	0
B0077W99QK	0
B00TUJ5AHU	0
B09X3Y66QS	1
B07NRB331Q	0
B074998Y19	0
B09CL2P5QD	1
B07F9CRXFF	0
B015INGHLO	0
B073JR8J5N	0
B08RMT7665	0
B0BKLJH7WR	1
B000ZHGI86	0
B01CQCB0J4	0
B083XW1JKK	0
B01N40FGJ7	0
B07JJWTRYT	0
B076H1FY6J	0
B01GQRAKHI	0
B0B14QHTQT	1
B01MZ37WE6	0
B00BDOMXCK	0
B08R1BWDT3	0
B08C6ZBJ4B	0
B07XC5MZ9S	0
B003N9BH20	0
B01M4RCURW	0
B08324KRL9	0
B093S1SYGH	0
B00R54VJFY	0
B07KDNZ1N9	0
B00WT9AJUG	0
B00B8YUBCO	0
B08B1X7BYV	0
B08GY4M4VH	0
B07BM73112	0
B01MTUVQ0M	0
B004MMFHGO	0
B00RW5GA00	0
B00BMKLEMU	0
B07C6C3T7X	0
B07K4B7RR5	0
B008VOA728	0
B09VG8FGYC	4
B071V6F1YK	0
B088QLK7GJ	0
B0028BM8Y0	0
B078W72RL8	0
B08ZV8VBDZ	4
B086BVCM5B	0
B00J7RF5IE	0
B07G9JGZCP	0
B07XMX5YKH	0
B00VJ43JS6	0
B0BL2F87HF	2
B004PFPU0G	0
B00LPKSZV0	0
B00A3OEYPK	0
B0042FR6F6	0
B01DOND0L0	0
B09QFQ7YWQ	18
B08LQYRBH1	0
B0192MALEG	0
B01M34UTV6	0
B071Y9XBLQ	0
B07DC4NNCG	0
B07W8F41VD	0
B07M7DPKLR	0
B08ZXNBV6M	0
B09JBD2KTL	0
B00D858ZB0	0
B07FQVR8W4	0
B077KFN2NL	0
B077TDR4XV	0
B002NEGJOC	0
B00CN4HQM6	0
B00FC9GOB8	0
B07QLK22X2	0
B09DKGWFFS	1
B07BTD94M3	0
B01M0JK75Y	0
B06WCZW7FB	0
B01G1LH676	1
B0BRHW1Y4Y	1
B08QN36K5S	1
B09DP726L6	2
B077TKNTKR	0
B07H1K2R5J	0
B0BJ38ZJ5X	1
B08HH2FX9W	0
B075C66WWW	0
B07VG8FMXD	0
B071NMYSD8	0
B009S27TPU	0
B00NWOELOM	0
B08CSQGXTC	0
B00M9GDYHE	0
B00EDR69KG	0
B00SCXKR0U	0
B07Q412XYS	0
B071GTFG9K	0
B07PBRMDPZ	2
B00ZUZE05G	0
B08XHRZF7W	0
B07D8HCT84	0
B0BSS6CBXB	0
B07MZKZDGD	0
B076Z9QQHB	0
B01AI0JFWK	0
B07DQLNLY7	0
B0991VDH2Q	0
B017BQUW12	0
B00YUUVU4G	0
B07TMSW1R1	0
B085L74853	0
B06XDZV7BJ	0
B09Z8P644K	9
B08R3GS4FP	0
B099CG3G3D	1
B08PK7ZQN1	0
B09X4FGPK8	7
B07V6J4Q2Y	0
B01LYCJSER	0
B0017JON0Q	0
B095LVM197	0
B018G2S6W2	0
B01HAYD2WG	0
B078FXVLM9	0
B0BWY1G1LL	1
B078WJQNT9	0
B00QLG1RSG	0
B009NNE4X4	1
B00D7UI3QI	0
B07BZSF3VJ	0
B079JLLMTY	0
B01F00DAVK	0
B0744GJLVH	0
B0B7N75SSL	0
B0013AGA5U	0
B005S8UIZ6	0
B07D8B6WYL	0
B01G4W09I0	0
B00ATY7REO	0
B093HLL7F7	0
B0BZ4LYTGL	0
B09GN9P7X2	0
B084KH9MSJ	0
B00EXJAY8W	0
B01EM5XDTS	0
B08236RR61	0
B0059FDUC6	0
B07Y4BR34Q	0
B077CRZLPZ	0
B08C4QRQ56	0
B00WFVF5K2	2
B00NO8PM9O	0
B07BYLJ2T7	0
B000J4H6RC	0
B00GS8KTUY	0
B07657KLS7	0
B08XQDNDCV	0
B076DLTYP3	0
B09T782383	1
B085C6SPL9	0
B0146O6EL4	0
B08JSXK7WD	0
B0B8YZ9HMD	1
B094QMQRK9	0
B09DVDPSZJ	0
B07GT5MSWR	0
B00LN6O560	0
B07F6RGJJN	0
B09Q5T8RFS	1
B07NQLKVW6	0
B00JEXW73C	1
B00E5DT2PC	0
B08CKKBHCW	0
B005LURBW4	0
B07HF2MP29	0
B07FQMFW1V	0
B079JDPD8X	0
B06XZVKLK7	0
B07R8HT16F	0
B000VCGC4U	0
B07C6TMYWJ	0
B089XPDS4V	0
B08NTCR6KN	0
B0B28Y1CG7	6
B00UJ5IYUE	0
B01MG99CS9	0
B081S8S29Y	0
B01836HLW2	0
B089NP221R	0
B092VHFYHW	0
B013TMG9LO	0
B00OW1GZB6	0
B01LYZ2810	2
B079YSY5GH	0
B002B8DUA6	0
B017HUNWIW	0
B00NJHT8A4	0
B07V2BY1Z5	0
B08HK1VSYD	0
B08DHD4Y6B	0
B00INTX1CO	0
B009LLJF64	0
B08J9PYSNL	0
B08XLHCD5V	0
B07NJ2DCVF	0
B01LN7IG4A	0
B0B3189V5T	1
B077R9XRVV	0
B07CFW23SB	0
B09WYJ5BQG	10
B071VV465F	0
B00MVSMXLI	0
B08BC7JW4Q	0
B076B6GT7F	0
B09BVPW6H2	0
B07CP1SHMS	0
B07WCDWW7R	0
B01GQT8IFW	0
B00I2ZB59U	0
B07RPC1R8S	0
B01MZ8YDR9	0
B09YT3MSR7	1
B071WLRDMB	0
B07BPWZQL8	0
B01CHBEB4K	0
B084PB1KYK	0
B07ZT3QFJP	0
B00GHO435G	0
B08KPVJ1TF	0
B01I22IU4A	0
B07FXZF37B	0
B000GAW4V2	0
B0018CNLLE	0
B08MJ3V9LL	1
B08GH3X1GF	5
B07H4WZWH1	0
B07NN9X1BR	0
B00G2DB7DS	0
B08K1DSZBZ	0
B07N8GS1KQ	0
B0089NAT92	0
B07V8R8TPF	0
B07BDPTSHD	0
B01N44M1F9	0
B07Y4MV8QQ	0
B017GNGAT8	0
B08593KY2Q	0
B07CXXS78T	0
B083DTW5XG	0
B0897SJ4S5	0
B098Q7ZNHQ	0
B078BTFP12	0
B07F6F39GP	0
B07GZCL3BY	0
B00TGV7AJS	0
B07D6KQHXY	0
B00Z9O3B9E	0
B07JCL65RY	0
B00OZFTL7Y	0
B014GN5Q7S	0
B009P3ZYEU	0
B018CYOBDM	0
B07FTHYL4G	0
B08V195XMH	0
B07GSQMCVT	0
B013GGKOR8	0
B01GTFOGKE	0
B09L4YB58Z	1
B01N3AY4BT	0
B008QJ7TYW	0
B001DYJXIW	0
B07BHH1KBP	0
B00TIYVIAK	0
B00V7VKKJ2	0
B08MVTZ8H5	0
B0051GOC48	0
B008KY3LXQ	0
B0753TPZNP	0
B016CE160A	0
B08FSR65CR	0
B0BM9B6ZG8	0
B07P16HH6M	0
B00FJ445DA	0
B084DGRL2P	2
B00KXDDF10	0
B07MDZQ51Z	0
B07DRPCJPF	0
B0B9H5R9W3	0
B0B64QGKPT	0
B00HM70658	0
B01DKN8QE0	0
B01I3NKV90	0
B01LW7MK7A	0
B0C3CKY894	2
B08XWZZRY1	1
B09BJT1996	0
B09SH8TZW2	0
B07DGSC6CT	0
B0791X9JVF	0
B00SIJAIRU	0
B00NLNFOKE	0
B0745CNGRJ	0
B00ID4VAYU	0
B013ELDOEK	0
B07RW1ZM8V	0
B01MY8IVEJ	0
B07RS44M91	0
B002JINQAC	0
B07MVR5TQ4	0
B07JN1BVWP	0
B005TQT5C4	0
B00N5TCAA6	0
B08F3RZJTR	0
B01N5N5VN5	0
B07XLLMB13	0
B07S8C7XJ2	0
B0048CRFKY	0
B06WV9QGHR	0
B0759TDFQF	0
B09MHW5SFK	0
B078W4FRXB	0
B09BT6LSJV	12
B0749KMYK2	0
B01LZD8W4Y	0
B01DP3IPIC	0
B00Y29OQMI	0
B00D3N05LA	0
B00RU8FSE8	0
B08TMHSWSB	8
B088QBNYVB	0
B07HB583PG	0
B08Z4227CD	0
B07KJRVZN4	0
B07CXN3GF3	0
B00RQHRVLG	0
B00ABPOXHA	0
B00JWG3ZQO	0
B07YND2JHT	0
B008MJ2RNO	0
B0776MGCCQ	0
B01LY0NVSK	0
B09CL2754V	0
B071JZ9VGZ	0
B00S8OKNWA	0
B00C6W7J18	0
B01AVBUCPA	0
B00HW0MACC	0
B08P34QCZL	0
B076BML4F3	0
B0BD8LZBGT	1
B01J2Q33DS	0
B07R2FNQZB	0
B07GDP8Z4B	0
B07TJRSKX5	0
B0991J8Y6Q	0
B07FXYH4SH	0
B088CQJK78	0
B07YWV6GRC	0
B08Z8J4WD5	0
B071YX9P1B	0
B07Y534QJJ	0
B09XM9B167	2
B00D4LICKW	0
B000OF453E	0
B00LM4V19M	0
B01BO10KS0	0
B005LL8WTE	0
B00IEYZKOK	0
B0762M3Y9Z	0
B07RMYTY8G	0
B07HGHD2KP	0
B01AY2E89M	0
B089YQHRDG	0
B07WC4RTZ2	0
B09G94WZMN	0
B087CVH7RW	0
B097DLPK6W	0
B003XU6S78	0
B00QMO1RHI	0
B07GBW2BBF	0
B08F294BHR	0
B008N5V0J4	0
B01LW1I8O7	0
B09C3GTHWJ	0
B083CNMZY8	0
B00MGFBXPI	0
B075M3THWV	0
B0BGGGB87F	0
B071S32R47	0
B01GGOLSCM	0
B09Y831NWP	1
B00Q3Z773O	0
B00E1LHMNC	0
B00436Z88G	0
B07JX9L6B5	0
B076X1BTQY	0
B07P5759C1	0
B09TZX4BYJ	1
B005H3BE5A	0
B07J1PDHGM	0
B01C3GWGX2	0
B00J5ODXF6	0
B07DNY4VW9	0
B07TV276D3	0
B018UZMJ46	0
B079SW5N8G	0
B01CRASJNU	0
B074JD3363	0
B0912WB3HN	0
B00KSNDD4Y	0
B07JG7K2LF	0
B072JKRML8	0
B07H2QH225	0
B07RZCZDJ1	0
B07GSPXRXM	0
B07KMMN9LJ	0
B004ZWG0XU	0
B01EIRKRJ4	0
B008GU9GLA	0
B07C8HQ63K	0
B083DR86WS	0
B075ZYMWZB	0
B010NN12U0	0
B08S3GN546	0
B00CPXTOXO	0
B072VTS9DN	0
B07W7CPL54	0
B08H4ZB1T2	0
B00L3L0YJW	0
B002DW9O2S	0
B07F1WH57W	0
B01NAJ416U	0
B06Y65SLST	0
B09F91K9M2	0
B014KO58NA	0
B01LFIXSPO	0
B08QV9TDXH	0
B071WMD8ZX	0
B00B7GFT8Y	0
B07438HGKS	0
B0100Q7BGO	0
B00V41DRI6	0
B09GVPHZ5N	0
B07GPSDK1X	0
B07DBKW4HS	0
B094Z2MYZG	0
B00UYRM5H0	0
B0935ZL61W	0
B07KF25XRZ	0
B0B6P8RFKC	1
B00WNST3OQ	0
B075CWTDLK	0
B075J62MZK	0
B01AUX0BIW	0
B0028RY1DA	0
B07HRGH3XN	0
B00HGRH9VS	0
B076TD9WQ7	0
B01HK519KM	0
B07H4ZFJKM	0
B07X1VW4P2	0
B09Q5R5GQ4	0
B01N2GOL0Q	0
B013BDSXLU	0
B00593WOI4	0
B091G3S61W	0
B00COU4LOK	1
B0B142BR8Z	0
B0817Y931T	0
B07CBTJBH6	0
B07KHTHZDT	0
B0C36ZQ6MG	0
B0B49BH2JD	0
B07DFP5G4Y	0
B08463SSHG	3
B09SRT72CC	0
B07DD1KKFZ	0
B07NZZLPTV	1
B089Q8TBDN	0
B07T3L1PHG	0
B079MC5DBR	0
B00PHSP8RU	0
B01CRXX24S	0
B07TCW29GP	0
B092ZK68TR	0
B08SLMZJJX	0
B088MJNY81	0
B083V4CWBN	0
B002J4UBI6	0
B06XGGZ1B2	0
B000UCWFV0	0
B00T3IJIAS	0
B005VDVBEA	0
B07P68D2NN	0
B00L867OD6	0
B015U958PW	0
B096VPSZLN	1
B07J5FB4G5	0
B07F84LQ5V	0
B00EB929N2	0
B00M9098AM	0
B0054D2678	0
B08BJPH5H9	0
B003XQRAGU	0
B015UGYMQ6	0
B00P1HUSO0	0
B07CN1X32Y	0
B01B22VF5I	0
B07CKMPZMB	0
B019G5UMD4	0
B074DD7CJB	0
B07KQ3M1MQ	0
B0154C2U0G	0
B07D9H6DM9	0
B01CVU9L0Q	0
B07RJMRXC3	0
B012WSANY0	0
B07ZJYKQ8N	0
B01AMXRRMI	0
B07VD1QSC8	0
B07P8Q4R2Y	0
B099F52NT8	0
B08CZ8BRZ3	7
B005KGEMMQ	0
B01N4GJS27	0
B018F2PG44	0
B079MY98TZ	1
B07F6ZTYT7	0
B08SQ7VBYY	0
B00BG6CF2I	0
B09DKC91LD	0
B00NO58T56	0
B00QPQKO72	0
B08GJL4ZFT	0
B07BV6GG58	0
B013D0EQZ8	0
B08H2135ST	0
B004XOY9MO	0
B0769K9CTR	0
B07L9X4WYW	0
B07DCVC3QD	0
B071XPZJWK	0
B00575ZGSE	0
B09W4WPSZS	1
B00F3DOFSW	0
B00BRBUMKE	0
B0B3GJJK52	1
B07ZB6MJ3G	0
B087BZ35QV	0
B085NHFS8Z	0
B008EHW7PM	0
B08G88R6JP	0
B0B1VB4GNK	3
B010RSCWX2	0
B01HCHABCK	0
B01N18JPH5	0
B08GK8XZK8	1
B08V8RFDVJ	0
B084P8P7Y2	0
B08VJ6W6C7	0
B01JROBAWG	0
B09LWX3SVN	1
B01A16Y0RG	0
B09D7FWKW1	0
B08NHX7XZD	1
B08D94XW8C	0
B074SX3XCZ	0
B00RGCNZBQ	0
B01L2MR1SS	1
B07CMTD5WL	0
B0995Y2VSP	0
B01N40LETV	0
B0BNTJ5CC8	1
B086WQCHSN	5
B07BTXMXNL	0
B009X8HBTS	0
B0921K5FC3	0
B07BRZ3SHT	0
B07Q5ZWTMS	0
B00ZG2GX3U	0
B07JJ593C5	0
B08BL7CPYG	0
B0C6KNC7ST	0
B08QCF1R7C	0
B001AEEZZ6	0
B00KW5BPXE	0
B07DTMGNHR	0
B085HZ5X36	0
B07Z5S7V1R	1
B0BG434XYH	1
B00LZSRN3S	0
B086GDZTGL	0
B07GXMF5GK	0
B00YB340VC	0
B0091SUF3O	0
B07ZKGCFP4	0
B08258C8PC	0
B005H6UOOO	0
B00A21URP0	0
B08CKTK3CW	0
B017R0HIHI	0
B0861BHRN1	0
B00K1U1LLG	0
B0011EFEVO	0
B071L2V2P1	0
B007ABQSYY	0
B01LYE2FTZ	0
B07BQCYPRV	1
B094JG6HKT	0
B007ZYE596	0
B07JXN61J4	0
B01J4AOYKI	0
B07T3WZK5Y	0
B003QRPMTI	0
B08TLMFMP4	0
B09N3CLLRJ	0
B082W48CJ2	0
B08XWD556F	0
B09SP2JVM5	1
B00N4T3WEU	0
B09H2HLZ7J	0
B077WY3XX4	0
B08ZNNN6LQ	0
B00J5HLCGK	0
B0785BPDDC	0
B081D2M3GX	0
B0742HMG3Y	0
B00MJ1RJUC	0
B078Y68HW5	0
B00JTF6ZQK	0
B085YDYT6K	1
B09FKKX8F6	0
B01MU2NNS1	0
B07CBSY7KQ	0
B00PXXGTBS	0
B008YB8FB8	0
B00XINMMHU	0
B07FLVJ2MW	0
B00CVV139S	0
B07S5WRL5M	0
B00AFEQH58	0
B08NXNNHS2	0
B092S8JK5P	0
B09M6KC8P1	1
B09QS1M552	0
B0BMKT6TBJ	0
B07FY2T4RQ	0
B08XDLQPX4	1
B09LH63S7S	0
B01G1EH3MG	0
B000UVTZUU	0
B088T5T6DH	0
B019EDNAGY	0
B00HJ1DYEM	0
B08Z4FXYPW	0
B07JHL4Q4S	0
B097PH88WP	0
B071HWQSG1	0
B08D6BM126	0
B0997G1BVP	0
B0B7HG5FQC	1
B01N9VP48D	0
B00KDLSUIU	0
B06VSJVVFK	0
B08CHHB6DZ	0
B003LUKMNQ	0
B08QHW6B4N	0
B00G7KI6K8	0
B07RWFDWHF	0
B09WKCBHH6	7
B08KGBXJ38	0
B0727SD8P7	0
B005LTHPK8	0
B09C9Z7FF7	0
B002IVUU1S	0
B008CFGGF8	0
B007M60PWS	0
B006ZIH158	0
B018J3KQLW	0
B01M1OP09I	0
B07V9GDTSK	0
B0BNPNNFRW	0
B012BO7RPS	0
B016U67AXM	0
B082XN9W4G	2
B00XEGJGCU	0
B0779DP2LM	0
B09XJF8CGS	11
B07D7SF5GJ	0
B075ZFTLKW	0
B08YQGGS8F	0
B00V5YRK3K	0
B00DM1FB7Q	0
B007V8XA6U	0
B09MQ997WM	0
B01BBCVK4K	0
B00HQJV50M	0
B08Y97Q63W	0
B00CX9SMWO	0
B09PRTSYLJ	5
B0083WRKFA	0
B07H86XM2L	0
B077PN36F1	0
B00U3FYHD8	0
B07HJGF6Z6	0
B08TC7LLK8	1
B08GFW3L2M	0
B07DH6YK63	0
B08PF2D2G7	0
B01MQTO54D	0
B00CHALL1S	0
B00N5TISKC	0
B0BN4MRLG9	1
B01J4AFI3K	0
B004TPLJA2	0
B00ATYGMRW	0
B00FAPYPNS	0
B00DHJQCBW	0
B01ENJB7AK	0
B07PF839VD	0
B074KQKHZS	0
B08PFVNWK8	1
B002AMVZZK	0
B00AYRP0W2	0
B07FTP1FT3	0
B094ZYGVMC	0
B09C7RRQKK	0
B0B48W7JZW	0
B00SLLILCO	0
B071WBG439	3
B08QRVDMZS	0
B0073GMA66	0
B08596LMCR	0
B076HH2BMH	0
B09FYFWC8S	2
B08ZMYL39S	0
B07YRPJX1X	0
B00XVRQNX2	0
B07T9P94Z7	2
B09YVFCQ3D	0
B001B15VSS	0
B0B8MZZYMV	1
B07RBV3GR7	1
B07QDMXPLD	0
B07B98PWQ1	0
B00CMEQ092	0
B08KG4K21X	0
B073JRGMSC	0
B07QYNBXYX	0
B07NLMXLZT	0
B018FNSCVM	0
B01M1AFULQ	0
B091CBR566	0
B09NCJVMGX	2
B000ISJZHS	0
B01BPXP1C2	0
B07XNTR3H7	0
B07BZY49R7	0
B00TSBO152	0
B009ELWA8G	0
B076CPX1XD	0
B09KLQ3J42	3
B01D00C090	0
B09MMRCQSS	51
B08B1LXFF5	3
B074JGC4PT	0
B08BTZLVDR	0
B087JGMGDQ	0
B0745VF6D3	0
B08929W3MW	0
B06Y61ZM3M	0
B0B5S1DCZ5	0
B07G2KYLV1	0
B0759FRKW3	0
B0BRC8GHR6	0
B08QCNPCG7	0
B08R6F6P6R	0
B08C7PSY5G	0
B09NDDLQ2K	0
B00YUT7FYG	0
B07LBB3VTT	0
B019PO2UJK	0
B087M472DT	0
B00RTWF0N4	0
B00P1FGQCA	0
B076JZFYL2	0
B00UT4FOSA	0
B0C58YTSHF	1
B01A9QPKB8	0
B01L1YOTCS	0
B07G28MH93	0
B0052ROLGK	0
B078J3P232	0
B08G8FDQKM	0
B00KHYH50W	0
B074QKG7BY	0
B0BC17W7G7	1
B07MVR77S9	0
B071S8CSD8	0
B0728B672X	0
B08PDZP9T1	0
B07R48TJNJ	0
B0BKRR5LLC	1
B00N2KJ1CS	0
B09G9D5BLN	2
B08FXDSKDL	0
B00PXYCTKW	0
B00UXT7CG8	0
B07GH3Q26X	0
B00EDR4O9Y	0
B07816SJ6W	0
B00KTZT7YQ	0
B01M05Q0W6	0
B07RDDJ5SX	0
B07XBTB13W	0
B07LG3KPKZ	0
B00NZA0QFQ	0
B00EKFKS8K	0
B00359UVQQ	0
B071VRR18Z	0
B0721NBNQR	0
B009PHPOGY	0
B07XBSMMHZ	0
B07BTJJ57W	3
B01M7U4G5N	0
B07B9V8ZSG	0
B07GX6K745	0
B083FDL6WF	0
B08LMGSMD9	0
B07QH4VBLP	0
B082RFZS8B	0
B07XFM29PZ	0
B00QKWPB56	0
B0017OF5AI	0
B08C5KZKZ8	0
B005FI9BH0	0
B0058EQTZ8	0
B07GJN6MVP	0
B008JADGRM	0
B07VF95QFM	0
B006VRXBIY	0
B08P2B64QC	0
B0919ZKZDW	0
B071RH4J1Z	0
B01MXXKVQ0	0
B005UAPXTI	0
B076CZG77J	0
B004VTOURK	0
B074X2819S	0
B014O625UI	0
B017A8FJ4G	0
B08SY9CYLT	0
B00LE6JTI8	0
B08LQTP533	0
B079H4JNLW	0
B09G6WJT4D	0
B0BHTQ9JNM	0
B078NKNZZZ	0
B001A7M4VA	0
B07S1BTNS3	0
B01GYJJD7G	0
B091YGD21N	0
B08QGH9HMH	0
B004RTMHTM	0
B07T1FFPFV	0
B07CHQ5QRS	0
B07XXRGVNS	0
B0BJPX2SCL	4
B091HGK4GF	0
B07TJ8W4MN	0
B0BRMTWSKR	1
B07S29GVK2	0
B07FZYNYN7	0
B06XS8JL7T	0
B00942YQH8	0
B084MLVR44	0
B07HCYXDVC	0
B003ZWBGLW	0
B00K04PZJM	0
B0040JKPPW	0
B0B3RJYM8C	0
B008FMRV34	0
B01M3PZNMU	0
B010N12QKW	0
B08WJ53KJS	0
B01MG1UM7Z	2
B00SRS2636	0
B08FBNN6B2	0
B00NIXBP7S	0
B01IC5TWOO	0
B0BGM1R72N	18
B00X03P8EM	0
B07WD2F2GH	0
B07QQPYGWR	0
B00JSQ3PTU	0
B085XXTT2J	0
B07BMVP35K	0
B015T4REFK	0
B07D65XZHK	0
B006WVCFZ4	0
B083YS85F4	0
B09F8J6X7F	0
B0BN784F9D	0
B07NPVBLR8	0
B016MFASJY	0
B07CKGYCLL	0
B09Q8DTRWL	1
B07Y8BMMKY	0
B017MOGSC0	0
B002JVWTE8	0
B07TDFBD25	0
B07MY9ZDQ2	0
B07YY9CYPQ	0
B01A6XAZM8	0
B07Y7BCS2X	0
B07L3W74QQ	0
B01H7KM3BE	0
B08N1DJ5LX	1
B001G601L0	0
B001HK1ODO	0
B08HLSBC7Z	0
B08N3SX9NW	0
B0159UISM2	0
B01EVRP73W	0
B00KY5L85M	0
B019HDV734	0
B085T84Q7G	0
B005PQ7TDK	0
B01K0IPWBS	0
B07QXYGFRP	0
B07ZR2XC1R	0
B079DF4LTG	0
B07QWKD8HC	0
B00A76FEFS	0
B075ZKFQWG	0
B00VC42T16	0
B07HKPNKBL	0
B07Q5Y7N7N	0
B0182WDUAO	0
B07FHZ5VGS	0
B07B8TKTBF	0
B07LBX71DT	0
B00C0CNOCC	0
B09SBPS86C	0
B09ZRMSP5J	1
B07GP1R893	0
B089N1J7WW	0
B0015MGMSG	0
B00ACBYIFU	0
B07H8K33C4	0
B08FT8V6TJ	0
B07NLCJ98C	0
B01EN562G8	0
B08H1SPMBK	0
B08QRSXJ52	6
B09BBK8GYY	1
B08S71Y3X8	0
B00R8L28CW	0
B07V6KXTR6	0
B07YTVQDDJ	0
B071DQBC6H	0
B00FZRSJM4	0
B0842X79MC	0
B072PWPBBD	0
B00ZIBKJDO	0
B0747MXBDB	0
B09PMRLLYF	0
B07S3V1JP6	0
B07P6X51G1	0
B08M5WMG6M	0
B013TKSIBK	0
B0B4MWSX5X	1
B0828P33SP	0
B092QRYX1R	0
B00VJ8IW2K	0
B07Q4YL4L1	0
B01L7W4ZIM	0
B092PTQGYF	0
B074D2V1J3	0
B0969JXYY2	1
B01E9J1KP6	0
B0089HGZ3C	0
B01GEYAZ00	0
B09WR7FG7L	0
B01HIT57TO	0
B078SKKRQN	0
B08V3MM91H	4
B01EOF3E7W	0
B072S98CN2	0
B01C3D6AB4	0
B01BPWARCC	0
B072399TG1	0
B005AQDY6G	0
B00N3643AG	0
B00MXX246A	0
B00NOUYDTM	0
B009EQO8ZE	0
B00AZ23KHS	0
B0137XSZ5S	0
B07C6NRV3P	0
B09ZXGMKJR	2
B009VZYNCG	0
B07D8HT4T8	0
B07GL1WVSX	0
B00JH98J9Y	0
B095Q8XDPY	1
B077K73YG1	0
B0193JBSDQ	0
B00DETQ34Q	0
B0075ROJMQ	0
B019Y9GVHS	0
B00BLOEIS4	0
B09XKLM7T3	0
B004SL3356	0
B07KX573BX	0
B07GGS5K8D	0
B0170RNSZO	0
B008YGD9KA	0
B00T11UH2K	0
B07D736BCP	0
B004QVJ4BA	0
B083ZNG8QV	0
B016K57B46	0
B098SC9XH1	0
B0899TGVHC	0
B01B3OIZIK	0
B01N9XOPLY	0
B07QPZY1Z7	2
B071NF97LL	0
B00TPAQLY0	0
B002UD4UV0	0
B01IA7R8N6	0
B07Z3TBBLG	0
B07YLJBV93	0
B00852JD30	0
B0BQHSTLCT	0
B00YGJ093Y	0
B005F58BLK	0
B01547ZLYS	0
B07NVHPRHJ	0
B07J4J7112	0
B089K2CNS6	0
B07L9BMJPG	0
B008YXCGES	0
B07YH1KHFX	0
B078YBMTCJ	0
B007IDERHO	0
B01N5CWITV	0
B016W5DUGM	0
B00C5H8742	0
B0081YCSSY	0
B07T9C55PZ	0
B01LWE11JN	0
B01LXVB500	0
B00JDYGKJO	0
B07MF2K6WF	0
B07D9BSHBK	7
B01N11VOK9	0
B00W0EMKAW	0
B01DC91YL4	0
B00PFXKCMI	0
B076SXBFCM	0
B07M7P982Q	0
B01HSG3ZTG	0
B00QPFPJI2	0
B09GW26XFG	0
B07L3VL941	0
B07H79YMK1	0
B09YC2PL91	1
B015HMPZXC	0
B003CHVZUC	0
B00O9GH9VY	0
B07BZSSBSD	0
B07M6MRJKG	0
B0754N6KRS	0
B00CH3F7QU	0
B00SLQ3LZG	0
B08XZV59TJ	0
B0B5V3GCBL	1
B07GBJGFWB	0
B00J9TTFK4	0
B07NB696MQ	3
B0B49VLFQQ	0
B09ZKPDRZQ	2
B01F5ZAUCM	0
B01A08OHA0	0
B09HKDBQHQ	0
B007RGCH3S	0
B07CYQGKTS	0
B07SF6X8N2	0
B01N7UJ0L9	0
B08MW535BR	0
B01ITGFCKY	0
B0BD8CH3S8	0
B072M4TVVN	0
B07F8QXS7V	0
B0051Y17Z2	0
B00N2RKN46	0
B01LX5JJTX	0
B071X4VZS3	0
B0BFL4QH1H	2
B06ZY9S3TQ	0
B001TZNPVG	0
B00GG2B208	0
B0BYP39VQT	3
B01LXOPD00	0
B00UVSDMAG	0
B07B7MNXF3	1
B07CYV9MSH	0
B0874CHQYB	0
B077D74F9N	0
B0899B6JP7	0
B0016NLUS6	0
B00JGQXM90	0
B08YQMKNW7	0
B07PNVKM8M	0
B0761Q91DK	0
B007WBJGO6	0
B000J3ISCU	0
B01MAV53ST	0
B081S81MVX	1
B01M9EHI5T	0
B074862PH5	0
B08XJP8X3F	0
B085C27CFX	0
B00C22F39W	0
B085BVSPY7	0
B007TASWKO	0
B078KJ92GX	0
B00D6BA75I	0
B089PWGLQF	0
B0B8NXLF4R	1
B0BZVWHZQK	1
B00DY7ON7C	0
B0BGY3LQ74	1
B00NU0AX4A	0
B0039PTANQ	0
B091KJCDQL	0
B07LG1PR7B	0
B0036GH4MM	0
B07YXXQ4TH	0
B06VYDSYXB	0
B07RZBR8D3	0
B00T1TORAA	0
B00C9MUU48	0
B0B46LNQXZ	0
B07XG7YFM9	0
B07MDLRGMT	0
B01E4KAEW0	0
B08SBJ4HD6	0
B09C5BPNFC	0
B00SBI7K1K	0
B00LMWU4ME	0
B07N1MBHDM	0
B07F8NKWG3	0
B00FFWIUEQ	0
B07XWJ23XB	0
B019WNFPLY	0
B07NP5GV5T	0
B00ZP61U1M	0
B07CXL6Y75	0
B00KT5F6WI	0
B00LVS0910	0
B01KT2ONZ6	0
B00BUAA090	0
B010NLE07E	0
B0BNQLX6FH	1
B09HGWBY2K	0
B07R7PR6GD	0
B00LMM5DFW	0
B00LFW9COM	0
B07BJZWQ7G	0
B005HEQ576	0
B06XH7K1JS	0
B07B6LM596	0
B085NS51PR	0
B0BR13H8L1	0
B011U4ZKOK	0
B01LZRMS8F	0
B09DYXPWPD	12
B00DSIQ50U	0
B07MC87JWJ	0
B07RT47BQX	0
B07XB7GBS3	0
B09FGJXGP8	0
B084BR1X3W	0
B09Q864NMJ	0
B00ZB1GCYQ	0
B01HMMIXD4	0
B014XC92FE	0
B077GH7B25	0
B07QC9MS2K	0
B01FVJ3OXO	0
B09B1ZP5HK	0
B001SN7Q2I	0
B08MJJ1LXR	0
B007YHC956	0
B005VAGIQE	0
B081S6BRKF	0
B078QT4QD7	0
B00H2YJVSE	0
B07MCYXQKS	0
B07FVXZ2BD	0
B07JYXSWDZ	0
B08RH3H3MF	0
B00HX8T48Q	0
B0976DYC9G	0
B07WDMXXFZ	0
B07Q2SFRRX	12
B09CN61KXW	1
B016EQHHUY	0
B0BHSMX2ZC	4
B0BZCRVCS5	1
B08P3R665S	0
B07RDG3XM7	0
B01M66GTRE	0
B07T28W298	0
B07CHP5TS9	0
B07HSZD4GQ	0
B004E1CUTK	0
B075TY9NZJ	0
B07G4GXDVD	0
B08JH1R8H6	0
B00WWJ7AAK	0
B0BRWQVQTL	3
B01LRUQMA8	0
B08H4XXVR5	0
B00OPCKWA2	0
B07HPDN1TW	0
B01CCOYMD2	0
B08GRZB5B8	0
B00F6EC5D0	0
B01F9UYTM0	0
B00M08E5HY	0
B0C496CNQN	1
B07JVQC1Q3	0
B0BR5GMSSY	2
B09MTH89L9	0
B00ANJE3KQ	0
B01I3UDKAU	0
B01JZ4JVBK	0
B07T1KXSL6	0
B07W444JG9	0
B0788B9245	0
B000J4FCSW	0
B07S45C9Z1	1
B01C68EIHY	0
B07HZ9YKB9	0
B07THZTP36	0
B00DSNV2CQ	0
B018GWP1J8	0
B011DAZ5KK	0
B0833YG96K	0
B0C4X6FCHD	1
B002C7QDF0	0
B09JFF18NF	0
B0928PSTGY	0
B081TLHKL6	0
B07Y84X45J	0
B008KY0KZS	0
B0058XP28O	0
B00MZIH9OU	0
B08HRHSX97	0
B01MU00VD1	0
B00YYE1TQ2	0
B017YCT99E	0
B08BHNPV1P	0
B07NH7XXGZ	0
B01F4WK6IE	0
B000172RJO	0
B0182GSE24	0
B07QF23577	0
B07R7BMKCT	0
B09D8PCSXW	1
B07TC9WV45	0
B07V2CKJ6R	0
B00GFXJZZ2	0
B08PCJGQJP	0
B07CHGWN58	0
B0BKG26GPZ	0
B00A7OXQ1Y	0
B07L92BRLF	0
B07YVGJLTX	2
B00XG168IS	0
B091B2CS1X	0
B01JJFIPHQ	0
B01M7NX0A7	0
B0142F9JB4	1
B08Y8KB3B1	0
B08LCGY267	0
B0198EG77I	0
B07CG9648Z	0
B07L8WY388	0
B016N908A8	0
B00E9I5WWK	0
B086D6GDSW	0
B00XTZXEJ2	0
B01GZMJAAM	0
B00M1W466O	3
B00KWKTNME	0
B01M2UBNZA	0
B0932M7GKS	6
B006QQ1L82	0
B08F9R5RJG	0
B07BHSWG3Y	0
B06XG35WXX	0
B0B5GBGQZ9	4
B0113OSE54	0
B088KT5Y12	0
B008XM8E14	0
B00BV2OI2W	0
B07CL7ZS8F	0
B08LPR9ML3	0
B0007MG6FO	0
B073GP569P	0
B01624Z46M	0
B0096VPXXI	0
B08K2BCPSJ	1
B07CKFF3XD	0
B07DGGR7DW	0
B00HSHIO42	0
B008M68ZC4	0
B0742NTN36	0
B09WMXSJX1	2
B017HLUTWS	0
B08LDNQXL5	0
B01N9JCKGI	0
B07QMQMKF7	0
B008LK6G9K	0
B01N5WNNFY	0
B00K7V6254	0
B00B1YPBXU	0
B01JYUVN3E	0
B01M23U3H3	0
B005GYV3FG	0
B076ZY3RLY	0
B073Z7D5NT	0
B08K3J2XNY	0
B0BCHN73SD	1
B00E2P9HG2	0
B009IAQOB2	0
B0070T7S68	0
B07ZTVF98J	0
B00558NSU6	0
B00RDS1G3C	0
B01DHFAFOA	0
B005DHXPYS	0
B07K2KT9C7	0
B00N1PDBIO	0
B00B4RZYQS	0
B07YZ3S7RQ	0
B07HB8Y6RZ	0
B0C3C643RG	1
B00FPUJREA	0
B081BC1LRW	0
B00LWZQETI	0
B00AYGE9CA	0
B08JLDRLFY	0
B008L5GZT6	0
B004JXWU34	0
B00BKUV2K6	0
B08P2Z6NRQ	0
B081RR9RM2	0
B01N9ULHBF	0
B0714R2TL3	0
B008H1C5IE	0
B07K7D7648	0
B01B3AI0TS	0
B00JZZZLZK	0
B00F7NOO0C	0
B00Y83KLDG	0
B089GY4Y69	1
B008OVRXT8	4
B00QA342NW	0
B07RBP5DR9	0
B075MHMZ8R	0
B0834QS3GS	0
B014YAU3SA	0
B07KRP896D	0
B00PYB2KLC	0
B00K9W6AIU	0
B01MYVJ8BW	0
B009L51LD0	0
B07NGM23Q2	0
B0816RVVJ9	0
B07NPWJVPS	1
B009T09BYS	0
B007IGWPLQ	0
B0BSR3X66F	0
B088NNSQFZ	0
B016L48MBC	0
B012B219X6	0
B08JPZ1RCP	0
B07QZJ76JS	0
B09WQY8456	0
B09JG9WZB7	1
B075WS526R	0
B07C8FM56N	0
B07NKBP6V4	0
B0B31JFX4H	1
B00K2BDMNE	0
B082PLJ6SF	0
B081FK41NY	18
B09MCM7FP5	0
B06Y4RQXZY	0
B005YDQL60	0
B08MWNB6GP	0
B07YMMP58W	2
B0BJHB2HY3	3
B00AFVQ6CA	0
B01E5IWAY6	0
B01GP9NJLG	0
B07RWZDSM1	8
B0BFXBZN6F	0
B08SC7QKC8	0
B004GB12ZQ	0
B08Q3MS5WP	0
B07H8PYFD6	0
B006ZMIYXM	0
B005OTUTRG	0
B078Y9CC8P	0
B003UTZUF8	0
B0B6DFXV4C	0
B08T8496TF	0
B08MCF3LF7	0
B07S88TKXW	19
B014SVS3SC	0
B072ZDR756	0
B00VJSYXPU	0
B089K94VFY	0
B011VGB5TG	0
B00NJ43V50	0
B00BJU1X88	0
B008MZ7P44	0
B005DXPCIO	0
B00H7MW1LU	0
B07RBK37M9	0
B0757DXR8J	0
B00K8PIQ1C	0
B00H3K5DBG	0
B07GL67JRP	0
B07Q12S4MQ	0
B07TTLTSQB	0
B09VLR3Z3W	4
B01M0XPGXV	0
B07TK8YF27	0
B00CRVY362	0
B005VSCHBG	0
B0B3MVMSPL	0
B07HCGX8X6	0
B083MXM652	0
B000S5VFL0	0
B07LDX83F6	0
B01DYPUZ0C	0
B0159I2VBI	0
B099KMQB97	0
B00KSU6PLK	0
B009URJ1RC	0
B00A45OZCU	0
B0114OOII0	0
B07SSXV5TJ	0
B01EUVF1IK	0
B00DW7MJC0	0
B00LLKIY24	0
B01IFI35ZA	0
B07RSQBV49	0
B009CC52A0	0
B07F5QD826	0
B014LPJZBO	0
B00U23WTUE	0
B003QH26TC	0
B00DYRVOK6	0
B085RLH5L7	0
B00RZV6AY2	0
B07X2Z1L1S	0
B001BA7M0Y	0
B00I1DTWAM	0
B07NLR9FP6	0
B07GZG85G9	0
B0B612NMPC	5
B014VZRT6C	0
B07HQCHXMW	0
B00U14V3SS	0
B00I81N90G	0
B0088QY1IU	0
B08FT1SJKK	0
B01N0Y0RQV	0
B00DU6ACCC	0
B07M7P8NHG	0
B08PKMZYZ9	0
B07MFKLHD3	0
B079L53VYM	0
B075LT9MJ9	0
B01900O8HQ	0
B07BP7RHVH	0
B01EZEGI1Q	0
B07771N2QJ	0
B09197LJ5M	0
B0865JRV2G	0
B07BSCKPFJ	0
B00JOVIKLW	0
B07H57JG2T	0
B08VDJ9LHQ	0
B07YLJLGX9	0
B0995J3HYK	0
B0773Q1CTM	0
B07BJM5GR6	0
B004Q7D3F2	0
B00449LAPM	0
B0794932Y9	0
B0BQN7NG5N	0
B06ZY7KBMK	0
B002ERGIG2	0
B072JYMTQW	0
B01IFNYMRA	0
B01IFX9LWG	0
B00NYE6STQ	0
B08TWBCKXQ	0
B009AYL41G	0
B0174EA22A	1
B07WBZVG53	0
B06XYTND1C	0
B0B9JD1X4L	0
B07DVRXF37	0
B0B46J3KM3	0
B07XFGRCGM	0
B00Y5PXI4G	0
B00ELMZYXQ	0
B09JSJR4FK	0
B002NWJBIK	0
B002UDXYCQ	0
B09QXQKZ93	0
B006WDLGX4	0
B074SKLJQH	0
B08K2Z1DVX	0
B00CPFLOYO	0
B0BJ8J553P	0
B01MYYE9JT	0
B099F55746	0
B0170JINZC	0
B09NPS1MS9	0
B09WDNF6P6	0
B004TMEINK	0
B07ZR14NT7	0
B009SPS1MM	0
B008MB24GW	0
B07YLZLPMQ	0
B005DLRATU	0
B00K7I5YUG	0
B07BYDKL94	0
B00WB99UL8	0
B088PWMMTV	3
B09TXDNZJL	3
B06XPV6BDS	2
B01N52X3X8	0
B007NG1H8S	0
B00IZJ3YTM	0
B00LP909DS	0
B006QLIWD4	0
B08T1RB2KF	0
B00CRX4Z9A	0
B010OQC3AO	0
B07YJJD9MM	0
B06WRT9T6F	0
B078BPD48J	0
B00KZOFS4O	0
B00QU6VMN2	0
B06WLKNZNC	0
B09FYZQHP9	0
B0059WU0AY	0
B073TFHJKS	0
B001VNBIH4	0
B004K3949Q	0
B075QYCYW1	8
B099FFKSRV	0
B06ZZMFLBT	0
B08C4W9WH5	0
B0168W7PJM	0
B01M66D9P1	0
B00619AK6I	0
B00DXOFO24	0
B01DM3CQV2	0
B01IBK0Z96	0
B08SHXVHV7	0
B07DM238ST	0
B078STFF59	0
B075KJK5RX	0
B00L2X609Y	0
B07QX8HTT7	0
B002M4HEBK	0
B09ZXDBTNQ	1
B01I33KBUE	0
B00OYCTHG8	1
B00SB0DZY4	0
B00LG9S1SW	0
B0727T2JNZ	0
B09SQF8TJJ	0
B082CKTTKY	0
B07SF2WC65	0
B06XTC3GNG	0
B07YLKLRH6	0
B07MJFCTXG	0
B0007N53K2	0
B08GX6CR7Y	0
B01GDDFRIM	0
B01BGK0MDW	0
B00H4MRO8S	0
B07DJWZYPV	0
B00JY9DCBW	0
B07S51P1QW	0
B017FE1AX4	0
B07ZV6C4DL	0
B000J4KHK0	0
B06XC8HPFC	0
B07D8L63Y2	0
B08BL5PWYM	0
B00W0YGQ2K	0
B07CKZQRYG	0
B00LO935LC	0
B01N2KAVZP	0
B01N3MG10D	0
B095BQQ5G9	0
B01605GWA0	0
B0B7WY3DYM	3
B0BBRKC345	1
B07BM9FH8Y	0
B00F25PCSS	0
B088D46Y26	0
B00FZIS126	0
B01IGQNGGE	0
B077P7TG49	0
B005GVKFP8	0
B01JOTZKE8	0
B09C1Z192C	0
B07Z84GRFR	0
B06XBM6RJB	0
B08FYDG8MK	0
B085VP4CCV	0
B01MD19TV6	0
B00E41WDTM	0
B01AUL4VQC	0
B00G6MO6N8	0
B07XX7BM4T	0
B07JVT7H97	0
B07F96YNJD	0
B09RC4H9TQ	0
B01H3RJBRA	0
B09CG28MLC	0
B00H87J5B8	0
B00M0VV222	0
B07BK479BC	0
B008OJV3TQ	0
B00MOZE7XU	0
B01GG98WEO	0
B07YGH6PQJ	0
B07DNY6Q7C	0
B07H7MWWRV	1
B07T8FRYCK	0
B0749M1HVB	0
B075FL65WP	0
B00H6P16ZA	0
B0BTP2YPZJ	2
B08TTZB5J2	0
B001W02YM4	0
B0BQ1DSLKS	2
B07KJMBXXK	0
B07RWCMBG6	0
B08NPT6P2Z	8
B08F7T5K7L	0
B06WRQSNNY	0
B007G2RXF0	0
B07YMVZ8CT	0
B01LMZVE5Q	0
B078SPVRP5	0
B007LC9BY6	0
B00B9AME1S	0
B00OUQEGZU	0
B0B2G1XSHM	1
B00XY8N4D0	0
B08239PXBH	0
B07QZJ3JX5	0
B00DJ1XQ26	0
B078X3G4YT	0
B013IAIZZA	0
B07DLSL9ZG	0
B014W4PK7C	0
B07141HM8F	0
B083PXFSL2	0
B0B63GD23W	0
B07PVFPQY3	0
B007QYUYRC	0
B01MDOAIBV	0
B00PSWE3AI	0
B09T6Z2WB3	1
B09WTLFQ7F	0
B088QBTN7H	0
B08SMP2MMB	0
B000VZUYAK	0
B00DU0IYIW	0
B07W8F91KQ	0
B08HD68VXR	0
B01M6A0LO3	0
B0754D6Z6N	1
B083K8G5N7	0
B0036CFWLQ	0
B07FKDYHPT	0
B01D513IPY	0
B0745KCYHQ	0
B01LZ9I71V	0
B09XMH5BVN	0
B07Q2763J8	0
B07H3KXS1X	0
B07K46GBFM	0
B07GBVPN7L	0
B07TYM1KN5	1
B01DRV4GCQ	3
B00KKL7IL8	0
B01CK4YZEU	0
B079ZQ1LKM	0
B09YKFSDWX	6
B09MKJJPFF	1
B0149S5IVO	0
B01A1SAR9O	1
B07ZL2VXDF	0
B0915F46PG	4
B082WZ1Q71	0
B08NDFBTWR	0
B0B3SGZ1K2	3
B0B4RKPMJ9	13
B08R8RXJ58	0
B00TUF5ZGU	0
B07Q2Z4SVS	0
B07S65B2SH	0
B003IO8N0Y	0
B09YRKZNC6	5
B079Z33R4V	0
B0B7JJ7MBY	0
B07C5J992D	0
B01JRU0GLQ	0
B07HFMTFNX	0
B08M65FXHG	0
B01BH6XY58	3
B00KK9BPVO	0
B0085TXAXC	0
B095CCFZDK	0
B014AA341C	0
B0B974LTZX	7
B07BJM5T7K	0
B07CKZ573H	0
B07VL3YQN1	0
B000F4R9UK	2
B077VLGB1Q	3
B00AOAN3V4	0
B07TRNPDJ2	0
B01N184518	0
B009WLE15S	0
B004UONPVS	0
B0089UQHVY	0
B01LWKF774	0
B08VF983NG	0
B00FZUBN92	0
B07DYJH1VL	0
B079PWCL7H	0
B09MK7NKFS	0
B07HJDBN4L	0
B07RG33GQK	0
B075GVZ4GQ	0
B00BJ04MG8	0
B005I0G2RC	0
B00P72301C	0
B00GXR9D20	0
B001MDLTS6	0
B00669R8HM	0
B08KZH5NN2	0
B07D5T7RVJ	0
B00564TWTU	0
B08KVP97CL	1
B000HG9RF6	0
B07168BBPZ	0
B0BJDF4LDG	4
B07ND4SZZ7	0
B084JM6G5H	0
B01B55LXF4	0
B01NA9O1GV	0
B00B8VQGDA	0
B00GJ81GH8	0
B09J2PRCZZ	1
B07W9L3STC	1
B01ARFWBZY	0
B07FM45LDP	0
B00JWRE4DG	0
B00HGGUBJG	0
B00CSXRNT8	0
B07512ZTXZ	0
B09H5X7Z51	0
B01N55U7QI	0
B01AO07PB2	0
B07HYMWV9Y	0
B0058XLGIY	0
B089K2Y7H8	0
B00CEMN9GE	0
B0784RDCXJ	0
B0B48WGQ88	1
B0721KZZHK	0
B01EVFRGCY	0
B00DLSSNF2	0
B07ZRWZ5S2	0
B0018WNDTO	0
B01EFVYAPK	0
B0868HBK4T	0
B08JZ5CYWW	0
B07TJFC5XG	0
B0053X8MYK	0
B01C6UCGQM	0
B01BX02KH6	0
B073SBY1V4	0
B00P6W8XU6	0
B006ZTUADW	0
B012YT85D8	0
B01J6DF96Q	0
B0BD95V1B8	7
B075XQWDHS	0
B0C5MH6KT2	18
B07GTKPQSH	0
B01FVSVZ7C	0
B074YWPQS4	0
B000GRNYAK	0
B07X65JCKH	0
B005GO4FOW	0
B017BR7P7A	0
B0BC2JHB1N	0
B0BP1XZ3B6	2
B010OR70F6	0
B07G68R2ZH	0
B07G1TC1X8	0
B071D877KZ	8
B01I0PFZD8	0
B00GUNRBDA	0
B07B9MTL5M	0
B01NBHKCD6	0
B06WWKK9G8	0
B00PDHRUOY	0
B07ZY1G245	0
B088LP79HR	0
B081SN6WLP	0
B07ZH7VHSC	0
B08VHQ196Y	0
B00KQFB864	0
B00KYJE9H2	0
B07GXB6MPF	0
B01GU6448G	0
B01BS92G6M	0
B089D566YR	0
B08C2K7MYH	0
B00L10V7FK	0
B082VSZ42L	0
B07ZNLTF7X	1
B000HGW7F8	0
B01CU6DDDW	0
B07MKHGDL3	2
B00AJLK3LQ	0
B00IX1M1Z0	0
B071Z8NMB6	0
B009W5CYWG	0
B01G62KQ7W	0
B0719SBYRJ	0
B00188OG7Q	0
B00VT2MNOY	0
B086HBGNH4	1
B06XXCCX6P	0
B06XX3R37Y	0
B00ZSPI8RY	0
B007ZNFC4Y	0
B005O65YVA	0
B0BNJXVDRV	1
B07BQG28R5	0
B00VARDNCO	0
B0922CY4N8	0
B00MIIL28Q	0
B07NL3QTKM	0
B08W55YZBH	0
B00U6ZQH1A	0
B07WWGNR5R	0
B081FCLMMX	0
B07H4KFTW7	0
B097QYLCV4	1
B08JGWMRVB	0
B01MQFNT4F	0
B09KZQCTZX	0
B0058WZI20	0
B00MY2IVQM	0
B07WZKWZWL	0
B0094QJV5G	0
B07KS17L6N	0
B09SZ3C927	0
B07SK9862C	2
B0BZYJQR4K	5
B09FVNRCGT	0
B098NLRPM6	4
B01CKITVL8	0
B0089Q0XBS	0
B0085YHSYY	0
B003QP3WHY	0
B089N93XV3	0
B072HNH3K7	0
B00CVBFCAO	0
B00DSV8VRC	0
B0194QW2UQ	0
B07VLFQ658	0
B08LHBXG7V	1
B006ZU6T22	0
B007RDAVPW	0
B00C0K0N5K	0
B09BQ7JDXS	0
B08FLWTZBN	0
B08PV7W6CV	0
B07L2JMC48	0
B00403M80I	0
B00B8O590I	0
B08DKLS5D8	0
B09D9QXFH7	1
B07V35Z731	0
B08LV5B8FG	0
B099ZM5SG6	0
B006YDMAWS	0
B08NXBYYC5	0
B07FDSTS69	0
B088H6P2X6	0
B08CSV3V63	0
B073GPFFJ7	0
B08FDCV863	2
B00E4210L8	0
B07NQJPFB4	0
B08F6VR26V	0
B01N544KPW	0
B07PR948CH	0
B0B1KW5X1V	1
B07HFMFRSK	0
B00ANH66GM	0
B00FX6K3KI	0
B01IPSKUFS	0
B0BDL1SBG4	1
B07ZTBVMXW	0
B01N0BYBUR	0
B00023JZX8	0
B076CBQSHY	0
B07F7BVXMB	0
B00PUS2QOA	0
B07QHFX9Z9	0
B00GY77E0M	0
B07FZ5Z9CG	0
B07X5SPJT6	0
B017KIMA6Q	0
B00IS8KE8O	0
B0BPH5YFH9	1
B09BHPP596	0
B0077QTTGG	0
B01N36PRNE	0
B01APW2XKC	0
B00RDZOMAO	0
B00OW22VUY	0
B08BZT5HZK	0
B09XRBWWRP	0
B00XU2WSMS	0
B019M2BW30	0
B01MRS36L7	2
B076H8LM2H	0
B0052JXB3W	0
B0B5DBLNJF	1
B008EMMC3O	0
B07VS262G1	0
B00BIIQB4W	0
B0188GE0IK	0
B01MAYLFJH	0
B00591T6J6	0
B00CM9GVOG	0
B01BMYTAR6	0
B00QSGX4O4	0
B000U48VYS	0
B071P9PJ3H	0
B01DNNFIWA	0
B0BNVJRCSQ	1
B09NLTNSZC	0
B007P2GSM0	0
B08JCTG8J7	0
B00EPKXHTC	0
B09NLM8TM9	0
B094G6D2D8	0
B07JMD6WLF	0
B08BZP7DCM	0
B08CDZ271M	0
B00K0NGW40	0
B0BGHFN87N	0
B08B8BRNRR	0
B00DT582FS	0
B01M07DGTM	0
B09QGYW6DV	2
B017NL5HLA	0
B096NX35KV	1
B005F0J0JC	0
B01LL0ORYM	0
B0834T9DKM	0
B07CTH4SGF	0
B00TXHOE30	0
B07QFWMJFW	0
B00WQFW9S8	0
B06XJLDRCT	0
B00LQDUXD4	0
B07YWM4SQZ	0
B0845SLF8S	0
B086353C62	0
B083WDR23P	0
B00P366OWY	0
B07W14T6JP	0
B08GKQ19Y4	0
B01F50S8UI	0
B01N1GPAHF	0
B075Y9T2YW	0
B0B9BGBJWD	1
B07HJBJT32	0
B08TG8P6HD	0
B07H3XHTG6	0
B07GZR1KF9	0
B071X3YSKC	0
B01ID5A922	0
B09J1M2QKL	0
B007A7FU5Q	0
B075KG2ZTT	0
B07KXTBD9C	0
B06XSMCHL4	0
B07RM29Q5Y	0
B098JJR8BR	0
B006V99KQE	0
B078NZGY8Y	0
B00FABULQM	0
B018F579G4	0
B09FY1R11V	0
B07PXTY439	0
B07DG6CS3T	0
B084YSPW2M	16
B07QFQK9WN	0
B09FKW3M2N	1
B08YK1WWZT	0
B09NN4WPYJ	0
B075HX5YDX	0
B08NB3CNNH	0
B07GT9MXF5	0
B08GPJZCQX	0
B08FJ33R83	0
B07C9Y6P34	0
B07C9BQYX5	0
B01BEK3WXG	0
B00BJ811GE	0
B08FCMVFH7	0
B00ITKT4XM	0
B076BNX4YM	0
B081673JHQ	0
B07MJCK5SS	0
B00E68WP9Q	0
B074SJ95LX	0
B082LTVLDC	0
B08LBM7Q28	0
B07XLDC9W9	0
B00U0HOR7K	0
B00LU40NRU	0
B005D70WMG	0
B01MZ8PIB1	0
B07W53L7FY	0
B074P23NCB	0
B07VVWPQ4Y	0
B07QVWB89F	0
B07GJW78DG	0
B07Z49C41Y	0
B004J4XGPE	0
B01DEB2PC2	0
B07DZXD4C2	0
B008OJLGAM	0
B01IK3VV5Q	1
B00FGCPPTS	0
B01ALY2HMS	0
B0173VXDTS	0
B06Y1MCJXW	6
B00ALB1FGG	0
B0BBF3JJGS	1
B00WMBGZV8	0
B0789N1FGQ	1
B07FT68RGM	0
B07BK5RQVG	1
B07ZFJ8KBW	0
B0BNBBSNNW	1
B095C8TFDQ	0
B07NWYL487	0
B07YV9T2MF	0
B00L4OK32Q	0
B08K2V9GFV	0
B005N8TRF8	0
B07JFXJJCW	0
B006PBA0GW	0
B073X1RZTC	0
B000FGJL5Y	0
B07BF53C3Z	0
B09K69H7WY	0
B07DJ89JC3	0
B075WRT4G5	0
B08Z2XNTWS	0
B072YXPQRV	0
B0163HGZB6	0
B0748F16XQ	0
B004CCQXPI	0
B07FKLSSVS	0
B003JZCQLO	0
B01AUPK5BS	0
B01K4DCMNA	0
B09YDBTBTT	1
B00CN4ZML8	0
B005BZ2VTC	0
B0761X15WT	0
B08KCV3FZK	0
B072M71YSH	0
B005XIJI20	0
B094RJ3ZWD	0
B07K65S6G8	1
B00KGOHAVC	0
B004J2O952	0
B00VA1U2H4	0
B07JFGSJ87	0
B07D3MCHRZ	1
B07QD2N9DT	0
B00GNAL1OU	0
B0B64HRC7M	3
B01HTENQQO	0
B0997ZK8P8	1
B07WTRP6L5	0
B003TWORYG	0
B01MQND07Z	0
B07369H7RK	0
B01G8GFA4K	0
B00CYFWIYA	0
B007X4A4P2	0
B00GS5QI9S	0
B07JPJF5PR	0
B08KT86VZ9	1
B083JXYGV4	0
B07GXDBWS8	3
B00PIWL4QE	0
B06Y17RTPY	0
B074X6Q6GG	0
B089NBPTS2	0
B085FT43TV	0
B00IS9O524	0
B07ZYZVPTK	0
B000QXTDGI	0
B07RPB4753	0
B00HD8YIW8	0
B074FW61V1	0
B09PY8SPV7	1
B005JW89XY	0
B004AXRYKM	0
B0899PWBK8	0
B089N2V62P	0
B0814MK6SM	0
B088PHHTNW	0
B0044UYNAU	0
B01DLHNSAM	0
B0777YPTGR	0
B01KBEVPBW	0
B07RZT68KQ	0
B013Y2N28W	0
B00KG1BK34	0
B09D5KG1PC	0
B07PNCC6GC	1
B08M6D75TV	0
B08DTGL6KK	0
B01A7T2BRS	0
B01D4G5ZMO	0
B00M046ANA	0
B07HKLL7YF	0
B07TJ9PBKR	0
B09TQX8MD8	0
B09TSDRX3F	0
B08LW3H4CB	0
B01C633SX4	0
B071CPQVB5	0
B000FHEA4A	0
B07JCNSV71	5
B07CM3LZCC	0
B07LBHVC4C	0
B08N5NX93H	0
B083N3HZHV	0
B075K877H1	0
B08F7N8XYD	0
B00SKAJMF6	0
B07FY39858	0
B07XP3LDMC	0
B003YLTSK0	0
B00LADMLVW	0
B00MMU121M	0
B0076TPF5I	0
B00LGID1EM	0
B007WACQI0	0
B01GS5MVY8	0
B00DG9VDUS	0
B01MRFJ7IG	0
B005N732P0	0
B08T7K3FSF	0
B071HTQ2V9	0
B01EAF9FX8	0
B01N6BE328	0
B01L0EWQEW	0
B01AAZMINQ	0
B07T2YHBNS	0
B0C851SF91	1
B08R3PDQHG	0
B00QXMQW7Y	0
B0721D3FG8	0
B07L51LQKH	0
B00USO9NCY	0
B005UWIPLO	0
B016BCWIA0	0
B08C2H5MLK	0
B07S1Y2K1C	0
B0BNV8DT8L	1
B00MT66ZJ8	0
B0CB54GD7Q	0
B0836NT35X	0
B092V2GTK1	0
B00KZ1JWUI	0
B00XK6R2ZW	0
B072ZZM7DN	0
B07T68Y19Z	0
B085T5NY2L	0
B07BTVQKTK	0
B08417XN9W	0
B06XWM5P7K	0
B07KXL5H8J	0
B01JNUJP3K	0
B010N9KOLW	0
B094N86Q99	1
B07XG2DRS2	0
B00V39PORQ	0
B00IWLUG62	0
B09HM9WNHR	0
B083NT5B68	0
B08LT8DL8W	0
B01LZ4236E	0
B07Y5VJJ39	0
B00B2A2NRU	0
B0BJQG2XLM	0
B07DM7ZZ33	0
B07VSZQX54	0
B006CS8DJE	0
B08CQRBJ1F	0
B00ZHA9VVM	0
B00SJRFG3C	0
B094YH6MC2	0
B0932YTHYD	1
B005GBV2Z0	0
B07L9XJSF8	0
B076HLF7K7	0
B08516Z84X	28
B00FRDAWLM	0
B01N19ZJOK	0
B007IL82FE	0
B081PPYYZ6	0
B0BRPKSDCS	4
B0826XNVWG	1
B008OGO0KS	0
B09NLRJ5HH	0
B08P2RN1ST	0
B07S76F6S1	0
B00VHL3LBQ	0
B08R9BFYFG	0
B008CI468E	0
B07J6NK54T	0
B00SUZ8T14	0
B06XVGXR41	0
B00X3S1V0Y	0
B00FYXKDJ6	0
B01MQVUT47	0
B007F4ZJQE	0
B00K3BG6C2	0
B07ZTVT2V9	0
B01N9M5SN2	0
B0BBPS72GV	1
B00H4MYKUS	0
B004ZIP2NS	0
B00L9C1DWM	0
B09CPDYJJ4	0
B09GVZKTBN	0
B0728JNZX7	0
B07BXBYGDX	0
B07Q7RY523	0
B096ZNVBDC	6
B00N72O1V2	0
B079RMHR53	0
B07QMJNTNF	0
B00UTYE5UI	0
B075J1WR5L	0
B09NTMV97H	0
B09H2ZC1DJ	1
B096574FCV	0
B00NEPFBZ2	0
B07WNGKCTH	0
B002QB0W6S	0
B0009IJO8M	0
B00BL71NKM	0
B08BG6PVMP	1
B075VD66DB	0
B00I1S3GE0	0
B01EGLTKBS	0
B015CD97KI	0
B01KZKG7QU	0
B001OIQ0B0	0
B00W4LE7M0	0
B002C3IOHO	0
B07B1PSYZ4	0
B00TT6TY6M	0
B0BZJ9FKH4	2
B009LJ95LG	0
B075D9YZJT	0
B0788F7P8J	0
B00BN19UEM	0
B00SMIAT0S	0
B07DNNZJXN	0
B007HKPALK	0
B09DQQG4LS	15
B01484AX14	0
B083LGN2FS	0
B00T88ZZ96	0
B004MYGBCQ	0
B00HJJEZL0	0
B07SK7X82K	0
B07KZT5HT7	0
B01ITLXE8G	0
B00LWV1XAW	0
B01I7QXV7M	0
B07CMLXVMZ	0
B01M7S8RJ7	0
B07YF1GS42	0
B0141D09C0	0
B07NGK9KSN	0
B08KFMR55R	0
B07G2DCWN6	0
B07JJFBQX3	0
B00RW1AUKK	0
B0833Q6FW2	0
B076PD4NXT	0
B08SRCW9JG	1
B013HMN4M8	0
B0BD4MVWHK	1
B00RFAR2M2	0
B0BRP7XKVY	2
B00AM4JCR6	0
B008NXMJRS	0
B07DPC4Q7V	4
B00KZDYM6U	0
B098XSD8BL	0
B005OAHUEU	0
B01EVI2CMK	0
B079YYHB6Y	0
B01DTZJ20G	0
B00B1UEO3W	0
B015187ALC	0
B073RP93BD	0
B00YXOCC9Q	0
B005TI3NA2	0
B07KPNCSRK	0
B01IYGK3P8	0
B00J2R7A32	0
B07TYT8J5B	0
B07P7QZHNX	0
B077VGR9LX	0
B008UDESOS	0
B01H7CTB0S	0
B07BT1RJMV	1
B074QPK7YC	0
B07CGQ7QR4	0
B08Q5KDLKZ	0
B07VRKR3HJ	0
B07H2YVNRH	0
B0081GEMLI	0
B07PPG5WC1	0
B07D26YDWG	0
B01BH7XE98	0
B00GS6RTSG	0
B07PRDZYG7	0
B07VGBQ6QN	0
B07WTC9D5S	0
B009TJRJLG	0
B07MQP6R2Y	0
B07GFQFP8Q	0
B0956LHK6H	0
B0773WVQ14	0
B000H8FMP8	0
B00LI09QFQ	0
B07JDFKWNT	0
B0BPP56L6R	0
B0080RE06K	0
B09XB3KK99	1
B01M640RRN	0
B0148K8YNC	0
B01I4CJZHY	0
B00194AWVI	0
B01CT0FD1Y	0
B07BNZ2XWR	0
B07FZBPQVB	0
B08G51WNHB	0
B07FBJYSDW	0
B07FMLX13Q	0
B00IT5DZK0	0
B07981734H	0
B077TXP655	0
B01LYCMZFM	0
B019ZYFFCE	0
B0B2VWJ2LP	0
B015NUSM4C	0
B08H5D4BZW	0
B07L59H85X	0
B08KR2W9K4	0
B08C7BPQ44	0
B07XVDC6VX	0
B01N5V37IJ	0
B00EYNHE0S	0
B07TYR4RNN	0
B07PFTN29B	0
B00ECW6T3E	0
B07BQTBKTB	0
B005C4Y38E	0
B00PMCZO5W	0
B07B2Z1ZKF	0
B004VO8XZ0	0
B07PDTRVDX	1
B07BHLZB5Z	0
B0733S289K	0
B0B9H72X27	0
B07CVD1PSG	0
B00JPQF01O	0
B0001W0U5C	0
B00STAXSZW	0
B00ZHJ551S	0
B0B9W19249	0
B00EQEL1CW	0
B01MS9NYY3	0
B073JCC5NS	0
B0073GLNN2	0
B0B7WBVZ84	2
B002QMM7W4	0
B078THM3H5	0
B000V24Z2Q	0
B072BHW2G2	0
B01MSLEPK5	0
B00U4BJE6G	0
B0829DM7R1	0
B077D6P4F8	0
B092CKN635	0
B073C862K6	0
B071X6BV2V	0
B07T73KSW4	0
B07VM8F7SL	0
B08P3FP2HJ	0
B096X9M1TT	0
B075FPPDSY	0
B07YFJX9C8	0
B00408597W	0
B01DD2W7RK	0
B01LWCUQ4T	0
B005VLU63E	0
B002YQ2SZ8	0
B075VKYFZZ	0
B08R5MNTMN	0
B010E9U0B0	0
B09K6BBLFX	0
B010C7ZJO2	0
B07D4Q6N8F	0
B01MA3QIOT	0
B011ZIQJNC	0
B013T1NZMG	0
B00141V3GE	0
B09LH42SCL	0
B07WPH9DY7	0
B07C452XQS	1
B00QL5UU8U	0
B07DVCLXC4	0
B01338ESUI	0
B07ZR6DLR8	0
B01DBB8DAI	0
B07NNY328R	0
B08C3NK97D	1
B01LX3ETX6	0
B07PGZL62L	0
B07CQNCR97	0
B00A3HHDR8	0
B088GSN76H	0
B086WQTBQK	0
B07CK6NYFZ	0
B016N6H3WC	0
B08YQPNZN8	0
B07CYTQ6WS	0
B006RD9BEA	0
B07T6G3W5Y	0
B07747Y4H6	0
B00I8TTJH0	0
B00F4O30A4	0
B015PQ9L4Y	0
B0777JYXPD	0
B06Y69YN9M	0
B07H25FYR9	0
B00NN0M0JI	0
B01EFQ64YU	0
B07H2QQ45Q	0
B097F6DGNK	1
B004R1LP02	0
B09WR394D1	0
B014B0VCPQ	0
B00W8B17IS	0
B00556FG9E	0
B079HQ9TPF	0
B00JVWSE56	0
B07WGS2LD8	0
B07GBGTN3C	1
B07D7HNTJY	0
B09V4QPZ85	0
B07TRMXJNX	0
B01I0GVE1O	0
B0B4PK7R9J	2
B07YHGXW5X	0
B08YN52T84	0
B0B5D3BNZ6	2
B0BHTX55N5	2
B01MXYU9MO	0
B00EKV0GJU	0
B076VLN92F	0
B01M0X7DVH	0
B06XRH91LL	0
B07W4K48V5	7
B082X3PF3Z	0
B005HFXE9W	0
B089YN1ZYG	0
B076HDX9BL	0
B09WT7GTW1	2
B07NVJMJSP	0
B07L3Z19HW	0
B082VRPCBZ	7
B07GY8MXFN	0
B07H2XXKK3	0
B09GS6P1ML	1
B08GX4SGVW	0
B01G7ZTL74	0
B0751QNPXX	0
B079WJYS4B	0
B08B8V7D2X	0
B0B5GYDCRC	3
B07CJY7KVG	0
B07WS15NBB	0
B01BUKSALO	0
B08541L514	0
B077TW1Y5N	0
B0BDFJSRFY	35
B07HNXV2XD	0
B072JV2NVW	0
B08CDRWQL9	0
B073ZC9871	0
B01M8KHNJR	0
B074PZ8JCZ	0
B0B6VM2W89	1
B074DTZK9K	0
B072BJQ67P	0
B01CR8GTIO	0
B09LNSPSMP	3
B09Y62RSN5	1
B007Q5IBSA	0
B0B4BDBW4S	1
B00N1RJE3I	0
B00ITUQMCI	0
B000KNHPGE	0
B00QTSTPZS	0
B01AP0V8CS	0
B00EP4HN7A	0
B08VGQ5WVJ	0
B08FX7SHFG	0
B00WFWUP3S	0
B014K9K95M	0
B08P9F9TFF	0
B00NMLCCDM	0
B00L5ON01G	0
B07VXFXLCS	0
B081L333WK	0
B08QD482MN	0
B010GS5EQ0	0
B000EYDG4O	0
B088B489MQ	0
B07PMT7YLZ	6
B07SSKMQWT	0
B09VC7D61W	1
B00NQ0V8G6	0
B07N87G4RJ	0
B0B1DPZ7YG	0
B00MXZ58H0	0
B075ZC8QM9	0
B06XXQHT66	0
B075PMKSQD	0
B073YKWH9J	0
B07Q2LH1WB	0
B0BC19HZ64	1
B00AZOSI5K	0
B07FYFYZPR	0
B0762ZW48C	0
B076JGVJXM	0
B0BBM26QRP	4
B0922TJGNL	0
B012B3R2I6	0
B00VARZ2ZK	0
B0C1HMDQX2	2
B083SJP6HC	0
B00C9KGYKE	0
B08HV53NW1	7
B072PZYKTT	0
B0719GWHC8	10
B00NFA6T2A	0
B01N1UA1Q6	0
B0868TNY5W	0
B07K2VF3PR	0
B09H2H9PCN	0
B09BHY9NFM	0
B07RJPQVC2	0
B01DYI5MTS	0
B07RD3GYP8	8
B011PX9J0W	0
B004LXVFIS	0
B01M8G9EVE	1
B007Q03V8A	0
B01KYCRTY8	0
B07L5DGBJZ	0
B07HHJNQWQ	0
B097XKQPX6	1
B077ZM7938	0
B00GLQFW5K	0
B07J6R5K8C	0
B07CMLJCT7	0
B00RFHLF0K	0
B00LVE8G3C	0
B006O2OZYA	0
B004ARLP9E	0
B075KXT2N2	0
B004HVLBB0	0
B00K5O97PA	0
B07CSJ89SM	0
B01GP73T72	0
B077SZD45R	0
B00OTRPFOQ	0
B01HWWNT7E	1
B001L1S0MW	0
B00ASSEWJE	0
B07SKMNYGK	0
B00CX5ZI3E	0
B00EHR7P7S	0
B0753JXK69	0
B00TSBM3SE	0
B07174NJHR	0
B00NMFGDO2	0
B07699XTFY	0
B081331G2Y	0
B015NE0D2C	0
B096FVQFQ9	0
B07GR2F55F	0
B08RXX1339	0
B0BJY2Y2T1	1
B08BCHCK97	0
B091J24FB1	0
B07YBMJYGC	0
B001FS0DXA	0
B074BZNFP5	0
B0922H5LYL	0
B08R8XGXHF	0
B0883CHDFC	0
B00DTO81LO	0
B084XT3Y4S	0
B00CM73EC0	0
B01MCRKD5N	0
B07V7WXRTL	0
B0BZV6PVJG	0
B06XQ76JYT	0
B09Z2632HP	0
B00VFFOCQM	0
B005CT0O46	0
B013WN157I	0
B09DPY247N	0
B075K87RXF	0
B071PFGR4J	0
B001MBLNP2	0
B019NYVRIC	0
B08XJNNSDQ	0
B00F0AF16I	0
B08NCP6DY1	0
B077857JVS	0
B07JX6T57V	0
B0B4DC57WG	1
B07FS2BNG8	0
B07VHRP71B	0
B018UWTP50	0
B01MTSJ2ZJ	0
B01MU2UMFL	0
B005A1GQ6Q	0
B06XW86B5K	0
B003UVIFVC	0
B01ELI4QVK	0
B07LDWLX2N	0
B07BYW7PSX	0
B07Y19WHCH	7
B07M5MNH41	0
B01CGX5DPU	0
B07SHHHT6Q	0
B00NKSHUD4	0
B08SCBLBSC	0
B0BLC74WM7	1
B0BXMZ4DPQ	2
B0917N2KX3	4
B0B93Y8L5N	1
B08DRJ92PG	0
B076KYCB8B	0
B06WD6HZ6Q	0
B08R88YKHC	0
B08LLBZM94	0
B00E5O1VPU	0
B072QXLBZ8	0
B095T8MBQ2	1
B09N75LPGX	1
B08G1F3BLC	0
B0BGQV5TXF	1
B07D45D6TJ	0
B00CN4TSIQ	0
B07VCVNG4X	0
B08V8XH38F	0
B00R3R9PYA	0
B09M89SHLV	1
B009WT9P60	0
B07C8HG5MY	0
B08YYJK8JW	0
B00PY3FECW	0
B00S8PZILU	0
B077CQZRJK	0
B0BDDPT8CY	0
B0B3V4FWD2	1
B01BJYOWKY	0
B077XYDD1G	0
B077XJWJTZ	0
B0156A6FNE	0
B006JTLGU4	0
B0BLYVZYCH	10
B0752WPB7G	0
B00GHL7AUE	0
B07HM5YD4K	0
B08YQGCF7D	0
B08T1K6N3G	0
B07NWGZP6R	0
B07CZYM8HD	0
B07MGQ1MXQ	0
B007JU5SXI	0
B094QWRDCW	0
B07XT85WR4	0
B09Q7VYP3Q	5
B08TQH88SH	0
B00VFBI2OE	0
B00PW8B9SM	0
B07MPVDRFQ	0
B00NM63M9A	0
B07558VY4B	0
B079FT5X6L	0
B083HWN9LH	0
B0829W77NC	0
B000YBGGDK	0
B00URSE7R2	0
B01K5UJC4Y	0
B07GV7ZTH4	0
B01LF76XK2	1
B006H1CGSA	0
B0872CPNFG	0
B095VYFR42	0
B005D9ZBVG	0
B00B4ER4O6	0
B00ADV7L62	0
B085PTQRKT	0
B08PY8KZCP	0
B095JN78Y7	1
B07F1XJKQC	0
B00I6ASDWS	0
B086S6XZQJ	0
B07FK8MWLK	0
B08R8KGTX6	1
B07JKG2XK2	0
B07S728273	0
B099P3JZR9	0
B085ZS27G5	0
B07RV2RQH4	0
B07YTVH8GF	0
B0BZVGD2GP	1
B01FGDG9IM	0
B079ZPQNXJ	0
B07983CG9Z	0
B017MIKGNI	0
B01DJJPBZW	0
B085G3MNHG	0
B007H5DV5C	0
B0163F73N2	0
B072KP9JBJ	0
B06XYN89R3	0
B07HVCZ5N7	0
B07MDC5BHZ	0
B07KW7499V	0
B07QNHVSDZ	1
B08QZLQL33	0
B005O6PMO4	0
B00GYU12VQ	0
B09X2Z9CR8	1
B01N9X6FCX	0
B01MT1O3Q8	0
B07BTDDGLV	0
B095WKDMWW	0
B07TM1192G	0
B01741B7CC	0
B09B6R321X	0
B07YS9RRMG	0
B01MTNPEMI	0
B07QR1MM48	8
B003CULPOK	0
B07DYLS8Z9	0
B004X7W1IU	0
B079Z5SW8P	0
B084R6L5W4	8
B095NPJ86B	0
B010T6W7IC	0
B0B92WW1WM	2
B08C34HQW1	0
B07TW3PGQW	0
B08PFRRQ7F	0
B08M9TL1P6	0
B09FRP831Z	1
B07RHY4GDL	0
B07VVKGN8T	0
B09RZJ3P96	0
B07VLX265S	0
B08135CDJ2	0
B07DRHMHRQ	0
B07TTQG1CG	0
B07M7NDS36	0
B00DR0GGH6	0
B085RB8Q1S	0
B00M0469MW	0
B01BZ68GXU	0
B08P64L55W	1
B06ZYT3QHF	0
B0727Z6Y2Z	0
B086HRCTDN	0
B07DHHWZTV	0
B00YQB12KG	0
B00CN5AY10	0
B07VVVDLNF	0
B00OBZFWVC	0
B08B7VS6NB	1
B075LNM9BH	0
B00OQ4I9VS	0
B00THLJVYO	0
B01EK744Z0	0
B07T6LHPM5	0
B00GUTG3SS	0
B007MU5QQ4	0
B073R2RSV7	0
B074Q5ZKRS	0
B074WWLT23	0
B07C2C7K58	1
B07H3K3V73	1
B001711AD2	0
B01M252VTU	0
B07XL8LC3G	0
B09PMV7WYK	0
B07CN64QPV	0
B08RMG48ZQ	0
B08XN11MR2	0
B008EIRVBQ	0
B01F5CD42I	0
B00P2YLRYC	0
B0052TVNHS	0
B07CZWZSRG	0
B01M1574T1	0
B00P9BNMDC	0
B078WZ31DM	0
B00J28XM2E	0
B07CKCNC46	0
B07CVBF8B7	0
B07C5JD7F9	0
B0BMWDGGXG	1
B013JP2S6G	0
B00U7LJ8EG	0
B087D4GW5H	0
B002APZR3S	0
B0763HKXFP	0
B073ZR8CG6	0
B00Q5ES79G	0
B00LM54JHW	0
B08N4TP8FC	1
B0186YQV9U	0
B079Y61KZ1	0
B01I2GLRUA	0
B08KDVKM68	0
B00I508JNW	0
B016D2M5M4	0
B010S0T2IC	0
B07VCBPTWG	29
B00EFCBKQM	0
B095XYTTVF	0
B09GRBBRX3	0
B07Q9LXL7H	0
B0743CRTJR	0
B08MFCGLX2	0
B009CI5IJ4	0
B009GKNRB4	0
B07QCPJZM9	0
B00MW6ZZJ6	0
B07XKLPWCG	0
B01NAJ7BIX	0
B0146NGEJ2	0
B0144JSO1E	0
B00JU63V6K	0
B08VNMN2VX	1
B017R279GG	0
B08L3DVPXG	0
B006W4NOS8	0
B08SYKRRBX	0
B00WV0O2WY	0
B07B9N42GX	0
B00J4A8D7E	0
B07DT9SKL6	0
B0BX2RMJ54	1
B07MVHSB5N	0
B073CKGPKR	0
B08RD3QWT5	0
B088NFV83H	0
B01LWY5NPD	0
B07GFFCKQ9	0
B01G5WPU56	0
B016ZX8778	0
B082DQJTPD	0
B07THZP2X2	0
B079RJRTGY	0
B0BZH4PNM6	1
B074J7YZ9Y	0
B00Q9CEO7I	0
B01682AHJW	0
B09L18HQ3Q	1
B01M1H78S9	0
B0153PYNXG	0
B08TTGGJK9	4
B077GPT3F7	0
B01F2OFUTO	0
B00IH94ZC0	0
B07PNPNMJ9	0
B06XN58XPN	0
B0BSJ5KZFR	2
B07BHWMJXN	0
B009F5PZY2	0
B0058YPYIQ	0
B07HJNSZJK	0
B07T7JPJ8V	18
B0998Z84T6	0
B007ZTW6L0	0
B09H6525XT	1
B07CK6L6JS	0
B01FLJWQW4	0
B07L75JJS6	0
B010OBPWB6	0
B07HQW2ZTK	0
B07PFD45PX	0
B00AK9IERW	0
B00CDGHF4S	0
B0936ZMC6B	0
B08THWL29K	0
B0BTLX7Q6J	1
B01HI8Z2SQ	0
B012CH52QU	0
B08PF8BSF9	0
B0BGR4YMDG	2
B07ZX9QV81	0
B01N0VYPP6	0
B00DMS1PQ0	0
B00QSPQM30	0
B074R2QVGW	0
B00KLSX5VW	0
B09VPT4QGQ	0
B092LY2TGF	0
B01C3QU936	0
B07RLLQZHQ	0
B07D4H2V7W	0
B009OMQJUU	0
B00X5042IS	0
B00P7D33BS	0
B0B4GGT4KC	106
B08JYPWLHL	0
B0BB5JWSDJ	0
B09BZN4KW5	0
B0744B6CZW	0
B07KXD1HFL	0
B01AK8YAZM	1
B00126IWQA	0
B01LX4TGTG	0
B07RW633ZF	0
B00TVK89OO	0
B01F4ISPTK	0
B07DL5FDQT	0
B007RNXE60	0
B09WQPCJQ6	0
B00L4DRUKA	0
B08JJ1W6KK	0
B07B3XHXXC	0
B0153Q679S	0
B07CM36TVQ	0
B097PQWNXS	0
B00HA3R10C	0
B08CZTB3ZZ	0
B00Q5HKLII	0
B01I4JJZZO	0
B00ARBSY64	0
B00LJMVOWG	0
B06XB8RG7L	0
B0731YKYCJ	0
B013J2HYFY	0
B07RGTCK8K	3
B0823WZWZ7	0
B07RTTND7C	0
B001L1J1WU	0
B01167I5DY	0
B083JCNMTR	0
B0B62TN225	2
B09SWMLYKG	0
B01442TIJS	0
B01C5M1BKI	0
B07K41QPB7	0
B00368CYSE	0
B005DX4GFE	0
B00TIYQDLO	0
B0032Z88Z4	0
B0745ZQQKT	0
B077Y3MSTV	0
B004LB4V54	0
B008FJJFMW	0
B00OTRMHZ6	0
B072JJCFK8	0
B073DW3S4V	0
B0B1V5146B	8
B00V8CQ648	0
B01LZAILGR	0
B079NQSN58	0
B07B4XGC3R	0
B07RKZZNSW	0
B00ZPV32W2	0
B0B94FMVXH	1
B014X1GDKM	0
B00X8RVXIK	0
B004RIFAOM	0
B00YMGM7ZE	0
B01H0VF7QI	0
B0090W6TRW	0
B0149UVHVW	0
B07JJCRFD5	0
B085VJHJYS	0
B01AVNCNP0	0
B007V86OI6	0
B00SOOJFJG	0
B00DS6XR94	0
B01E61BKMA	0
B0094DFXRE	0
B00AY3M7DQ	0
B085Q6HZ7P	0
B076V2DYVQ	0
B000EGZCA8	0
B002Z7EQM4	0
B0B4DRNCFQ	1
B01K8U4WL4	0
B07QZV2QX4	0
B009EE2QAU	0
B019ERO7H6	0
B07C446QZD	0
B09TPDC2G3	2
B0C6X4Y9KR	1
B00ZAG4WI0	0
B0BHL35H5P	0
B0919GGR5W	0
B09GG6ZJMJ	1
B000AYDR7O	0
B07WFKFVRQ	0
B07MNNFBQS	0
B0BJ5NGZKJ	1
B00UC2YG2Y	0
B07H3XZWMH	1
B0B169GZHT	0
B07Z2NJXVV	0
B07G9TYSM1	0
B0789PDDH3	0
B07FBKYGG2	0
B00879L89I	0
B01MXURGU6	0
B083HVRR7F	0
B0182VEAZY	0
B0CDYWNS63	0
B01MA1JWCF	0
B0B933QWQC	4
B00HG236LU	0
B082XZ87KD	0
B07SLXQWRP	0
B087C7N5H8	0
B07P9DT6KB	0
B08M3DG63J	1
B076Q4429C	0
B00MHLMDS2	0
B073R13NT4	8
B09KTVNVKZ	0
B00LMNBD6E	0
B078SSK6NK	0
B003IC17QS	0
B01MYV0IUT	0
B08DRLJ8YN	0
B01DTXNCXQ	0
B08VVCJKPW	0
B088CQQ4BZ	0
B085C4VK24	0
B084L9PDSX	0
B08MHYVSLV	1
B08FZZ6TK2	0
B07BNF69ZH	0
B09FL75LJF	0
B0764N7X41	0
B091D3BRWM	0
B009EQ8HAG	0
B01C39R2AQ	0
B00127YA0Q	0
B002QQ8GXO	0
B00VNGV900	0
B0170EYYIC	0
B01FJYY6AQ	0
B07CH23D7C	0
B01HYU6RX2	0
B08S3S6XXL	26
B09BJ76D6K	1
B07NSSTH5C	0
B003VZF5Z6	0
B00N9973OA	0
B00E1YR59A	0
B07RWB95CX	0
B07WS68TRQ	0
B00QKHCQE0	0
B07P7X4LSG	1
B0BHVF7V1G	4
B07DXZDFJZ	0
B07L84WT1Q	0
B08MFC1VYM	0
B07BS8XMSF	0
B00S5JQPLG	0
B0829MMDHF	0
B07815C3H3	0
B01DF5ZCAE	0
B00B1M13AM	0
B00IJUZO1S	0
B08QR3LV5T	0
B08KRXXFGT	0
B0791BRK9X	0
B07FQKP5XT	0
B019JY4JD6	0
B07FKRDN7S	0
B003DJ8E3U	0
B071YBZJMS	0
B00ZFM3A6E	0
B075G5L6T5	0
B06XWPSMD6	0
B097H7JSSX	0
B0733TRSVQ	0
B00IO3ZC8K	0
B009PKJ2XM	0
B01N9ZMAEB	1
B07Z3P2C5W	1
B002PE0LXA	0
B0050G8164	0
B08LQF6LJM	1
B00LP3OU6G	0
B00Y7UUCH0	0
B08BBXVJS4	0
B01MZ6S3HE	0
B07RLVZNDF	0
B01MXSM5FD	0
B002Y2UMXC	1
B06WCZYWLG	0
B00E3EW2N2	0
B00CBU77OY	0
B0778GSLDQ	0
B08DNVCJW4	0
B07F46CYHB	0
B00L58X2YC	0
B075MRT7B3	0
B01FVP22QS	0
B08HS3JHSV	0
B075GNG627	0
B00O3CM87Y	0
B00FSS8NJE	0
B0BZ3LQG8C	0
B088GVMQK8	0
B01CUNZUF4	0
B00594WRYY	0
B004OYV62O	0
B00Q6VK79G	0
B073X9J8QS	0
B079569TJR	0
B008J0Y2B6	0
B00G2G6R9E	0
B014SDMOKS	0
B0C2LKPM4R	1
B07KWMWQYY	0
B09WT8Y5JL	3
B014QXQG7C	0
B08LNBNPBC	0
B01EN9W16Y	8
B00DRBAMHU	0
B005M1I2N4	0
B078TD44R4	0
B0089OMU1Q	0
B082WBFKLB	0
B01HGQ0VL8	0
B00IYV2ZDM	0
B008NB0N0A	0
B00BGX9GBY	0
B078J31Q8H	0
B00M798WWA	0
B078WL14S6	0
B01GS4DEY0	1
B08C233FQV	0
B003QBIFR0	0
B07F37KRJX	0
B0B4M4K9TH	5
B08FXKQ56N	0
B0001V67WI	0
B086GHRF23	1
B001I1RXN2	0
B01ISGAMQO	0
B01HSMK1IS	0
B00SMV8PNI	0
B0048H0Y3O	0
B07C7G175Z	2
B07P9WGS9N	0
B01KTPL5FO	0
B00M1LEDXQ	0
B07NTWHFM3	0
B00JQMI6YK	0
B09KG85H2N	0
B071V6GT61	0
B01HKEZQ6G	0
B072Y9PYJR	0
B08LMK4MXJ	0
B07T17H3SG	0
B07DCMP8BM	0
B01727EVCQ	0
B004UOPTT4	0
B001GAPYJK	0
B01CPN458C	0
B072ML7YT1	0
B06XXZK44C	0
B06XB21MYS	0
B01E5VYZOQ	0
B00DIK8G82	0
B07GD828W6	0
B00SJP2GVO	0
B01KU3J8E0	0
B00VSBN73W	0
B0BS2JD1DG	2
B01HH5CMKQ	0
B07S2M3P7L	0
B06XCX2QYB	0
B0816FT96B	0
B0BV98F8FP	1
B07F1X7BTT	0
B094VHCHCT	0
B07DPGZF1T	0
B093SLD4MG	0
B09NCDHY1X	0
B07HLRZ6H4	0
B08KRGMNL4	0
B00VDKDO40	0
B07V1W4X9D	0
B07D3JQ2V5	0
B00IJUXUM8	0
B08F792F99	0
B014WDJ9IO	0
B00BIJG0IS	0
B0762J6KK5	0
B0711VLH38	0
B07KWWK2JN	0
B00EZUR2EI	0
B06XX5LL2S	0
B075GYJZJR	0
B00CDF9V3W	0
B01J7QV6D2	0
B014V1ZYDQ	0
B07HQ9WKT6	0
B075ZZPCRH	0
B005EVLTS2	0
B07MH2XK2D	0
B00946F8HQ	0
B07SRX3SZG	0
B07CXLXX86	0
B08YXZW8JH	0
B07QVJCWLL	0
B00KTYHNCK	0
B00VP8NSJG	0
B06VX5CMRJ	0
B00HANOGR8	0
B004ZIP5HQ	0
B01JAD94E0	0
B00HNE69OM	0
B077KRKQVS	0
B004BQ0XHY	0
B00KL37S42	0
B07XKRM2XD	0
B00CX4WZ4K	0
B0115E3F8I	0
B00JE8CXRM	0
B00ITEOHHG	0
B00XMMNY0G	0
B07K9MDQKS	0
B00R1QH97S	0
B00BG5ZC0Q	0
B07SYJ2KKG	0
B006TNHI6G	0
B0995BW4V8	0
B06X9HBK6T	0
B076139241	0
B07GSKQT9G	0
B0764GPD58	0
B00CYB6OQW	0
B076BLN3PF	0
B001RNN93E	0
B0BPMCJ1RD	114
B07ZNKYH7V	0
B008PE4WZ2	0
B087TF7TJ1	0
B09PBPYRZ6	0
B085M2822V	0
B08D77Y9VV	0
B08FQRCHLY	0
B094CKP54L	1
B09HCL6TQ1	2
B0CKQ3CKZH	1
B00ZXA6Y3O	0
B01N13QJCO	0
B00I1AUEVQ	0
B07G71RVN2	2
B00EDRWP3Q	0
B07L4P2J8V	1
B003JJF824	0
B00QSXID6G	0
B01AX8KXQY	0
B00P1OGB4O	0
B07ZRBFQWL	0
B07HH1RHY2	0
B00HGU2RP8	0
B07JCJYS6M	0
B004JHL07M	0
B017QHFOAK	0
B00I54T6C6	0
B01777XALO	0
B006R4OYPU	0
B00BV9ITH0	0
B074NBSTFQ	0
B01I2VMKLA	0
B00A179LYI	0
B07F1ZJ4SH	0
B07DS57HPT	0
B00GXZVLFO	0
B07TF57X7J	0
B00DR7WSRG	0
B081Y7N587	0
B0C2K7P94Y	0
B00O7MOR06	0
B082LM9WDD	0
B00H7KBR30	0
B0BX9ZSF21	0
B07K3SMDWR	0
B0BYSHQ9PS	1
B0027VTG8W	0
B07S1M7MT8	0
B077PBD8CG	0
B017M0N1L0	0
B09PZT8W34	0
B09FDJ6MNK	0
B07R6NQKDC	0
B07TM8B1XV	0
B09WQ3MTLB	0
B017I2HFBE	0
B08TWFNXGB	0
B07PFP8L6K	0
B073HWF4D3	0
B09BNCW297	0
B00GR9UGLG	0
B0073MCFOM	0
B06XCK7855	0
B00M4PW7YG	0
B07CVKN41H	0
B073HQBF81	0
B078T1N7LB	0
B00A74WM2S	0
B07NNDWNLM	0
B08KW32LR7	0
B00FZR0YZE	0
B07FL5Y99Z	0
B081Q1RLN9	0
B072Y9NJHC	0
B018DWR36U	0
B077PQJBW3	0
B07TZX94NJ	0
B00931QS4E	0
B09QT74D6R	1
B003XIHXKQ	0
B004JWICCS	0
B0134EDETC	0
B07C7F65ZY	0
B01D8IYMC2	0
B0873CFVSQ	0
B089SKM4RR	0
B01BFT36MI	0
B000P43ATE	0
B088HD9VDM	0
B00VY8PATS	0
B00EZAU1IC	0
B06XGSDSX1	0
B00VSUSCQU	0
B00OSXN2AU	0
B01IDTCRU0	0
B008PRTDZI	0
B071ZL3GY8	0
B00HWZHWDY	0
B013SR5G28	0
B003GDIXWK	0
B07Z79LDM7	1
B01MS1LE77	0
B00X146GQO	0
B008GKM8V0	0
B01HV1QWO8	0
B00I7M0QVG	0
B08DCY7K4Y	0
B000BWI2R0	0
B093X19RH4	0
B00E1ITZIA	0
B07PN84KWX	0
B01KIVIGAG	0
B00EVB8AKG	0
B07KPMQYJ6	0
B01D3XL7NY	0
B07M984WRF	0
B07DXPHBWX	0
B014EL42S6	0
B07J6QBG7D	0
B00HUMPI4Y	0
B09SSKHM6G	1
B07Z6QL5VW	0
B00CDWJ3B0	0
B0BLKHMYCX	4
B01H62A6DU	0
B089CWJF8D	0
B01H1VI2O6	0
B00DZ7JAME	0
B07NW8SVDT	0
B07QLLB5LD	0
B0755N9CQT	1
B07VSY1SJK	0
B08TQBPJVS	0
B0BBJ1S5NN	2
B00H3OYIKE	0
B007QYTQPS	0
B078W2FG67	0
B087WRMBKT	1
B0B49L5FLP	0
B06XGMC8JN	0
B07RGVY4P6	0
B00ADGNU58	0
B01FEJ0LIW	0
B0BQBLKYLZ	1
B08JLLBJZX	0
B07JG1MXBH	0
B015MAYKJY	0
B07HGJLZKC	0
B00S1KF3XK	0
B0B6FQT7F6	0
B00SK59UAS	0
B019Z8YK9O	0
B092DK9T6J	0
B00U7N8SJU	0
B00JTWZUEQ	0
B001CXRKQG	0
B0891NK65V	0
B08BC1X7BX	0
B07ZJKXC8B	0
B01K5SV8A2	0
B0B5Z6N81F	0
B0059K759U	0
B0B22NRC7X	0
B085VNHC13	0
B07QS3H343	0
B0787Y95NR	0
B007CQR55I	0
B01F38BY0I	0
B09125953D	0
B07PZ7N8YV	0
B0B666RK6F	1
B00LWY7HUE	0
B00G2XCC4G	0
B09GVWFMHS	1
B01B3FJWUE	0
B09D75F31V	0
B007VXEV2W	0
B00QTJ7LH6	0
B07L2FW7HF	0
B082F5GXNZ	0
B08DHHZBTX	0
B0BMZX56SP	1
B00A3DIEQ6	0
B01AAQEVMQ	0
B01N5I8PKP	11
B0042NMIKG	0
B089KQH49Q	0
B00PQIC4TQ	0
B07SZMB2HV	0
B07CWC5NHC	0
B00IW5EWL8	0
B08M7BLWRF	0
B07DCTL7JP	0
B01BWUKPLU	0
B0734TRNRK	0
B07PXDJ716	0
B0723GDYGN	0
B09GC7PRKD	0
B08HRCVV5V	0
B00ZV2KOVW	0
B072LYC58R	0
B08NPRLY7T	0
B0089NBYXC	0
B07HCJZSWM	0
B083F97Y2Z	0
B00VWJVQ6K	0
B07FSTG1F1	0
B0878XGCL8	2
B01N0JYJRX	0
B01LPM7T9Q	0
B07W6JDNTV	0
B0076LZ7B8	0
B07Q84X4CZ	0
B00LOMNTTW	0
B09DK5SL2J	0
B01C650TSE	0
B0831J343W	0
B072MCGZYG	0
B07RX2576K	0
B07VTKPKHJ	0
B00OYS3SC6	0
B07BLTDS87	0
B01BLU621I	0
B07W397RHP	0
B07631K8H3	0
B01CMSC17M	0
B00HJCCIYS	0
B00HDGK8LU	0
B0B4YZ2PGL	58
B00LLQGXK8	0
B087G6VY8F	0
B001MTEDBU	0
B081CRJ17W	0
B010ZTWVH0	0
B08C8293MX	0
B004WQSWPS	0
B075MS8GVB	0
B08V1KVMM8	0
B07M5MQSL4	3
B06XHKSFP2	0
B095FV598G	0
B07B8XKXXK	0
B01N7W3C29	0
B07ZKC8VTB	0
B092QS82QZ	0
B085WH4YMF	0
B08FD1BK32	0
B008XCXMLQ	0
B008X2BT7K	0
B008B2VUL2	0
B07RHQTQLX	0
B075WT2N8G	0
B07K6YZM2C	0
B08XNBYWG9	0
B07WT12KFQ	0
B06XGSY89Z	0
B07DF6MG4G	0
B01KHC8M50	0
B07NSVVKKG	0
B010SWTCA8	0
B09RB5CFFD	1
B005ADL1UA	0
B07R8YNRKD	0
B01BO1IIOS	0
B0BH8RTNCG	0
B07CMBFXV8	0
B07GF9VDQW	2
B0BD51VD1Q	1
B00RJ3V104	0
B0BS98NVHG	1
B0833BF674	0
B09NM758ZL	0
B087BXSK67	0
B019SSIQ1O	0
B087N87DB6	0
B01COS3TIU	0
B0007DDPDE	0
B007XIDV5S	0
B08BPCC1X3	0
B086PH5NKT	0
B008KAAKWA	0
B005MJIL6O	0
B01N9C77FU	0
B00CAAS0IC	0
B095KP9G14	0
B00IUFZLBU	0
B00G4F47CC	0
B082ZW5LGJ	0
B0837474ZQ	0
B001B1PNUE	0
B01I24HM92	0
B083ZB8RH3	0
B08JY7JRF4	0
B013CTGY6Y	0
B004D39510	0
B01MZZJF62	0
B07DW58HLC	0
B07SVJ7HPT	0
B00H8P6MGQ	0
B011PMD12A	0
B004X19GWA	0
B077DVYXH3	0
B07HXY2T1S	0
B002QQ8BLG	0
B07C11FB2Y	0
B0968GZH6P	0
B00PM1HNQ6	0
B0BW8F5MGH	0
B005XINYZM	0
B08DCR5V7Q	4
B08T7JWRH1	0
B072BFZ8YL	0
B09916PHZW	1
B072MFSY9R	0
B08BCGZSF8	0
B008FV5MTU	0
B01N3YK15F	0
B08NW4ZFX7	0
B00F4I3UTQ	0
B01NAHJPYY	0
B0733YYLG5	0
B0B1DYKTR4	2
B096468T8Y	0
B01H0YR510	0
B07MTYM573	0
B08ZNPTWK3	8
B08QCQDX4J	0
B07LG9ZLL4	0
B00V85DUBW	0
B010ECSLMM	0
B07C7X29XP	0
B07S6M96LT	0
B000H6756O	0
B01N0JSVKQ	0
B00VSDG1FG	0
B01N2TOCCJ	0
B08RNDPGBF	0
B00OU1IT12	0
B00MP0NPFK	0
B00AGFDZYC	0
B010ERPU62	0
B07CBWW4K1	0
B00CLV6WCQ	0
B00LFT9PF6	0
B00KLNCO5K	0
B071LHXS14	0
B005BBW736	0
B0864YR6DY	0
B08KW1YL25	0
B07L8LVG3M	0
B07N1YTVJ4	1
B00ELB3WEU	0
B07KWMFWQF	0
B0917K8LYP	0
B08DNVQJ47	0
B0716GRVBD	0
B003MTCHRK	0
B005EV99FC	0
B08JK7VR4H	0
B09P8BWX7P	0
B07D5VV5PD	0
B09GPP8SCY	1
B00AHHTKV6	0
B07DKZK2BZ	0
B0784VMJ65	0
B07KYKMBK9	0
B019MH0J8Y	0
B083LNQ3X4	0
B00PJH3X58	0
B071GSD9XY	0
B00TT500HA	0
B076DX9WGN	0
B01M1GQA9R	0
B08LS4PDLJ	0
B0854T37HM	0
B084Z5DWMR	0
B00N8JC7EC	0
B08KBW2MM6	0
B00NFQX0U8	0
B0040HGS7I	0
B015H78BTW	4
B09MRYX5WF	2
B07K4SK3VX	1
B079ZZ1XTR	0
B0822ZK6KK	0
B009UPAHT0	0
B01CHDQ7Y0	0
B0102GNOHW	0
B073QHM52B	0
B07R5KH8L8	0
B002LVUTL6	0
B09B678FLZ	0
B086BYD3VV	0
B00HVQMIY2	0
B07QPNHS3K	0
B07K16Z8L9	0
B07ZHZJXFY	0
B09Q79RDS9	0
B08CMMBJ5L	0
B01BLW71PM	0
B08LNGGJ68	0
B00WXDRZSC	0
B01DBIYUTY	0
B07X6SS2XW	0
B0B8TK3QNW	1
B0CG39P5N9	1
B01C8KKV1W	0
B09PF5PJ7W	3
B07BVTM19M	0
B09C11L95X	2
B00MAVANWM	0
B00LXD6S4U	0
B082F2YXLR	0
B0BGTJD55T	2
B0B2HM98TK	2
B00E1JOU2U	0
B004KKYPJ8	0
B07CCMZLWP	0
B09KX2QR93	0
B00Q5HJ19I	0
B07NC6YP9Z	0
B07NNF5MRW	0
B00M544JII	0
B07T45RGBR	0
B004DX1BHG	0
B09QMC973T	1
B0C9S6696V	2
B08XX2JKCR	0
B07RXB74KC	0
B08S6PLF6H	0
B01LXSYKXN	0
B07P1QCZQ5	0
B00JRT66QC	0
B07G734TPC	0
B07BXDP92P	0
B01LYCH0H9	0
B01J5CDHMG	0
B00Y04L11E	0
B077BPY1FL	0
B005BFDCGI	0
B000ZU02PI	0
B08G5FRLW7	0
B00DDFK0DQ	0
B09TZKQQBZ	2
B09N798HRQ	0
B07WJLB71H	0
B08LHBTSD2	1
B06XSB5S1D	0
B005EW6LE8	0
B07CVFRSYP	0
B0BJ69275M	1
B0B2P1QV35	0
B00KCOVDL4	0
B00APUA8BG	0
B00U0HI8HU	0
B01LFBJ0ZS	0
B01N9QPQZM	0
B09HWG2TZN	0
B0108MMXL8	0
B07912RGYF	1
B01MQJUFSB	0
B071WM2HCR	0
B0080CXS5Y	0
B01N9M6JL5	0
B0854JB2NF	0
B083WG6RG6	0
B09HKJQQSF	1
B000NBM89W	0
B07DMPKT4Y	0
B07P6Q1LM1	0
B082H4NSFX	0
B0BBVNWX5G	1
B004YOB8YA	0
B06X9552QV	0
B09CZ6F4QW	0
B074T463N7	0
B07F6QTTYD	0
B01AHS5PVS	0
B08CN1MQCB	0
B0846M43YC	0
B095X834JZ	0
B08GWZWLBW	0
B07KYWKCJW	0
B01L758OMM	0
B07JGKKNFL	0
B0143WB3WO	0
B01HOGAFZW	0
B084X57DQ3	0
B004FN1O26	0
B00SQI95AY	0
B000GBS80M	0
B009RS5JAM	0
B0792XMZF6	0
B0C85G9DGS	0
B07LF42424	0
B00TMHMOBU	0
B08BFZ3696	0
B00DAU4030	0
B005GG1IH2	0
B00H1U841Y	0
B00H346S7A	0
B07YZKGRMG	2
B07PQNDD8H	0
B07PMX2W3W	0
B01E0ET2GO	0
B01N9OC89L	0
B076JKQQTN	0
B08B2RV8BV	0
B08VRQ5V1Q	0
B079HF5XM6	0
B01BXE3B3E	0
B07P32LGCC	0
B015ZXDQFM	0
B09BDX215Z	0
B088PPWKJY	0
B08TWV2QCN	0
B08H1DLSZN	0
B075VCY4K1	0
B00AXN1VYS	0
B07MQQ1JYY	1
B00UTQLQTO	0
B08PY77M48	0
B01K9SS554	0
B09S4LVK81	0
B081VSX2CB	0
B091CQLR72	0
B08ZCJ2VS4	0
B07KCNLTT3	0
B07Q3PS8XR	0
B09HBNKW13	0
B0773PSXMP	0
B0002IC5IK	0
B07YKPHQZ8	0
B088YP2LW8	0
B073PPBMKW	0
B09YHMF43T	0
B000Y1C46S	0
B09LHDQ5DD	0
B005LX766C	0
B00CY8QLEU	0
B07MPVHN8R	0
B088BM45MX	0
B016YNA3MQ	0
B0134BRBZI	0
B07VL857F8	0
B0899ZLSQB	0
B00YCFUXNS	0
B01B8P2ZT4	0
B00BIJIR0W	0
B00L0QZQ6Q	0
B00FYW1HMY	0
B015QEPP1S	0
B08ZCXCRK7	0
B009EAGVG4	0
B00WQNFWIE	0
B003ZH1UG8	0
B00AHEFUWM	0
B098QSHNT1	0
B08B3G25DT	0
B07JWQR87P	0
B078SQZKHS	0
B08QR5T5BV	0
B08S759T88	0
B00HIARKE4	0
B07H56H26J	0
B08SJSR3T7	0
B00MZYRR0U	0
B0919JRQ14	0
B07XGHXSHT	0
B082KCFVP7	0
B00HVFBH8G	0
B07Y8H6R6M	0
B07W6NL3VG	0
B01IKWCNKO	0
B07CQDB8R1	0
B0789CNFHH	0
B094N7GSHV	0
B01EUDKYDK	0
B06XXT4GK1	0
B00WIV7AAW	0
B076VYNJ5G	0
B09Y5NMCYY	0
B011RAK45W	0
B007Q1LOTC	0
B01BNT2FXG	0
B0BRY5NCHQ	1
B07VY1QWB9	0
B09GKNS3DB	0
B09WR6D62H	0
B07NHQR8LX	0
B01GW1Q1N0	0
B0BQMSRXFS	0
B00601KJ0E	0
B008QZP7HC	0
B010RSBODG	0
B08W4WCN8W	0
B01ATX16H8	0
B07TVPG9XM	0
B08M38XGCG	0
B01EJV7V0W	0
B0055J7A0Y	0
B0003024HO	0
B07RDMQRDL	0
B077TGQ6BW	0
B07BMCB4LC	0
B00C9WD8W4	0
B083BQVDF7	0
B07LD829HZ	0
B08T5WXQZC	0
B074ZKBYT4	0
B07KQLSDX3	0
B095J61VF7	0
B00CPKH97U	0
B071LJG24K	0
B08GFBL72V	0
B019ZYG2I0	0
B00SWD0TUS	0
B01NCZJA3N	0
B07G4C2VTH	0
B075F1P9X6	0
B07B3TRFY4	0
B07DCR67LV	0
B001VNCR60	0
B01N1EIRUA	0
B07L69YDR3	0
B07BQL7HFG	0
B07N42N7L2	0
B0B4B5RTL3	2
B08922HTZB	0
B08RZ338ZL	0
B003CQQZBC	0
B006H1EIKO	0
B00CRLN7SW	0
B09FL5HS9H	1
B07ZGM5WMK	0
B075PGFKJX	0
B00B7ALWYU	0
B08GS9S264	0
B00KSYYCIO	0
B08FFPBGJF	0
B002D9OK2K	0
B091Y7WL2V	0
B077YFNJL5	0
B07MVKDKPX	0
B01I12XPYG	0
B079KCRF56	0
B07KF6KBB2	0
B00TGG3DOE	0
B00WRBP5SM	0
B088WKYW9R	0
B07B5HQR6T	0
B0788HLYYB	0
B078YSK9CK	0
B00LD2KYSW	0
B019WQ2FSM	0
B08SMKG8KT	1
B07Q7M91Y3	0
B07NKTJN5S	0
B0012HIN18	0
B00PBY6F54	0
B00DMS1W04	0
B004X5315E	0
B00P46MEAO	0
B019E9YJEA	0
B00WJILV7W	0
B00CFB2BV8	0
B0765GJM8C	0
B001CZL7FY	0
B07RGRCRV6	0
B08F5KNLCB	0
B07VSMBNGC	0
B08P5RLSM1	0
B07M7KQY7V	0
B01N6C9WCZ	1
B07X9ZCSK7	0
B00BUWA5KM	0
B07BH49MY3	0
B07DN8XDT5	0
B00SNIAHWW	0
B09HYYFWPQ	0
B07VTX93WG	1
B07M9TSRRS	0
B07SZS3LQJ	0
B004GB0QCQ	0
B00DOEDFPG	0
B07XSDKSTK	0
B01M2YTS5G	0
B0035LBK0A	0
B008K4MTKC	0
B09Q5X9JSG	0
B08T5YWZXN	0
B081JBVZV8	0
B01A87ZR66	0
B08TBGR4X2	0
B013H44G1E	0
B008JWMJGE	0
B07Q6BQP3C	0
B00SLKAQQE	0
B082F9FYV2	0
B01N3TNVCM	0
B07PBDNTGM	0
B07H9LRRRT	1
B07MWFQQSV	0
B00P3MWSVY	0
B07G24QW9V	0
B0B99CM7DS	13
B08BS3ZDTM	0
B0793M9Y71	0
B001MS7GYC	0
B0089ABBN8	0
B0771GCSG8	0
B005HHJ5V6	0
B08L88VX3B	1
B07DD59T6P	0
B00V6S9ME0	0
B06Y468SNM	0
B07J6F2DFY	0
B0737FRR33	0
B08LPHBJM9	0
B092T3MW8B	0
B009YZMJJC	0
B094DBK7FT	0
B000QFWRI2	0
B08XQLYF82	0
B01GORG2L8	0
B08GJ7RPNK	0
B0756DDVMX	0
B00DFTGSZO	0
B01N22XTDC	0
B00JIOFB7G	0
B078GQ46W4	0
B079P9RGSD	0
B07QK89Y14	0
B085T9Q34Z	0
B078913G4S	0
B0018CILNW	0
B006AZ6EO0	0
B0054I2XPI	0
B07PFD9D7M	0
B01A8DEGRG	0
B08MQ51S4B	0
B09PC6YHPP	1
B071RKSPKN	0
B07K3TTBKV	0
B00877NE1K	0
B07PKWWBW3	0
B07NYYCXGP	0
B01N4RQBG5	0
B009ZLL2U2	0
B08T8WGSZC	0
B088LSJ6GK	0
B092JJHWL5	16
B0193ZFYZ8	0
B00QVGHDBG	0
B00J4K1YRK	0
B019ZFM1IY	0
B01M0O6ERP	0
B01MZ5YA2J	0
B00HI39T7W	0
B01DKN8LZE	0
B07K7TH59T	0
B07KTP8YF2	0
B00ITVOKM6	0
B08N18FBV6	0
B00RJJGEWS	0
B00JC33QVQ	0
B01MR8HOJQ	0
B07PHPPMFW	0
B01EC3IZE8	0
B07YYZQGLW	0
B07K1VK3TS	0
B00EQPTE70	0
B0BWCWX4DC	1
B0B87D9BCD	0
B000GLJJKA	0
B00O2X2D1K	0
B08HD1XXBC	0
B09H46Q5PN	1
B07TSMB66F	0
B01EK7TQ30	0
B07VBXBPD5	0
B07RPZ9Q65	0
B09B6TVMQC	0
B00BPW4B0C	0
B01DV0JQZU	0
B07P142SPC	1
B09LYQ1YJ9	0
B00XF49TXC	0
B07FKDHCCL	0
B0728GRPH1	0
B078TDBHL9	0
B086ZWFQ3K	0
B00P3YKSNC	0
B09D357ZSN	0
B071GLSPVZ	0
B07JKDHQQR	0
B003WJBAVO	0
B06XC5XWVY	0
B07BGBR7L1	0
B00SSR5N6I	0
B00EYNJ8A2	0
B01LZUSJXT	0
B07H6WRM7N	0
B06XX4LLCZ	0
B006H6MBUI	0
B0BS3MVFC2	2
B07YMMDP8N	0
B07X7DYX71	0
B00BXAA3SK	0
B071F95N7C	0
B0192Y2HXM	0
B082X5F5VC	0
B083FKF1ZH	0
B07RF7DF1V	0
B01CKI7ENK	0
B09DSTBLB4	1
B009VJIZFS	0
B08GFR2T6K	0
B0084FN6IG	0
B00DMIYGQ6	0
B07PH2HP26	0
B00IE9D48O	0
B0BXGH4WYN	3
B08RRWXKSN	0
B00NFSV6WK	0
B07GLDT3CZ	0
B074PZTHG6	0
B07L4LJKMY	0
B00DFFD70C	0
B01C785KAM	0
B075D8XQYM	0
B0BK944NF4	4
B07V36RVTW	0
B00EWRX3YM	0
B00K3L8DUU	0
B01M16GPS0	0
B009E33NJO	0
B09CS9MQ93	0
B00B1ZXZ00	0
B07JJL16YB	0
B00KEW2L10	0
B006UZO56Y	0
B01MYUCJBF	14
B00ADZ1HB8	0
B07Z7CJN8F	0
B00JSKY1KS	0
B09SXL4HLX	0
B09N6YY54X	0
B078G14ZLQ	0
B001NJ1A6U	0
B07HN98ZQQ	0
B07DCTVD9F	0
B0756VCPCV	0
B08JYYXPBF	0
B07X9X8L8D	0
B008Y7M8PQ	0
B0894S3JP2	0
B07MYQR734	0
B00SXCU49Y	0
B09721LJ61	1
B078H1YC9K	0
B004BUSC9G	0
B0030MHYOA	0
B00EW43PN4	0
B07L88TK1N	0
B08F3FVWHX	0
B01NAHY814	0
B01MXDW815	0
B0725NRZXQ	0
B08FBPH5K2	0
B073STM24N	0
B0B9Z8PP99	0
B081NF5S9S	0
B0711HPTQX	4
B076B2JMNG	0
B07NQSL6ZY	1
B00KQSU59C	0
B016N2QOAI	0
B00MO2JXFA	0
B0089ZB24Q	0
B07V9F7R27	0
B01KQ04JB4	0
B07YCTQZLH	0
B07V1NKFZW	0
B07NF78T1D	0
B082KXSRYL	0
B007RX4F22	0
B00331KWWO	0
B01AXYMLZE	0
B00MBPPMCS	0
B09FG4H4LR	0
B084BST4VJ	0
B0BGPWM2PG	1
B075ZBVS8K	0
B00274YFXK	0
B07JLBBWPH	0
B01JKGAGUI	0
B009H0QZWQ	0
B07CBSG8RG	1
B00M1HUIAC	0
B08T7CRRKZ	0
B075ZZFQJ2	0
B08STDCQRN	3
B091234CMS	0
B07FSHX8W8	0
B0C6PWFSSR	1
B0BXKQ9KQQ	1
B0749JY6ND	0
B015D5C5EU	0
B07YDGZ7P8	53
B07945RC6F	0
B07FBQ9652	0
B01BEYTLZ0	0
B01I9JFMLA	0
B008BXZWBU	0
B07DFZX639	0
B07FMZMV4C	0
B06ZYD87MW	0
B00DGCI7B8	0
B077G5XZCZ	0
B078SZ4HBT	0
B01NALOPS6	0
B07BP22SR5	0
B00PA4AKN8	0
B00KK3DW8Y	0
B010GRDMT2	0
B07TFD9W95	0
B072JJLMDM	0
B00ELUQUAY	0
B07HXRNTNY	0
B087BW81C2	1
B01D4IHM7S	0
B06XW4LC2D	0
B0BJDV4ZS1	0
B008EHWJ8M	0
B07NKHCH5C	0
B01DVKHAPS	0
B074WH89SX	0
B00943QA2Q	0
B0B96H6C84	4
B07H4GDR6D	0
B07H8KKP9W	0
B00FX417D2	0
B07MZTK5F3	7
B00DBCM4YY	0
B0C3MKNZJN	5
B0BLBNQCVG	1
B017OYHUH0	0
B00UCBB1JG	0
B01N9VKXXQ	0
B077ZCWHY7	0
B07567MNWR	0
B09BCX1RXZ	0
B015JWD924	0
B0116LXQAM	0
B01015Q64M	0
B09P8WZT3L	0
B01IX9DIJ4	0
B0BS5X1RKD	2
B06XKPWM54	0
B09YHKC651	0
B07J55QMR9	0
B07VRSRZTN	0
B083S63SD2	0
B09FQ8SJX7	0
B09YQFHPWK	0
B075MCKCJT	0
B07FC9S5WP	0
B08CZF5YNC	0
B081YMMFK6	0
B001M0MXUM	0
B01FSUC1LW	0
B08CDRTXL6	0
B08DJFG2YP	0
B07H3X9GP9	0
B07V9D47K5	0
B01708XL5K	0
B013XBVG00	0
B099Z861BT	1
B07DR8SLT1	0
B001L6QGE6	0
B087L3BBGD	24
B09YTWCT9W	0
B07QJ5HG2Q	0
B0B7634SMB	0
B07CHFBGKJ	0
B0934TNWWR	0
B076LPVY7P	0
B081R64QM1	0
B01BWFCWPC	0
B07DX5LLQL	0
B09X9YVVSR	0
B0125O56ZW	0
B01J7KZY4U	0
B006H30I74	0
B00CAKC2NQ	0
B01LCU7VVW	0
B0762GHFTC	0
B07BFT1Q8G	0
B07H92QSH7	0
B09XKZV9VP	4
B00PJIW2F4	0
B0189JG2YQ	0
B07G3179R6	0
B09BFYTS35	0
B085TB5CGJ	0
B07DLYD91P	0
B07BRTHY83	0
B004XUUPYO	0
B07TNJ97FF	0
B008LUK62I	0
B00I9ZZQU2	0
B09V342VC5	0
B09X97CZGJ	0
B07146YSK4	0
B00I4V48UU	0
B000BNQMSU	0
B016R8XVEA	0
B075WLRX51	0
B00LYO2N0Q	0
B071F93Y6V	0
B06XDNP62B	0
B09F6J128N	0
B07GXSXMVC	0
B07RY72Q9S	0
B08V3G5QP2	3
B085B22ZY7	0
B0873ZRQH3	0
B07ZBPNKQ2	1
B018WMRTO2	0
B0168NGC9U	0
B08LYCLNG4	0
B08LGGXZCG	0
B01M113MK2	0
B09JSLWG4H	0
B07K4243HH	0
B07RLYR28W	0
B01M4KO8R0	0
B09S8MD3RX	1
B07H47PFJF	0
B071PDP2D2	0
B071D5DVM5	0
B09LZ4C7RM	3
B07MC81G32	0
B07TJKB917	1
B01A6LZT26	0
B073GPSWX3	0
B093ZRYY9Y	0
B00KLI8YS6	0
B01MDNF61W	0
B00KBSV63G	0
B07BP78B6G	0
B08VJ2PKS9	1
B08ZBZ5NXF	0
B00171B848	0
B001G6026E	0
B071F4D8KC	0
B08BR429FS	0
B08FJH3871	2
B007JWZXR2	0
B01FUUZ76G	0
B00P7Q3S3I	0
B09BZP3XYN	0
B0747TZ67H	0
B00E0EP5VQ	0
B0721L1XQF	0
B097S1Y6XT	0
B08FBDZCTL	0
B07PD29V82	0
B09CPLKN3P	0
B00EDSPLM2	0
B083NNQZSQ	0
B001I49SR8	0
B07H28892B	0
B00B5WDHZM	0
B00IUPJJ2C	0
B08L1PBRMP	0
B078X291BC	0
B08F744NWN	1
B00IRUMS3C	0
B00MA0WT48	0
B006H9KPIK	0
B06Y1N3P18	0
B088QKVJHS	2
B00L38B3YK	0
B08NTHJ6W2	0
B07DK8C7B4	0
B0009VC71K	0
B075PZ3JTK	0
B07ZBQCXHT	0
B07WZYLF44	0
B00T6J4G4W	0
B075V4T6XW	0
B08R9WFKY8	0
B019O57GC6	0
B003SJC22E	0
B0071HKW2Q	0
B072WJ1GWL	0
B01NGU9U5U	0
B07XBXZ83S	0
B07ZYBXFGJ	0
B09FYX8GD1	0
B0B3J3726S	1
B07P7KQM76	0
B07VRD926G	1
B01KGE608A	0
B00I97KPWY	0
B01BTGPLWU	0
B0089Y93I4	0
B08B55DZ34	4
B083K7ZWD8	1
B00I8QTBFI	0
B07PHS6D66	0
B00CIO3N2I	0
B078VRHCQL	0
B07PSFVFGD	0
B005RJZOXW	0
B07MBV5RH4	0
B0164G5HR4	0
B071XS37C7	0
B075LN7SM4	0
B009CNJLXI	0
B008MN1GDW	0
B09DBSGVWH	0
B0778J8FR4	0
B07928Z2WF	0
B07JNZKPCM	0
B006ZI6MR6	0
B06WP7QFBP	0
B00CSCFJ0Y	0
B084Q5DZ6G	0
B07556F9TR	0
B073STHWJ2	0
B07HBRSK79	0
B07381W3HV	0
B015Y7J6EY	0
B08TWBY2MK	0
B07W4BJCGD	0
B001ABMTZW	0
B01ETVXF48	0
B01MQPAP21	0
B073GJ7SQS	0
B005IM99NO	0
B07PG1HK73	0
B07PJVDP2R	0
B07H2NTQ8P	0
B08KZV3N6R	0
B07HYCFJKF	0
B01LY3WHAD	1
B0794ZC7RW	0
B002ABS70C	0
B004LM5IHS	0
B0081VKHWG	0
B07JLDLD6B	0
B072P28KXR	0
B079WRVXH1	0
B08475XF7V	3
B000E4C8JS	0
B00N33OOJO	0
B00B5I72NY	0
B000ROGWME	0
B07RMKCNMH	0
B017HNDUSQ	0
B00512GXQ2	0
B0BVGWW8JT	1
B0788LNC5M	0
B00480BTDA	0
B08B85XK66	0
B004L624LC	0
B00I1STPRC	0
B072J2KKSZ	0
B004R1NJCE	0
B07B91CJQP	0
B01851U1IQ	0
B07T2CQSVF	1
B073TVW3S4	0
B01N2I4Z38	0
B006ZQFBTI	0
B00OXJUOBO	0
B075V2J4YM	0
B08NJCC5LK	0
B0725NNV3Q	0
B09QY8RHVB	2
B09L6NMKDM	6
B07D8TCYKF	0
B01BKXTJIY	0
B07K21Z6BY	0
B00P4OO2BU	0
B07VKYXRJT	0
B005IV89A4	0
B004ULHDUU	0
B09T9NZT8Q	0
B00ID5P0RM	0
B00ZFGLON6	0
B077K4WLQ2	0
B088TCZFYR	0
B081DWNZ1V	0
B005E9GL7I	0
B01MCWU88O	0
B09B9YPQY7	0
B01I42OAOC	0
B075JHKXW2	0
B07D7CXDTJ	0
B07BYZT88J	0
B00DHW3XIO	0
B075YDRB6P	0
B00ZSLD5EE	0
B07QFJ43WW	0
B00FR8W1HA	0
B07RYS9BFN	0
B08K8TFX36	0
B08G84S7SV	1
B01CZXYJDI	0
B08GLXTC1M	0
B0BY838XZ8	0
B08R5YS4WD	0
B07KRDSMQK	0
B07HCCG5TB	0
B077XLXCKK	0
B084TYRN2J	0
B081S99R7Z	0
B001FYQQJ4	0
B00I8QTG8A	0
B01A6F6FX4	0
B07XB5BDZC	0
B00KBIEBBK	0
B0836XNNCK	0
B093336F17	1
B06WRSFWYF	0
B00OPUM590	0
B075DCBQ2C	0
B00AVAN8FI	0
B00L2TLT1M	0
B08RSB394L	0
B0156TWYCQ	0
B07RBYDLDY	0
B08HNJKT31	0
B005Q150G2	0
B00OLD12MC	0
B07PK9SFT8	0
B075WDNDVF	0
B098JDBZJQ	15
B01LZSI8M9	0
B079Y8V5QL	0
B00TRCRLJU	0
B07Y1B33L4	0
B07BKZ6RS2	0
B01LO0UOE6	0
B09Q5BBYYM	8
B008G5174E	0
B01J326O50	0
B017TLSD92	0
B07VT1L9XX	0
B00GJ2GGZG	0
B008LNUQ3E	0
B00AHUFSKK	0
B01G2FINSM	1
B00DIF8MJK	0
B095W8CPL3	0
B07DLJYHVJ	0
B088KV9JBZ	9
B07SQNW64S	0
B07563S7KV	0
B00HSHODWE	0
B0BJSKDP16	0
B010TVF0XG	0
B00Q2L33WI	0
B07196YHVJ	0
B00GTW0YGS	0
B07SPDWZLD	0
B012B62AC6	0
B07WNRT44Y	0
B0887Z4BGC	0
B07HH3SYFR	0
B00D3MCJIS	0
B07FKRW3DV	0
B01EI20J9M	0
B09RZLCSD5	0
B00FFFOB50	0
B0764L6MDK	0
B00FREGZJO	0
B07VVLSDT3	0
B0052TF61C	0
B094929JQD	0
B00IV59FN4	0
B0C4W3ZJJX	0
B00HFP8NVG	0
B014K5Z8SY	0
B00IACLKHM	0
B00VTGA9Y6	0
B017N5XO2U	0
B01MEG2IQ1	0
B011PTO1VI	0
B08J9TRGJV	0
B09WTPQ9BJ	2
B01AWBZKHO	0
B01E0L8GD2	0
B08CN9TCQ3	0
B07W11JJD9	0
B095WBRVYL	0
B07CZ46BTQ	0
B01MCQAD3G	0
B01AK95D5M	0
B00EKRB0C6	0
B09GTXQ4WQ	2
B00K04XGKC	0
B07ZJNMKZ7	0
B07RS9LSPF	48
B015CPQZ60	0
B007IW47FC	0
B07N1H8X66	0
B01095LGW6	0
B09B9ST61H	0
B00KG7U7W8	0
B085Q6W9PW	0
B01DG6HLZQ	0
B07XCDCQF5	0
B07JJBYJJ5	0
B0B7XB34J3	1
B078NH4H1X	0
B0776RSH9P	0
B08BHVHB3M	0
B01HZ82FRA	0
B07HKK2GDG	0
B00G3KP19G	0
B09SHN6FFF	1
B00WRXUYYK	0
B00U3ZBNSK	0
B004S7Z9IO	0
B01LXXGHX0	0
B01IUD4LRG	0
B07QV3RG6Q	20
B00F665HFQ	0
B08K7GVG42	0
B0058VA2Q8	0
B07VB9XR65	0
B0074BOC1Q	0
B0921CNMC6	0
B01LZMQDQ5	0
B087JDKCJM	0
B07YJCWQ3Y	0
B084RCRWYR	0
B0B93248LY	1
B0C7L14F4T	0
B001D6M2CE	0
B00BT7FNDC	0
B08P64S899	0
B07F3GNVC6	0
B00G3YER2E	0
B07BFVFGV7	0
B09BYC2666	3
B004PZT6JW	0
B07C83LK47	0
B01N78I0NN	0
B076P8H3YG	0
B07JF81GNG	0
B00NO6YM7O	0
B07X8HNHPR	0
B08LNGK8QL	1
B002LLQB68	0
B00PPOAI8K	0
B01G94ID2C	0
B07LD2LT26	0
B003ZND9SO	0
B07QRZPG8R	0
B007QYTZF4	0
B01DZ54EXA	0
B07YHCNWCN	0
B075VLXYSY	0
B00ADW0QNQ	0
B0B3GR3N7B	5
B01C4HIQVG	0
B09N8R19Z4	1
B01INO75AC	0
B08J2M9HGG	0
B00ID3CU5O	0
B076H3CMP5	0
B07KS95QG1	0
B006S6RWWO	0
B07Q7TCRG2	0
B000FQ1BTI	0
B07MBC394L	0
B09RF51RWC	1
B00QNZNLUM	0
B09B2R6JR9	0
B0018DVOQW	0
B0899VBWGH	0
B08165NND1	0
B06Y6HMJTK	0
B00MRW9UM8	0
B09L5QFGK3	0
B0791M3HYZ	0
B00WXTYOIK	0
B08PCBY4GJ	0
B01AW8FQPI	0
B000BWFV2O	0
B077SS2S9F	0
B09QSMSXR8	0
B086BC6VLY	0
B09NPVQKKC	0
B00LEOQDWU	0
B07GGJXL2Z	0
B00S6WK5IG	0
B071CJNX34	0
B07RG5ZJRT	0
B075ZTMYTC	0
B07KG5WBKY	0
B002N00000	0
B017ULWVEE	0
B07DW4NC9C	0
B07P96X9GW	0
B06Y699TNT	0
B01DGB2KV6	0
B00OZG5AIC	0
B07L56CC19	0
B071CR9K2F	0
B00BC58B4Y	0
B08DJDDHCZ	0
B09DPRCLGR	0
B00D8H1DP8	0
B07FKYHG4V	0
B077XB9K58	0
B001BMFBO6	0
B014WD80ZW	0
B09QLX77LP	0
B007YAZFB8	0
B00Q8B2GM0	0
B006QT7FAC	0
B00DD5XP1U	0
B07FPH4XSW	0
B07QYLCK46	0
B09FKFSLRR	0
B07C7FZYCT	0
B07BXTVYYX	0
B09CMDYZN8	0
B00HWZDEFO	0
B01C9A8ROY	0
B00X4XCGYS	0
B07ZP833GM	0
B0757P7667	0
B000O3R704	0
B004BW0B2A	0
B07X91Y9CX	0
B006H23O0S	0
B071RKVMGH	0
B0861MZV3D	0
B01K55QCTC	0
B06ZYZMRR6	0
B07YTB6BT3	0
B076TX973V	0
B07PNNV9LZ	0
B00GYH9YQ4	0
B09P39S3VM	1
B0076GMHO8	0
B019RTOL8Q	0
B0B2DPSDJ8	0
B005CJJHNK	0
B00T64OL42	0
B07C9J4R9J	0
B085T6CKSF	0
B092ZP7H4Q	0
B01IE1IKX0	0
B079GRHJ31	1
B08YN463JH	0
B071NPSJJ5	0
B098T73R3K	1
B01HWHBF84	1
B075PP1YV4	0
B01CKKHPVE	0
B005DNAFT0	0
B004N89OE8	0
B07B664JJR	0
B0146XOE80	0
B015O21MVY	0
B0BX1C7Z5L	1
B01JIJRKG0	0
B077ZK6163	0
B011IN8USQ	0
B07LGKP6MK	0
B07WCC68PJ	1
B00387G3I0	0
B07Q9JRC78	0
B005OCFS92	0
B000RAZ01M	0
B06Y126LZL	0
B00BZB2GGY	0
B01CJ9X556	0
B083S7NXBY	0
B095P8RTCR	0
B09PR3YFF5	0
B01EF1FB5I	0
B00E5PBHDK	0
B072MLRYN1	0
B014S6KXYE	0
B08KVR79FK	0
B078JV25J7	0
B07RSXMZZ6	0
B0054H255M	0
B08KD12JVF	2
B00SC43CAG	0
B06XJ4HPPR	0
B008O4NDH6	0
B07FBYJC2G	0
B00RDOV10Y	0
B00E1HHPHE	0
B08L9D9J75	0
B088T982H5	0
B00U3SDQ9Q	0
B00RNAST6W	0
B0CH58BXJS	1
B0892CZ96N	0
B07CR1LD59	0
B00DS3IQ16	0
B0B6BDGMH4	0
B009VJ0OE8	0
B087Q66BVY	0
B094XZJY5X	0
B07PCVK784	0
B0762VXY16	0
B004RQ9U9A	0
B09DSQ3CKM	0
B081SH4LN1	0
B09BTTBFLC	0
B00FQTPS70	0
B01LGZ3R7U	0
B08JH4DBZH	2
B07HGDQZNY	0
B00PZNFQYC	0
B00ZYJ9TEK	0
B07D98Y9B2	0
B0BNPV6KHY	1
B0723B5SZJ	0
B08XW5GVD5	0
B075172PB4	0
B07J449RJT	0
B09HHNQK77	0
B001DDUK4O	0
B01GR4GK7E	0
B00EQ7H7G8	0
B07VH9238X	0
B0BW13FVNR	11
B00UDXTX7U	0
B01N38BO1K	0
B07XP9LL4W	2
B013E4A2OW	0
B07DTJ8LWW	0
B001I2YA1Y	0
B081R39VDB	0
B00AM3ZRZ8	0
B08223XKNR	0
B079Q3WFKL	0
B07DDBVGNL	0
B072HZ1W9P	0
B07N6R55WL	0
B00MU77SWY	0
B08KGT944P	0
B01G1HYSI0	0
B01DWOOKJW	0
B07HF56FMN	0
B079B9C86N	0
B00YXSG1GM	0
B01C4OKL4Y	0
B01N9I8V70	0
B015VLL1TQ	0
B019PVDKDS	0
B07K4YND8W	0
B0C6DKJ3VB	0
B092YSF2LS	3
B07DRQFCZB	0
B082H9DRYK	0
B072JS1P2Z	0
B08S7344VF	0
B0C3VF4Y2F	3
B09LZ274P2	1
B00DEMMOZU	0
B07Q6RYPXD	0
B004FNKZE4	0
B085LP8T8W	0
B01ITXJS7K	0
B08NPJXBZ7	1
B00K1NN1IY	0
B010FANOQG	0
B088ZTJD57	0
B076FKSRLH	0
B09H7273RJ	0
B07KP783NN	0
B08HYKFXKB	0
B00CMO6YJS	0
B078MX7TRS	0
B07P934K52	0
B07GWSBHBG	0
B07RFGB3C6	0
B072YJBQ1T	0
B07MM3GLSM	0
B094CY9VG5	1
B08MT6XT12	0
B009ZOIOU0	0
B00HMXG3K4	0
B015VRKTIO	0
B00T92POSI	0
B089291TSH	0
B00DO8576C	0
B0155FTLL8	0
B008FD8TLG	0
B07PQFZ4FL	0
B006P5Q0H6	0
B071FMH9RL	0
B096KVCTL8	0
B00KYF7LHG	0
B01N1N953U	0
B01N288UVS	0
B07JPKJN57	0
B07CK8BD3G	0
B098J9THHC	0
B000OQUAU0	0
B07SWXLTPV	0
B003XWY8IC	0
B08DXZ9ZM3	0
B01NCZVIP3	0
B00DB2BR3I	0
B00993B8GO	0
B00DQMDCAO	0
B07FT6VZ1M	0
B00ZNDTQTK	0
B07L4JB53R	0
B005LC03ZY	0
B07R5DSDCH	0
B09CDB2BLN	0
B076ZXF79D	0
B00SQR1RCE	0
B0BSC75B1G	0
B07QDG1STK	0
B0874S95LK	0
B07M774DH5	0
B00UJULPSW	1
B074KKL8S2	0
B079DCGLZG	0
B08GHLMQMF	0
B071HM5Z4L	0
B0C3X8G3CW	9
B01J2QBD44	0
B003XPEO6A	0
B08P4X3WFD	0
B01AVE2IMC	0
B003IWZHSC	0
B08M466L1T	0
B07HR1B7TS	0
B0BZCXLN3N	2
B08DMSFD2B	0
B01E3ARFZU	0
B0039UTYL4	0
B09T6FH4L4	0
B07KYHM5D6	0
B01MXME32H	0
B0097XDKT4	0
B07HKN5ZYY	0
B016U2XQT8	0
B0923RM9Y4	0
B0041FHOMC	0
B00CIQUD3I	0
B0083PSWOK	0
B07CZK1XTS	0
B008FW2P6C	0
B00KI0KOPS	0
B0B14Q8LCY	0
B09BZLSN6J	0
B07VF875J7	0
B000ETTGNE	0
B07VDX9PP8	0
B078Z3VFJB	0
B07WJFQV11	0
B00VO8EZVC	0
B00CDF3TK8	0
B08FC1WB1X	0
B08P28LYGX	0
B07J1TTZKS	0
B0B3MRS251	1
B07CJHGGMC	0
B07RHF7YBK	0
B06WGQDP1B	0
B08CXV2JLG	0
B00INRPA0M	0
B00WNHL9J4	0
B07L4ZQWLB	0
B094MZQW9W	0
B00ELLXTFW	0
B07KYYMVPN	0
B077TM91R1	0
B07CCKTTLB	0
B00IWS7PI2	0
B0B13XX96R	0
B072JCS9HC	0
B07CVPH7YB	0
B00RMJPF7K	0
B0939SY257	0
B00ZU5NPWA	0
B09JJYFXBN	0
B07BSH5NZT	0
B0129N9TXY	0
B00VVXBHLG	0
B019ZRUP3A	0
B0BNT3VL91	1
B07S3BTND7	0
B00O0P4QPG	0
B0079HLIQC	0
B01F2N9YBU	0
B07QY2KZTH	0
B01GTBLW32	0
B00B8BZL40	0
B00P0RXAV4	0
B07QZG2Z7L	0
B0085IFQ0S	0
B0924L7TMG	0
B076JMXKDH	0
B003GKXB52	0
B07JNVXLXH	0
B00X76FR3Y	0
B08GK5PSMZ	26
B0947QWHRJ	0
B08DNMTZK6	0
B00UM0JEWI	5
B07PK6P4D9	0
B079VMD6P9	0
B075D4KSDK	0
B07K4S2GH8	0
B0943ZSRXM	3
B00D8QEB8A	0
B00TBCYNPG	0
B07H41PJZF	0
B07PGQV473	0
B073R4F2RW	0
B01FE2ET9G	0
B00NCV5XD8	0
B00XC4WN2O	0
B0BQXRYCGN	1
B07523NHQP	0
B011JDCEAA	0
B09QQ8NW44	1
B0BGQNFWFK	1
B01H2E6ALY	0
B08LK4JHH8	1
B09JMYDRT1	1
B00LMSDHEA	0
B07KK1B6QP	0
B001C90F1W	0
B07DK5PS8Z	0
B08XK947PK	0
B00VXD3PFU	0
B09CD5LY7K	0
B07ZX1QPRB	0
B07HYJZKW4	0
B08TVR56P9	0
B00ET0TOS6	0
B08DKW2823	0
B00KBH12UY	0
B07KFZTLKB	0
B07BGV3L25	0
B07BHRBBFQ	0
B01A032W8Y	0
B01MRIKMIV	0
B00WW59CJQ	0
B08GKBLGN6	0
B011BLM8L0	0
B0B7W58PS9	1
B07SR938S1	0
B073Z64WCY	0
B076H1PKCT	0
B001F2POYY	0
B0BLXCW65Z	13
B084ZJQWVY	0
B07MZKMFY8	0
B07DKJLPRZ	0
B0BDLDRP15	7
B0784WBSBF	0
B011TRW5YG	0
B07B495RGW	0
B013T5M1KO	0
B09R9NPRXV	0
B0C4XWV6W6	2
B0922MZZ9F	0
B01F9MSMVM	0
B08BRNZ624	0
B0097B63J0	0
B000WPUF08	0
B08M38HM3F	0
B019Q1BHPK	0
B07KCNQP2P	0
B08CXBM7HL	0
B09MBFPJ8P	4
B08XJG3KDX	0
B07W8H44JV	0
B01AX2PSJC	0
B07G9RJFDM	0
B0872RV848	0
B08JNQ5HR2	0
B005176ULK	0
B085G22LMJ	0
B011AEPPVI	0
B08DD7M6PL	0
B093LL9PGF	0
B07TX7G1NZ	0
B078WBYRB4	0
B08D3FW2PR	0
B00S056Q82	0
B07XTS3NZT	31
B00UAEA952	0
B01CO66772	0
B00YJY81VI	0
B01LZYR2E6	0
B00P7VLBAA	0
B00E7PI9SY	0
B00MEXZWWM	0
B00HF6MQRC	0
B074WDWSMT	0
B07Q15FV16	0
B0BCZJ9JJL	2
B0035WTUDS	0
B00UOVUCA8	0
B00LGQD1QC	0
B07QWLWHXC	0
B07FQPS8CT	0
B00RZPXQEU	0
B01N6XVC73	0
B01FEBRGE2	0
B07WPFLXVB	0
B096WXFWWW	0
B09MVYXDDJ	0
B0888NJ64C	0
B08R6B666R	0
B096LZTHJ1	2
B07VDTRVPL	0
B07Q5W7FZV	0
B07BRXC99R	0
B08MHC8BXD	0
B07DVQQ8C5	0
B007TQ30E6	0
B01MDK2UCM	0
B07L92G3DL	0
B07PQFZS55	0
B00YHTI3L8	0
B07QWWKRBF	0
B073K3Z3JM	0
B09XMMJN2T	0
B00ILY5CUU	0
B00IR1C6YM	0
B099L31MFN	1
B083TRSXV1	0
B00ARODBG4	0
B07DS3B2V9	0
B01M21TVZ2	0
B00FQAD17I	0
B00F9S98DI	0
B01FSH3XFI	0
B00D5YAZSK	0
B00DYAOY1Y	0
B019T9GT98	0
B00PCQPHMI	0
B075K56RMF	0
B09B7J1HDD	0
B007HYQF38	0
B01IMMBPFG	0
B00L2HCZJE	0
B0859GMZHZ	1
B077GMNWL9	0
B07VQTKWVX	0
B097P262R7	3
B00JVYAC9U	0
B0BLZ4HQ36	2
B07VTN7QC7	0
B0C64H5F9X	1
B07K7CDBC6	0
B01H3R4LQ6	0
B088K6XWY8	0
B08B1CDXHW	0
B07TPJQLYX	1
B09QKH3FVT	1
B00M4YC56M	0
B07H5T4449	0
B06Y5F3JD9	0
B07KMZN87Z	0
B08CZ3LGYB	0
B09N9762MR	1
B07MR4P4KD	0
B00CSYOZKM	0
B07D96BG95	0
B00O27X1JE	0
B0978XH4VD	0
B079RL3BGY	0
B0B76WLTDT	1
B07THJ3K21	0
B0785FP3BH	0
B07V6WMXPM	0
B01GX4TRKK	0
B07FK8DK1N	0
B01H7TXH9C	0
B07K991LCR	0
B07XKZRTJX	0
B076HZ2D5K	0
B01NBWM0QR	0
B07M9QVH4V	0
B09JLDZK1G	2
B07W68FZK9	0
B07NJFNRG9	0
B00B2FTJQS	0
B07G488MMB	0
B07JBCVCHZ	0
B01APJPMZ8	0
B0BBMK5767	1
B00ATUKK7O	0
B00IPBCWMK	0
B019IM5NPW	0
B00JMHS9VY	0
B07WGJ5NHT	0
B07GPS24T6	0
B01N4BTYAZ	0
B01IAKT4XK	0
B0108VU0L4	0
B00SMITQS4	0
B06WWN3Y5S	0
B00UG4T0U6	0
B09FDMWTG3	1
B07GP76TL3	0
B07CG55L2R	0
B00LG9MUZW	0
B00QNTMTJC	6
B079YZK3G5	0
B005DNNG2I	0
B07F1PWLPW	0
B08QMT3JHN	0
B00LAXHB7Q	0
B07GZSHG5J	0
B008X0V0DK	0
B07KX6MHNR	0
B0744J73VW	0
B07P8RDSXL	0
B0992QTPPM	1
B089K1DH89	0
B01MRY1BRD	0
B09QJ6ZV42	0
B071S7QKYP	0
B00BGBP7DM	0
B07N18K69M	0
B00S8LI1DG	0
B0182T2QWU	0
B01HQKGZIC	0
B09GXQ5P6Q	0
B07MXG45Q9	0
B07VLC2ZYX	0
B08Y81SGN9	0
B071VNFK7F	0
B07D56VSCW	0
B07YB8KRZ1	0
B0BTBPN4BR	1
B08ZCJGVZP	0
B0725RZ5DS	0
B0B6FGFND8	1
B07ZYCPJZH	0
B007PCSS1Y	0
B07S2X4JLK	0
B00R7IAJGS	0
B07CZNVXWX	0
B072V7TKM2	0
B01N1RLYBO	0
B00B2DGSRI	0
B010CELTQW	0
B07K9Z6NXX	0
B06Y37HXBB	0
B07CQD871T	0
B078LZB4BD	0
B07FZ598X1	0
B01M8K7O77	0
B084B4VYMR	0
B0104HT1HQ	0
B07NVGCBHR	0
B075DFLDY7	0
B00CXPDCEQ	0
B00UDIH04S	0
B07SVCWN4B	0
B00LP73PQI	0
B0072W0NWY	0
B01LOS71XK	0
B00DZPVRIQ	0
B09CYMQFBH	3
B003O2TAW0	0
B003FYPU4E	0
B00ZTWQB2K	0
B07K1WGRTY	0
B074B51Q9H	0
B01N497PRZ	0
B07CBXF27H	0
B07348CX11	0
B00J6AKT56	0
B00IMOFW04	0
B00PTT26HW	0
B073WNW7N3	0
B07PZKKP8Q	0
B08RZ1DNWD	0
B008BBUYIS	0
B0017KPQHO	0
B01713Y900	0
B008HBNMSG	0
B01LYNVSU5	0
B00E9E1AUC	0
B004LP3BV0	0
B08D988WZV	0
B00CBZYYIQ	0
B01M3U4BKZ	0
B076RK1TQ4	0
B00OYEKIYG	0
B0718XFT7D	0
B01E71HEK6	0
B07MNVZFM6	0
B01N5HWT5C	0
B079NS5VHG	0
B006JMOCM0	0
B07XCKD9DD	0
B0BRVLZ2GB	1
B074FSX7KK	0
B07MVW4617	0
B09G2T6S89	1
B074ZD27WH	0
B08TRDNCKT	0
B00BEEI8V4	0
B071NLVR4R	0
B07D37L396	0
B008JFVT4O	0
B01CT0GTT4	0
B079M3M2V4	0
B01KZBYIEM	0
B009OWWQZM	0
B007NFW87I	0
B0994FT3WW	0
B07L8RC2B8	0
B09W2LG11B	1
B07H7YWNCH	0
B073P9QKT6	0
B079KG9J27	0
B09LVZQSHN	0
B075WRJSP8	0
B07QT73NW4	0
B00WAU664M	0
B07CPPNRBP	0
B008WMIF6E	0
B006ZIOYQC	0
B0172HKBWA	0
B07BWY5PXP	0
B07QCMYNWN	0
B076DQ52KG	0
B011SICU6E	0
B011R45PR0	0
B07SG8G8QC	0
B07194KRT7	0
B007Q71XN8	0
B07DCQJQB7	0
B00A02WP6K	0
B07FCPRLQY	0
B09KSZ6JNY	0
B0049QCRT8	0
B000UE8IUK	0
B08W24KLRX	5
B09N6LG8BT	0
B089NFYGGY	0
B0BYFDFW71	4
B01G1ORT5M	36
B07GJT17QY	0
B001GXM9PY	0
B078PLCNM6	0
B07W22CK5Q	0
B09JG8V6P8	0
B0026L61T0	0
B00NFEY8M4	0
B085PSLDWS	0
B07BMG7B1Y	0
B006C9EENW	0
B07DQPGM5C	0
B07GK8CSDV	0
B07JVH3M8P	0
B07CZB94VZ	2
B0BQTYPQJP	3
B07MHHSHT5	0
B06Y41X1M4	0
B0B9G9YY4Q	0
B06X3TPDYJ	0
B082R1HMRF	3
B00DWL04UK	0
B008J0YB2G	0
B07Q8F3MQP	0
B007421N6W	0
B00FIPB81W	0
B000FPJ2M2	0
B01NC0BGFP	0
B07TGBKJRW	0
B07V46HKPQ	0
B075SN4RYJ	0
B01M64L6GV	0
B008DWNU04	0
B00115CGI2	0
B09P787GC5	1
B0BGGHSYHC	0
B09S9LK18S	0
B00YT3N2GI	0
B07NF6L4S5	0
B08FHPTVNF	0
B09L3S6BSX	0
B08FD5X5X4	0
B00J1Z91E6	0
B09QCGHQZS	0
B08DG3SFD4	0
B01EXNQ83C	0
B0922F1D6J	0
B01BY5YETW	0
B082BXTZCX	0
B07FF2B2BW	0
B07J22TT5J	0
B07F5GD5BG	0
B01E4JGM0Y	0
B009ZHE1KY	0
B01G8K51TK	0
B017L67NP0	0
B087Q6L93Q	0
B0B5JN5NY8	2
B07GR7W2VL	0
B09PYF3T1V	0
B00464ZLCI	0
B00JBJJOU8	0
B07LG1H65T	0
B07MNFYGTV	0
B08P3QBLN8	15
B07MVK2N8T	0
B00HGB1IYS	0
B000M8XXC2	0
B07WK28CTR	0
B015RB274I	0
B08SL6GKMV	0
B06XYRBRPF	0
B01FMMYHFO	0
B0102I5F0O	0
B00JGSXG9O	0
B09GV1RGSK	0
B0B1RNJ2JN	0
B08YJKYSP8	0
B08W57QZ4H	1
B00VTILS1M	0
B01AHPDN1K	0
B00QJFH9PO	0
B09KT5RW97	0
B07B44WJZR	1
B07VMDT8T9	0
B078KGFDX2	0
B01NCUOY0I	0
B07JM13HKL	9
B07XL4CKYY	0
B0019KFCSA	0
B07T6HD1S1	0
B0B3J2829X	0
B074SBQ87T	0
B08N5CR1LK	0
B08371SW2T	5
B08952PYGM	0
B01G61QA28	0
B09JBLS28P	4
B0788KLVR1	0
B073P7GKFX	0
B00JLZ5K8W	0
B07QL1VRV9	0
B00HEQQSCW	0
B00L8MV3VY	0
B074B2F5F1	0
B00150K3CE	0
B07G6X87WF	0
B009E8EPQO	0
B07DVNGKHQ	0
B01MQYN7O1	0
B09G9HZ2N8	1
B01HM0KRTY	0
B00T9M8TR6	0
B088QBQDKY	0
B00DZ2ZC08	0
B076VYNQ96	0
B00B1SM91I	0
B01GO0PATU	0
B00I3SOHQY	0
B07JCXYC2D	0
B07TVT1MYH	0
B00UM2YY0I	0
B00L2TAJAE	0
B0B4JVPFYV	0
B00JU736KK	0
B06WD47J7S	5
B01I5MZ4QO	0
B00TG2XH8A	0
B07N15BFDD	0
B086BCDRL4	0
B01MQH5CAX	0
B00H9C5ZFW	0
B091SDXP15	0
B07RZ2Y6W9	0
B07RW8RF22	0
B07B1LZPGD	0
B08V4G9YFN	1
B07WJ2536T	0
B00ZUYHVJE	0
B07R77PC8Z	1
B00I4C98FY	0
B08BCTKL9G	0
B09FSJMZJZ	1
B07PHR127Y	0
B07X75XRFX	0
B00AE8105W	0
B07PDMXDJQ	0
B00M52EEQ2	0
B00DR06G0I	0
B01DDI3ANE	0
B07BT1P4H9	0
B001WPRSVQ	0
B0787XBB66	0
B09BPZCWDP	67
B09RJ8ZDZZ	0
B07QY7CKGY	0
B0C63KY68W	0
B076PZMFSM	0
B07STSPJGH	0
B007M6ANPM	0
B07FFM1Y7T	0
B08NDNXHP9	2
B01JARY66W	0
B07KWHCWLG	0
B07ZWXFVZJ	0
B08JVKF5CQ	0
B01M028V93	0
B08FCLN7TC	0
B00XAS6WGK	0
B07CG5LR2K	0
B00PIYEMV6	0
B007YGIYJC	0
B000H76YK6	0
B00I9J1B8Y	0
B0BRNC4J3Z	0
B0BSGLK7MN	3
B076DMKK33	0
B07MNMHG98	0
B00YUTPH2I	0
B09LRG7VY8	0
B00U6Y16JY	0
B0B1DRYPR7	0
B00J0C0KTA	0
B08PDJTMQH	0
B00Z7SAB40	0
B005JF43D6	0
B072BMBL21	0
B07RHCPC69	1
B0BGBSXXVB	1
B07S5J26TW	0
B08CHYVXP1	2
B077Z1QNCV	0
B015B7RVVC	0
B07HNS3QL5	0
B07RTHKM81	0
B06WV8V4F4	0
B01H2BS6CS	0
B0968K4Z6H	1
B01N3B9CFV	0
B07QK6G242	0
B00XTAVDFY	0
B096WHFRYF	0
B082YXW3W2	0
B092QS68YK	0
B08KS2TK55	0
B086VP6WZN	0
B07V1CDVN2	1
B073X9SVPT	0
B072V7ZV62	0
B08KGS4F66	0
B00BZH1XW6	0
B009OVS1QQ	0
B00410I6LK	0
B015TWCBX2	0
B071YVQJ62	0
B072LZJ7T6	0
B07FXXJ9HW	0
B01M5BOT6R	0
B010BJ2MAK	0
B074S36RH8	0
B0724ZHHDF	2
B072V73TNR	0
B08B647W8S	0
B01EVR8D06	0
B08CT5QVLR	0
B072MZM42R	0
B07MXHK2D3	0
B07PRCK2WY	0
B0053Z3P0E	0
B07R6GP28W	0
B074QKDQJS	1
B082PNGWLD	0
B09TFDCW3D	1
B00HWHDASI	0
B008BHK5ZE	0
B09J4W8K58	0
B00NDCTS6O	0
B005DM62BG	0
B073F1PHZ9	0
B079TN52L3	0
B00595HT96	0
B00SBYWG9U	0
B01LZZ5WJ9	0
B00QH94298	0
B07WFQLBB5	0
B0145FH7D8	0
B09PL799QK	2
B088YJCFTF	0
B07PJG1HGY	0
B07J1L7CP9	0
B0131XS6C6	0
B09BJ349GS	0
B07WWS8QB8	0
B005O2W73W	0
B09YMTKQGL	0
B0072Z50VA	0
B07J6GSLNR	0
B081CHJ6TL	0
B07MSJW5C4	0
B075B3QNBZ	0
B0BN2SZCY4	0
B004NNUMDK	0
B01DE4O9D2	0
B012R8IGP8	0
B088HDH339	0
B0090X4PWC	0
B08948D4TQ	0
B072C3Q5X3	0
B07T5334HJ	0
B079F9MTDZ	0
B00PAVP0PE	0
B00EWSB3V6	0
B06XDJVG8H	0
B0BGMJBYN2	3
B07DYQG4MK	0
B08RRPV3ZF	0
B00R2L8M46	0
B012CBCCZU	0
B06XRS73XN	0
B07PQZ8XFQ	0
B0BB64FBWT	2
B00BRQ7OKK	0
B08H5HLF5C	2
B07DG29FWX	0
B09TQ1R2CB	2
B00KCUUULW	0
B07VKS3JLS	0
B083K4G8CP	0
B09NSGPCQT	0
B001B37R92	0
B07WWVTJL4	0
B082DCCLBB	0
B00BBU6980	0
B071KSKBRD	0
B00SX77NCK	0
B06XT3G7CY	0
B003O86B4Y	1
B00BCE05IK	1
B095ZSYL1P	0
B003AU7ZAU	0
B00ITUB1ME	0
B01AFS7S1A	0
B08VDPZVYR	0
B07K8L454R	0
B07S48DJ8H	0
B0BG82X4FC	0
B01IMX7J5K	0
B005GVBU2K	0
B0BMQS3TRR	1
B06XY1VLX9	0
B0065KQ5US	0
B09QPVGX17	1
B083GFX4T5	0
B08GYG5YHR	0
B07QVD1FXN	0
B01EI250T6	0
B08SVS39KT	0
B00EVPSILS	0
B00XLQM3DW	0
B0B2PJ2S29	1
B09B258TDR	0
B07CXFSZBH	0
B00FS6URM2	3
B01F55A4TG	0
B082YV16C7	4
B098K1XR9R	0
B0B92N52PM	1
B072HPQQXS	0
B06ZZCLLQY	0
B07XLGB2CL	0
B073LPJGDN	0
B07C94FFYB	0
B09TWT85N7	3
B07CBMN1BP	0
B00BDQ2Z9O	0
B06XGW5XNR	0
B0B3DR58W6	1
B08VJ2K9D6	0
B06XR3JH4G	0
B016IOC090	0
B0BT6TXHGR	1
B0797Z749W	0
B0154EAPBA	0
B085VMGYM8	0
B00QX0HDS8	0
B0CF23VTNG	1
B004RCNOA0	0
B0BC6QLP1W	0
B07XCDGBS7	0
B07SFM5N3G	0
B016LLADVW	0
B07RLYBQM2	0
B07VVJQVW6	0
B07H2G24XS	0
B005JFLGH2	0
B01LZ2CNYC	0
B00KWK336G	0
B07QYWFHKJ	0
B073WH43GK	0
B07H3J8MMQ	0
B07MMK9DDV	0
B015JY7XBU	0
B06VW389T9	0
B00U0HZAQC	0
B01M4HJ1VP	0
B07P5LW9Y8	0
B08M18P17M	0
B07JJ1GK32	0
B093XVX8XB	0
B0065H7QYA	0
B009IK009O	0
B07TY67DZB	0
B01MQDY21W	0
B01MY7AXR5	0
B07D59JSX6	0
B07WDF2CQM	0
B01DX7KT02	0
B005IXTS2A	0
B0B1JN2TYG	1
B07G45SGST	0
B08B7QSZN9	0
B00VUVGMGO	0
B07Q56BDZV	3
B06XB4YJY1	0
B005VEELFK	0
B006T8SFBI	0
B017XPFUMW	0
B087FWG8QL	0
B07W8ZMPZP	0
B07MLYN57H	0
B00I68PJKY	0
B07Y515VN3	0
B08P6Z1BGS	0
B01KUXV3B6	0
B000V5GYPE	0
B010XF96VK	0
B006PGJJ5K	0
B004B8WGPY	0
B07TB1RMVJ	0
B07CHH8XF2	0
B09CGN4W7D	0
B01BCULP6O	0
B071FTLTMQ	0
B002V33NG2	0
B004TBIYF4	0
B00XK7D458	0
B014QY8DB8	0
B07FT55B3Z	0
B08X4LXPGP	0
B00CRZGDSY	0
B00E0GOZ74	0
B00A0NDY5K	0
B01NBMUXJV	0
B01CH3AZMU	0
B00YM3IYK4	0
B00KZHUOZY	0
B00VJQJOMY	0
B09SG97WZV	1
B08YNRLFT7	0
B014Z56KUE	0
B074W8KH74	0
B01IPO5XK4	0
B089GHN8TN	0
B071V8D6DY	0
B00LX8WBSM	0
B07ZKJTZQB	0
B0012TEDLA	0
B07NND729D	0
B07S58ZT1G	0
B0056E6IHY	0
B00M8PXNMW	0
B00LOAY2UY	0
B07G8LQQ29	0
B012EDECVS	0
B00OQ22TOS	0
B0B5LDYSLK	2
B013TNBJYK	0
B07LCHB8V6	0
B007KAMJTS	0
B07X2ZFDLR	2
B006H35FY0	0
B00LE2T60S	0
B08CGPFL93	0
B093SQD752	0
B07XYFXGVL	0
B009S65C7S	0
B09JG4V9ZR	31
B00EDJAHJ8	0
B00KVUWL3I	0
B002Q0TF80	0
B00IEWX5EE	0
B01MZ0DYH3	0
B0922CN9XG	0
B06XFG74NF	0
B00UT8ODUG	0
B07DGT424M	0
B00ICO37JW	0
B017NHP88G	0
B0952BRTLX	1
B00PY5LVZY	0
B01709UCV0	0
B01MSN5AQC	0
B07XGHG69F	0
B08CZ5C8KS	0
B08BY6BWG6	2
B007RBHZWG	0
B08G1DMY5C	0
B0743JZ639	0
B00MOTXUC0	0
B07J5B3Y8H	0
B08ZHXSPPG	0
B0BBTVPKYL	0
B07F3Q3SSK	0
B09KKVMMLX	42
B00CX2I6E0	0
B007OTG3UG	0
B07D44JK89	0
B07L76NDLC	0
B00KUED8F0	0
B079SZH9WN	0
B00MC9US5O	0
B09NB7C6KF	0
B09DCPSNYD	0
B09TW312N8	2
B08Y93JFC9	0
B07R6GS2NN	0
B07HNF1V5K	0
B00NYPA9RW	0
B0088BMZRE	0
B01IXVPU6G	0
B0059P8242	0
B09STW2C3Y	2
B0041SIUMC	0
B09Q36N11T	0
B07J2QQP51	0
B09MKC3HL1	5
B07ZPYN7TY	0
B003Y3BARC	0
B07RDPNZRD	0
B09PH1FFYH	0
B08YQ6XJYD	4
B01D24J1WI	1
B000ME5U1S	0
B07QTK6DQJ	0
B00JQAVITC	0
B00CONLJTM	1
B091YWBVQN	0
B009HBDZDM	0
B018SA3NAW	0
B071W9PWMR	0
B0967Y2M6P	0
B07D74T44R	0
B08BGCPGBG	0
B08KZVGC63	0
B092S3YGJZ	0
B007YZEM6W	0
B07BHZTVVL	0
B0052V14U2	0
B07XG37GZM	0
B07HGT318Q	0
B07HMYYM82	0
B00TFB72RO	3
B09TVY1K9X	1
B07DKDL6TW	1
B07KYGKP67	0
B07RQC8F97	0
B01N5FOX5S	0
B07YX8QZM8	0
B017WHGVKG	0
B071ZPCW6Y	0
B0826SRDSS	0
B0BWBSLYWJ	1
B085ZL7Y78	0
B00HRBCF12	0
B078NHHTK9	0
B00T61VFQC	0
B083WK1X69	0
B07RCNFZTS	0
B09VD4S8BC	1
B089JSYRN6	0
B08564M41R	0
B003V6HQ5C	0
B08C24HS58	0
B00WAJVQNO	0
B08DTKVZD4	0
B00ZKSP8KE	0
B07FLMX97W	0
B06VSZF23T	0
B012B5JXPO	0
B07W7MXCV9	0
B089KBMGWJ	0
B008GE890U	0
B01FXONESC	0
B07QM673CM	0
B07G922ZTD	0
B076H1YMXG	23
B01MT3B01I	0
B01LPSBAO0	0
B00C0CMMD4	0
B07D55QX8Z	0
B01H2DCHWQ	0
B00PS1NFOY	0
B0B9NQ7DYR	8
B00MAPBS7W	0
B07929DT2M	0
B00YIRT3YK	0
B002ACD6DO	0
B01FWJS7N0	0
B01MT48FY3	0
B09T9J4MSG	0
B016PBI67G	0
B0055N6S8K	0
B06WVBJ1PD	0
B00NXJXOGM	0
B018MRR5L4	0
B08R1XGXPP	0
B00SL5H0FE	0
B079Q4D9NC	0
B000J4MNHK	0
B07RTZ8BPV	0
B0B3JBJB9W	5
B07FKYBP5D	0
B003V8IBBI	0
B07484F2N4	0
B098X2XYZV	0
B07JVR4M3S	0
B00SXEY16Y	0
B014GFGDLY	0
B0772Y9KVC	0
B0B34ZFDTM	35
B0968236V5	1
B008CFGU9U	0
B08FHKL1Y2	0
B01MZ9HM1P	0
B004DEQMCO	0
B00HXBA9BE	0
B071NHNBXL	0
B014STK0DU	0
B07M64YYDG	0
B08F54TJ5C	0
B07RQ1VRP2	1
B01IM7G8QM	0
B082W1KGCJ	0
B08JCM59HZ	0
B09JZDPYT3	0
B017C3U8TU	0
B093SZLRDS	0
B01EUWF92M	0
B09NHS8ZNJ	2
B00BMQE72S	0
B086L6QRJK	0
B0B9XKCK9B	0
B01N1XK337	0
B07Z1QGFV6	0
B01CNC7M2G	0
B06XVC5H2Q	0
B007HNEUJK	0
B01HP1ZW4K	0
B00HPXUWFS	0
B004WL7A7Y	0
B08ZJ6GDLR	0
B08Z7579XT	0
B07L97NLR1	0
B01DUM9WW6	0
B0038YXGTC	0
B06ZYBR3GC	0
B01LW8USAH	0
B0769YKKVP	0
B012ZM6RGQ	5
B00CZ72O4G	0
B00FWH1PUK	0
B000HQ4396	0
B00SG5HHJI	0
B0728FWVX1	0
B014XA5SVI	0
B00824GDWU	0
B08LDL7WCP	0
B00TZY2VB8	0
B00N12TG7W	0
B008MTSHWO	0
B01AC70V3G	0
B07PZSHVHN	0
B08N4J4YR9	1
B07W85G2W3	0
B09BCXZ8LL	1
B0090X9AJA	0
B00B69847K	0
B0046QYSCK	0
B00SZP0KPW	0
B00O9HCN78	0
B019YOCGG8	0
B08TQGV7ZW	0
B07HYZ8424	0
B08F1SVXHW	0
B004LRP2R4	0
B00KZI158I	0
B0B49LYMFG	1
B07KFQTGRF	0
B00B98PYA8	0
B017WP9BL4	2
B08ZD5BDMW	0
B00UEEN4VE	0
B01EBJNCOQ	0
B08CV6FM23	2
B0C1NYM81M	2
B0748RFWBB	0
B09KCDXD2G	1
B00E0EQJBG	0
B07PP9DPBB	0
B01MRF15J6	0
B09G88HY46	0
B000FEE6FQ	0
B00T43M9W6	0
B0013TL3KS	0
B0B18JB5MD	2
B00JOJYEH8	0
B07MTYSGXC	0
B012CH5GQ6	0
B00AMIFLHM	0
B00FGKNNO4	0
B005OCU32Y	0
B08F2SNM9P	0
B00V022P4Q	0
B00P1SN6GG	0
B06X9YBV2J	0
B00FJRUPOA	0
B000YSZ0UI	0
B07D92SQC7	0
B01BWV0CLW	0
B0192A9UJA	0
B077VB8X9B	0
B00U0I6FCO	0
B0837BN8JP	1
B00N5WNTGM	0
B07FTWC18F	0
B082V91MBV	0
B071YN6LN2	0
B00ZAZ4ZWO	0
B0C64KRS1H	1
B07CVTD34W	0
B00HT2I8II	0
B077HSPDMJ	0
B09JBVT4KM	1
B0053YO5UY	0
B07G9SNHWG	0
B001P3PEIY	0
B07D6TQ7DK	0
B005GBUW9W	0
B0883CCM22	16
B07V6Z7SG6	0
B01IFL8X1S	0
B07GNQ5PSY	0
B00TXQ7UQY	0
B07QLSVJTW	0
B06XWH1Z7M	0
B08ZXBQ11R	0
B07FD1KPG7	0
B01N7YZN0M	0
B0829PD3BC	0
B00DZFW3HA	0
B08BY7YRBQ	0
B00MUAZQGG	0
B00WDWY9BO	0
B07VF1JWPJ	0
B07JB3L5LG	0
B008OTSTXO	0
B00X6H00S6	0
B07Y4VK6PT	0
B00A32WXDC	0
B08HLHBF8X	1
B07H8XP213	0
B00TATILL2	0
B09CSDJDK8	0
B0716HY6TS	0
B00C40VHXS	0
B07TZ8D64B	0
B08KPXG1G9	0
B01N2S9EK6	0
B07TC9MDZD	0
B00HF6Z5MK	0
B00B1KDJPG	0
B093PYDWCQ	0
B07PB2ZJNK	0
B00LV9SFNI	0
B091F266JD	1
B08331V3WF	0
B074H1VRGG	0
B0BKSY5YHY	1
B07BYQP4CK	0
B01L0AUMF6	0
B07JMQX23H	0
B01HZ5TDHI	0
B0851QQZZH	0
7750000348	0
B07CCYNKX5	0
B00IHUY7E0	0
B00MOLB232	0
B00ATZEFIO	0
B075V4K9QR	0
B09MTBNMRL	1
B00SJ4A1HG	0
B07F1Q3C62	0
B01M0MK4PL	0
B00VCATR4C	0
B077HVWC21	0
B09S7RG4P6	4
B07MMTNBWF	0
B00LPSKXBM	0
B07CFKR5MF	0
B00445AD36	0
B075P61RR9	0
B00MUBG1OG	0
B0BQPKZWJ9	1
B09TZ2PWDF	1
B007MY76UO	0
B09J1316LD	1
B0968HKS3H	0
B0BY45JSB6	1
B07V26P7QW	0
B00OA0NE2C	0
B084X2CTWV	0
B071D67MCK	0
B092VJLZRG	1
B07X9MHYPC	0
B00LCHPIG6	0
B07DWQBBMS	0
B01N141U86	0
B07K9VQ1KT	0
B07612TYT1	0
B01M4GDB1A	0
B00CBX0TT6	0
B07R4MDTKM	0
B009HVAQ6G	0
B00G0WBRRM	0
B00RL61BCC	0
B01J429K8C	0
B0912GNLZ4	0
B01DXXR3U0	0
B000PTOGN8	0
B010B6KQ7Y	0
B00CC2IU9M	0
B06ZY28XML	0
B0197O7EKS	0
B0B2FJ15C3	1
B09ZXYPLWW	1
B07BPBFSCD	0
B07J6PQXFY	0
B00NFL2K5O	0
B01N6J77NX	0
B00SK2I9YO	0
B078XTN4C4	0
B0BB79DXQ5	3
B0912DX1ZR	1
B07464QF6J	0
B088KD56CJ	0
B079163NPP	6
B08TWF1NH1	1
B08B3Q1GGT	0
B015U8HI24	0
B00GA7LGQ4	0
B00E4FL2HM	0
B09C7JQGLW	7
B087CMSFLK	0
B07788SVFG	0
B00RXK8FFC	0
B01M310J8J	0
B073Y7F5L1	0
B0746DPW48	0
B019Z344IG	0
B07L3XRD86	0
B079SN5N9L	0
B071XZ82D9	0
B07C12HB5R	0
B071RTD6WK	0
B0B53HMRQ5	3
B07CNN4SXD	0
B003HS62KY	0
B079QXG99W	0
B00CBICW8M	0
B092934TBX	1
B0BD3W6QR7	2
B0013DZYAY	0
B07Q8FVY8D	0
B0C7Q7ZMMJ	1
B09TRVP7S1	0
B07PRZQ25Y	0
B00PC2XJR2	0
B08BJMWVRH	0
B01J53ZP8O	0
B001AZJUJG	0
B0B4MS9QNH	5
B07T9KDZK2	0
B081D16G2P	1
B0084AWPB0	0
B014EJTUBW	0
B07X3DMY6J	0
B01DUVNKLG	0
B0088W594O	0
B093BRMWX3	5
B01CRF8S6S	0
B08KQJBG5T	0
B07Y2LKNGM	0
B019XHBAGI	0
B00Y7UQBBQ	0
B00NZ84SB6	0
B08BFMPJQS	0
B079RZH4N7	0
B0B6DT91Q7	0
B0052BABM4	0
B06XSGJ9LP	0
B07R4CR9TR	0
B07CNRXVWQ	0
B09WBZMVCC	1
B07WRRXZJ9	0
B08QM7SQXY	0
B00LZXI274	0
B0BF54HZ4P	3
B07VCNR123	0
B01MTN3YAJ	0
B00I91ERX8	0
B00HTDK83A	0
B08C7G8PPQ	0
B00C514Z2Q	0
B0088VSGD6	0
B00365F7B8	0
B098RP4H8H	0
B00FMBJ35K	0
B00A1MN1PS	1
B09CT6FVR4	3
B01ACF1Z5G	0
B008OYOZJ6	0
B002MUA85S	0
B07QQY8158	0
B07RD1JCZ8	0
B07214GQK7	0
B07PK2LMDM	18
B0765FLWP2	0
B083R74D8N	0
B071GZ48Q8	0
B00PC1DL94	0
B06XG627YD	0
B07QDVCZ8W	0
B08DFYGRTP	0
B00R2VDJQ2	0
B075F6J1YS	0
B00WBBFOPM	0
B07RX8WSL1	0
B00SKAWV54	0
B00HCGHX5U	0
B09NB7SY2R	2
B07VKRKXJ8	0
B072XLPWJM	7
B0C2JBR98W	4
B07XY6D8K5	0
B0BZH88YGD	1
B017BEQ7ZY	0
B0B5H9KM31	0
